CustomerID,Recency,Frequency,Monetary,Monetary_log,Frequency_log,Cluster,PC1,PC2
12346,326,1,77183.6,11.253955234248428,0.6931471805599453,1,0.552619795503,3.1489839003142035
12347,2,7,4310.0,8.368925174747135,2.0794415416798357,3,1.97504011869747,0.070224443185488
12348,75,4,1797.24,7.494563687769957,1.6094379124341003,1,0.7658438785626466,0.2353984215946574
12349,19,1,1757.55,7.472244884833674,0.6931471805599453,1,0.18910921548952817,-0.6705148899368754
12350,310,1,334.4,5.815323849389109,0.6931471805599453,2,-2.0272017311924313,1.3751222815010915
12352,36,8,2506.04,7.826858053356098,2.1972245773362196,3,1.653367200396888,0.2572057707879071
12353,204,1,89.0,4.499809670330265,0.6931471805599453,2,-2.157490336302141,0.0534002051097836
12354,232,1,1079.4,6.985086621918461,0.6931471805599453,2,-1.0786108168115516,1.0448227323309816
12355,214,1,459.4,6.132095676847728,0.6931471805599453,2,-1.4083419410204057,0.631217990640733
12356,23,3,2811.43,7.941804157314053,1.3862943611198906,1,1.0320129249570387,-0.18451518373678194
12357,33,1,6207.67,8.733701981297274,0.6931471805599453,1,0.7377432520899625,-0.16914964569370036
12358,2,2,1168.06,7.063955286074528,1.0986122886681096,1,0.44199295618135775,-0.7604549575956033
12359,58,4,6372.58,8.759916600117213,1.6094379124341003,1,1.4662448369579986,0.4669821547476675
12360,52,3,2662.06,7.887231116540211,1.3862943611198906,1,0.8651550756210192,0.052559780485995716
12361,287,1,189.9,5.251749730731702,0.6931471805599453,2,-2.191359965089059,1.00476975358438
12362,3,10,5226.23,8.56163678004062,2.3978952727983707,3,2.355100203009515,0.27927012197713474
12363,110,2,552.0,6.315358001522335,1.0986122886681096,0,-0.44585694034211254,-0.041406285756742066
12364,8,4,1313.1,7.180907299649593,1.6094379124341003,1,0.9364983179739831,-0.44444432949615276
12365,291,2,641.38,6.465180028897591,1.0986122886681096,2,-1.247667530432896,1.585617181165177
12367,4,1,168.9,5.135210028677887,0.6931471805599453,0,-0.880189160779952,-1.5037736325002267
12370,51,4,3545.69,8.173770053153254,1.6094379124341003,1,1.213709397106673,0.22969401972248812
12371,45,2,1887.96,7.543781692052325,1.0986122886681096,1,0.4685481398186524,-0.2404563630200674
12372,72,3,1298.04,7.169380809114136,1.3862943611198906,1,0.4177463858809148,0.011692214252856398
12373,311,1,364.6,5.901539839579995,0.6931471805599453,2,-1.9899132020272512,1.4097659238614801
12374,25,1,742.9300000000001,6.6119469443852195,0.6931471805599453,0,-0.26021529004787114,-0.87654570425843
12375,11,2,457.5,6.127960291696519,1.0986122886681096,0,-0.058818036085238015,-0.9630074936423532
12377,315,2,1628.12,7.395795270713971,1.0986122886681096,2,-0.9090170867328836,2.0749861591430725
12378,130,1,4008.62,8.29645175271804,0.6931471805599453,1,0.055186616464121915,0.5472977698609867
12379,82,2,852.24,6.749040867823617,1.0986122886681096,0,-0.09861043465613556,-0.15583880571557085
12380,22,4,2724.81,7.910520910634419,1.6094379124341003,1,1.2252877923733856,-0.10286937059157981
12381,5,5,1845.31,7.520944331624911,1.791759469228055,1,1.2835894949753885,-0.2869723135744319
12383,185,5,1850.56,7.523783805985769,1.791759469228055,1,0.4148014515444447,1.2871504359683565
12384,29,2,585.27,6.373780434317173,1.0986122886681096,0,-0.025734394926520195,-0.7318248336768197
12386,338,2,401.9,5.998688392197302,1.0986122886681096,2,-1.7027953684409267,1.8562597859346064
12388,16,6,2780.66,7.930803150780257,1.9459101490553132,1,1.5713940974015008,0.0012453735155534408
12390,80,1,549.84,6.311444385858925,0.6931471805599453,0,-0.6729197446471199,-0.48610923806494
12391,22,1,460.89,6.1353267674944725,0.6931471805599453,0,-0.4785762922079885,-1.0459655242083272
12393,72,4,1582.6000000000001,7.3674560152319755,1.6094379124341003,1,0.718245377320584,0.1709882601717644
12394,64,2,1272.48,7.149508589545504,1.0986122886681096,1,0.18406496185531787,-0.1928468164208911
12395,19,12,3018.63,8.012889586306857,2.5649493574615367,3,2.162164401156257,0.3289504665264905
12397,36,2,2409.9,7.7877554007552545,1.0986122886681096,1,0.6312559627888131,-0.2458189029638841
12398,46,1,1635.6599999999999,7.4004128587924045,0.6931471805599453,1,0.02348770045051655,-0.4561060938034555
12399,119,4,1108.65,7.011799929268738,1.6094379124341003,1,0.31726883747436757,0.47493097063298695
12401,303,1,84.3,4.446174454497633,0.6931471805599453,2,-2.6622915085077743,0.9025840176177122
12402,323,1,225.6,5.423186348593906,0.6931471805599453,2,-2.2816356665385253,1.3709311398884068
12403,50,1,427.7,6.0607573736039315,0.6931471805599453,0,-0.6503695196892716,-0.8236387725963804
12405,149,1,1710.39,7.445061184797548,0.6931471805599453,0,-0.4526319805049255,0.45756817021499524
12406,22,2,3415.3,8.136313373066384,1.0986122886681096,1,0.8692324086054481,-0.26346144633131297
12407,50,5,1708.1200000000001,7.4437338971514055,1.791759469228055,1,1.0283226993238477,0.08314752494279845
12408,33,5,2888.55,7.968856059639959,1.791759469228055,1,1.3670666282049169,0.09233183802986503
12409,79,3,11072.67,9.312325497408466,1.3862943611198906,1,1.4308919347480717,0.7167142334184918
12410,309,2,693.3299999999999,6.542947351813216,1.0986122886681096,2,-1.2966900211629464,1.7663090318121577
12412,75,3,1226.88,7.1130443840624835,1.3862943611198906,1,0.3757189867819565,0.020987317396634987
12413,67,3,758.1,6.632133521022722,1.3862943611198906,1,0.17943320672776444,-0.19342355680843637
12414,217,3,562.41,6.334007604663525,1.3862943611198906,2,-0.6913692883788539,1.028063716961454
12415,24,21,124914.53,11.735393027855736,3.091042453358316,3,4.437019306566165,1.7263217604728953
12417,3,9,3649.1,8.202509843461513,2.302585092994046,3,2.0926244337700135,0.12875112629571886
12418,113,1,668.58,6.506650650150935,0.6931471805599453,0,-0.7370793076679987,-0.1390275155708046
12420,64,1,600.39,6.3992436425478765,0.6931471805599453,0,-0.5526744475574367,-0.5995764866771304
12421,16,4,807.04,6.69461156224626,1.6094379124341003,1,0.6602327130585187,-0.5206268777658394
12422,96,3,803.5600000000001,6.690295544136225,1.3862943611198906,1,0.06765470708828533,0.07752221436802195
12423,1,8,1859.31,7.528498419486568,2.1972245773362196,1,1.676797389200942,-0.1383487500404552
12424,163,2,1760.96,7.474182104762846,1.0986122886681096,1,-0.13590464000962413,0.7699983677707417
12425,78,1,777.2,6.6569835605504535,0.6931471805599453,0,-0.4944298919451428,-0.39977412460626044
12426,195,1,582.73,6.369438547154207,0.6931471805599453,2,-1.2005306949234462,0.5364593724326943
12427,22,3,825.8,6.717562827807613,1.3862943611198906,1,0.43871552449407836,-0.5610740674356852
12428,26,9,7956.46,8.981865132439246,2.302585092994046,3,2.3622076004974666,0.5639342589252871
12429,9,4,3750.4,8.22988438262624,1.6094379124341003,1,1.4441662754664601,-0.12054289996807495
12430,43,1,256.4,5.5506312951620265,0.6931471805599453,0,-0.8657633833047838,-1.038086856575756
12431,36,15,6487.45,8.777778952206313,2.772588722239781,3,2.6432555175953016,0.8001970287195379
12432,43,5,5059.32,8.529185001388596,1.791759469228055,1,1.5924853515091713,0.34808433569526
12433,1,7,13375.87,9.50128237507538,2.0794415416798357,3,2.533113995664452,0.40169632754577744
12434,85,2,806.14,6.6934971352559,1.0986122886681096,0,-0.14025054531954473,-0.146305541229871
12435,80,2,7829.89,8.965831447914955,1.0986122886681096,1,0.9941230169243024,0.4927064394323668
12436,100,1,509.01,6.234430333369278,0.6931471805599453,0,-0.8072329078779491,-0.3344400696618896
12437,2,18,4951.41,8.507629605767502,2.9444389791664403,3,2.8325293652225763,0.4987064050351996
12438,14,2,2906.85,7.9751692554798295,1.0986122886681096,1,0.8291761439018831,-0.38179965838509966
12441,367,1,173.55,5.162211233551045,0.6931471805599453,2,-2.621850683420213,1.6770992153376107
12442,3,1,172.06,5.153638355178593,0.6931471805599453,0,-0.8663512638442742,-1.5069773011093905
12444,21,5,5005.46,8.518484357502437,1.791759469228055,1,1.6936120650650692,0.1525808576553303
12445,22,1,133.4,4.900820428089049,0.6931471805599453,0,-1.0817232105319567,-1.4168681029027475
12446,58,1,1002.3100000000001,6.9110598129904375,0.6931471805599453,0,-0.27360885358817755,-0.4982456507983223
12447,243,1,476.49,6.168543217293113,0.6931471805599453,2,-1.5307295585608767,0.8956397308263914
12448,44,1,449.45,6.110247083097449,0.6931471805599453,0,-0.597184321211011,-0.8612121052026483
12449,22,4,4067.29,8.310978042729836,1.6094379124341003,1,1.420940481577505,0.017446401154314218
12450,156,2,197.88,5.292701627762401,1.0986122886681096,0,-1.1678777488992527,0.0533984223143386
12451,11,5,9035.52,9.109029423519523,1.791759469228055,3,2.0304797302595343,0.24260393327559257
12452,17,2,430.57,6.067429722163682,1.0986122886681096,0,-0.11739750472299326,-0.9287513440499531
12453,134,1,707.09,6.562571204258897,0.6931471805599453,0,-0.8112784700332388,0.06132171991171266
12454,56,1,3528.34,8.168866163607964,0.6931471805599453,1,0.350590444488445,-0.13782344907714342
12455,73,6,2466.86,7.81110665732229,1.9459101490553132,1,1.237358055880058,0.46348508526801685
12456,44,3,3181.04,8.065277779528966,1.3862943611198906,1,0.9908183925005123,0.036130105609383865
12457,66,7,2363.23,7.768207666517555,2.0794415416798357,1,1.3721498686711369,0.44912598946361476
12458,71,2,947.4,6.854776354191251,1.0986122886681096,1,0.006226489468906363,-0.22021525013912108
12461,94,2,826.88,6.718868216346018,1.0986122886681096,0,-0.17136367756617538,-0.06001941758030892
12462,19,2,1189.59,7.082204261557526,1.0986122886681096,1,0.3687256934886336,-0.6063855474504043
12463,53,4,1344.78,7.204729049594601,1.6094379124341003,1,0.7305931567980615,-0.04396976817530758
12464,10,8,1212.05,7.100893128209941,2.1972245773362196,1,1.4243720657199106,-0.18815759750249458
12465,17,2,742.1899999999999,6.610951732080795,1.0986122886681096,0,0.1481528734797188,-0.7654522919344936
12468,188,2,729.5400000000001,6.593783986707386,1.0986122886681096,2,-0.6869013979040269,0.7239958850258603
12471,2,30,19824.05,9.894701568567964,3.4339872044851463,3,3.9571615956017863,1.1343624520831053
12472,32,7,6572.11,8.790742363252102,2.0794415416798357,3,2.0360995400757607,0.45916936671696884
12473,29,5,3938.5499999999997,8.278821782571185,1.791759469228055,1,1.5378448546521195,0.15049827390790982
12474,17,18,7375.79,8.906093863622669,2.9444389791664403,3,2.9546937779017086,0.7495292289323189
12475,54,1,723.38,6.585316116572351,0.6931471805599453,0,-0.41342131832748374,-0.631075611950166
12476,16,11,6816.42,8.82723638014411,2.4849066497880004,3,2.501458401855227,0.5116031755003776
12477,23,6,13219.74,9.489542087633343,1.9459101490553132,3,2.299112275503893,0.5307450702911471
12478,4,1,680.99,6.525014994979364,0.6931471805599453,0,-0.20116746948607572,-1.0862121915992409
12479,11,1,527.2,6.269474999863032,0.6931471805599453,0,-0.3598576571151163,-1.1018054707434917
12480,28,4,3281.63,8.096400209353131,1.6094379124341003,1,1.2870976226290787,0.005419655651960145
12481,23,10,5596.32,8.630043190742814,2.3978952727983707,3,2.2918356050518676,0.47463029711796223
12483,17,8,2484.98,7.8184222269860015,2.1972245773362196,3,1.7410975212216815,0.08860390894824711
12484,33,6,4541.72,8.421281230578023,1.9459101490553132,3,1.7288453980071392,0.29719416243272556
12488,10,3,1298.66,7.169857970780942,1.3862943611198906,1,0.7177065741889009,-0.5300684117270354
12489,336,1,334.93,5.816902804925467,0.6931471805599453,2,-2.1521222884006,1.602846731689432
12490,5,10,5417.93,8.597653657970227,2.3978952727983707,3,2.363028475480662,0.3075720252078983
12491,39,1,460.40000000000003,6.134265345739653,0.6931471805599453,0,-0.5612781006894455,-0.8976978470332235
12492,63,2,263.21000000000004,5.5767442414854775,1.0986122886681096,0,-0.5795115031175961,-0.6741180715266095
12493,166,2,433.74,6.0747481512447195,1.0986122886681096,2,-0.8341337202544681,0.37576509617466564
12494,16,7,1246.1000000000001,7.128576134926702,2.0794415416798357,1,1.301358308730062,-0.18006813539644348
12497,82,1,1043.1,6.950910549296065,0.6931471805599453,0,-0.3701622231872899,-0.276503368251187
12498,21,3,403.70000000000005,6.00314605188182,1.3862943611198906,0,0.09450482254589529,-0.7844581673616128
12500,23,11,4257.82,8.356747405587967,2.4849066497880004,3,2.2377498676955034,0.43142932012323576
12501,337,1,2169.39,7.682662153888476,0.6931471805599453,2,-1.2453962694415355,2.172147183495614
12502,96,5,3723.87,8.222787230875806,1.791759469228055,1,1.1865692681759972,0.7192688348278182
12504,18,2,482.04999999999995,6.180120167963518,1.0986122886681096,0,-0.06717426165222658,-0.8861535555329559
12506,233,1,73.5,4.310799125385514,0.6931471805599453,2,-2.3900307696473306,0.25008394947519896
12507,134,3,1304.81,7.174578816863813,1.3862943611198906,1,0.12055893420072687,0.5551579225834109
12508,26,2,398.27,5.989637879766574,1.0986122886681096,0,-0.1989132938053759,-0.8734601153844834
12509,284,1,176.5,5.178970608915471,0.6931471805599453,2,-2.2124149834028666,0.9566823917423565
12510,143,2,982.5699999999999,6.8911888096735625,1.0986122886681096,1,-0.3240534885616886,0.4200325852796724
12512,66,2,138.03,4.9346897371814515,1.0986122886681096,0,-0.9077051560713955,-0.8407996637210499
12513,113,1,612.29,6.418837907265026,0.6931471805599453,0,-0.7799822750895515,-0.1654105091116079
12514,267,1,1017.68,6.926262950537876,0.6931471805599453,2,-1.2765512555525445,1.3330629326450645
12515,353,1,383.7,5.95246380975825,0.6931471805599453,2,-2.1680740179720184,1.792162080076363
12516,78,2,1312.06,7.180115570136106,1.0986122886681096,1,0.13133841357203827,-0.06128565287891201
12517,28,5,2502.84,7.825580832414862,1.791759469228055,1,1.3212377051728879,0.005583424546703576
12518,1,5,2056.89,7.629436465014086,1.791759469228055,1,1.3559330915004126,-0.28933782598590224
12519,64,1,340.84,5.83434279133577,0.6931471805599453,0,-0.8286699582255059,-0.7692987276517342
12520,79,5,2634.26,7.876737127834484,1.791759469228055,1,1.0996816304045007,0.4667128639988734
12521,143,1,599.68,6.39806234681208,0.6931471805599453,0,-0.9351618830993721,0.09055916215911425
12522,39,2,192.72,5.266413817535028,1.0986122886681096,0,-0.6151073051061944,-0.9771249133794863
12523,19,11,1789.77,7.490400973937009,2.4849066497880004,3,1.8338133046139753,0.13617739146355315
12524,9,8,4485.72,8.408877201532766,2.1972245773362196,3,2.0682525552900928,0.19608069072502887
12526,1,3,1316.66,7.183612715167257,1.3862943611198906,1,0.767935542709291,-0.6045993348567311
12527,82,3,348.71000000000004,5.857104239599851,1.3862943611198906,0,-0.27174006975355663,-0.29517225555663396
12528,9,6,1933.48,7.567593835498341,1.9459101490553132,1,1.427779851372042,-0.16906214628031024
12530,60,4,1662.28,7.416546835435133,1.6094379124341003,1,0.8002415336146483,0.0808527614913474
12531,15,1,125.22,4.838026416156094,0.6931471805599453,0,-1.0785625404280934,-1.4969170252862547
12532,30,1,349.83000000000004,5.860301775655642,0.6931471805599453,0,-0.6516206377003466,-1.0586726071593768
12534,131,1,1089.18,6.9940980992041535,0.6931471805599453,0,-0.5859429999446739,0.16475111914038226
12535,92,2,716.35,6.575563866544399,1.0986122886681096,0,-0.231709751363106,-0.12055542015000358
12536,43,3,12601.830000000002,9.441676670894656,1.3862943611198906,1,1.6681245400467588,0.44092335708256375
12538,29,1,363.95,5.899760357897641,0.6931471805599453,0,-0.6275079179168291,-1.0555578180692424
12539,22,4,5568.35,8.625033629522884,1.6094379124341003,1,1.5743796769143907,0.11180316812809345
12540,20,17,13400.24,9.503102518971122,2.8903717578961645,3,3.1825113054233465,0.9309415637606336
12541,30,3,981.18,6.889774590946187,1.3862943611198906,1,0.4841791460452538,-0.43941062476599346
12544,36,1,372.7,5.923453336491439,0.6931471805599453,0,-0.6497723115164782,-0.9872566475053776
12545,75,2,1000.39,6.9091443138264115,1.0986122886681096,1,0.013451996876465441,-0.16891906273554633
12546,47,2,1161.5,7.058328137461511,1.0986122886681096,1,0.22169984749448007,-0.36882820212737333
12547,198,2,207.79999999999998,5.341376856008484,1.0986122886681096,2,-1.3471372402604205,0.43511895285210894
12548,166,1,95.19999999999999,4.566429357671661,0.6931471805599453,2,-1.9412380495475143,-0.2587188735203836
12550,79,1,964.83,6.872987835288763,0.6931471805599453,0,-0.39373026365427116,-0.32613610215532507
12551,358,1,168.0,5.1298987149230735,0.6931471805599453,2,-2.594128952680448,1.588727564056108
12552,39,2,437.82,6.084089306213804,1.0986122886681096,0,-0.21561283882165622,-0.7314575258533547
12553,8,10,3692.28,8.214270231095687,2.3978952727983707,3,2.16121462166688,0.21860714178181392
12556,50,2,603.71,6.404749004268278,1.0986122886681096,0,-0.11212443219445645,-0.5389723237856655
12557,16,5,11990.960000000001,9.391991704219834,1.791759469228055,3,2.144556027277434,0.37132077307654454
12558,8,1,269.96,5.601971208509516,0.6931471805599453,0,-0.671479309420789,-1.328575522583532
12559,311,2,561.71,6.33276439774036,1.0986122886681096,2,-1.4090484294679253,1.720641162957484
12560,5,3,2134.01,7.666226609492505,1.3862943611198906,1,0.9843906081582423,-0.42463833916350685
12561,303,1,238.85,5.480013727948073,0.6931471805599453,2,-2.1571851741618144,1.2131969648651255
12562,8,7,3781.7400000000002,8.23820389374878,2.0794415416798357,3,1.882167337855434,0.08339206933175072
12564,261,1,456.9,6.12665081966305,0.6931471805599453,2,-1.6382146018035362,1.0403802886370592
12565,289,1,145.92,4.989888220951467,0.6931471805599453,2,-2.3289671393366675,0.9435752657377763
12566,86,1,351.65,5.865476063654188,0.6931471805599453,0,-0.9198138337199068,-0.567656346689135
12567,23,10,9401.28,9.148707492038316,2.3978952727983707,3,2.545241168867526,0.6304609483561685
12569,2,32,4124.69,8.324988557507531,3.4965075614664802,3,3.2473212146289288,0.6907061419627759
12571,40,2,519.61,6.255001200981438,1.0986122886681096,0,-0.13694414642075783,-0.6713673317745664
12572,9,2,1020.42,6.928949094989139,1.0986122886681096,1,0.34219237497600136,-0.7398343289550982
12573,227,1,160.54000000000002,5.08475279001415,0.6931471805599453,2,-1.9828917776332726,0.4301729654156312
12574,316,1,218.45,5.391124416134243,0.6931471805599453,2,-2.2634601209039853,1.3001155500212607
12576,36,5,1315.83,7.182982612166326,1.791759469228055,1,0.9686068700068649,-0.11755959050482893
12577,35,3,657.8,6.490419998303485,1.3862943611198906,1,0.2648935911706049,-0.5156932084038268
12578,21,2,2794.51,7.935769837637909,1.0986122886681096,1,0.7760864857692018,-0.33245435040942456
12579,78,1,440.42,6.0899968031722285,0.6931471805599453,0,-0.77144452081119,-0.5701230678919278
12580,247,1,415.7,6.032366538428407,0.6931471805599453,2,-1.6165990866714834,0.8896875303358749
12581,40,1,197.71,5.291846475417725,0.6931471805599453,0,-0.9776958316608276,-1.1420588994527947
12582,239,2,511.36,6.239027502962935,1.0986122886681096,2,-1.1067756457318116,1.0631704250082676
12583,3,15,7281.38,8.89321301083995,2.772588722239781,3,2.8591856689875663,0.5464459705904654
12584,4,9,2338.15,7.757542894498013,2.302585092994046,3,1.8703911260756583,0.0038029418650579482
12585,234,2,2040.1,7.621244157199997,1.0986122886681096,2,-0.40728986452726285,1.4347500529057837
12586,17,1,196.94000000000003,5.2879639544685455,0.6931471805599453,0,-0.8684036574112146,-1.344254286140435
12587,8,1,144.0,4.976733742420574,0.6931471805599453,0,-0.9769536831480715,-1.5164256624057746
12588,39,1,214.89999999999998,5.3748153375207615,0.6931471805599453,0,-0.9323251479641906,-1.1258716177516082
12589,29,2,646.68,6.473396747218992,1.0986122886681096,0,0.02293548243552388,-0.7018955039067434
12590,211,2,9864.26,9.196774773912752,1.0986122886681096,1,0.4736615036313873,1.7070831371410233
12591,317,1,452.84999999999997,6.117766746972636,0.6931471805599453,2,-1.913276338433683,1.5271727698804864
12592,92,2,437.6,6.083587835983788,1.0986122886681096,0,-0.47207613689726796,-0.26836768531719685
12593,109,3,418.09999999999997,6.038109554931026,1.3862943611198906,0,-0.3138319937177562,-0.004799473729590665
12594,38,10,3338.2200000000003,8.113492525763553,2.3978952727983707,3,1.9669480963987562,0.45054048299118754
12596,51,2,618.27,6.428541364981557,1.0986122886681096,0,-0.10533442583811846,-0.5230836156088151
12597,19,4,3811.22,8.245966975595675,1.6094379124341003,1,1.403680727891597,-0.028307079182972015
12598,10,8,3023.08,8.01436219197595,2.1972245773362196,3,1.870668721482818,0.08629059323873012
12599,29,7,1032.58,6.940783782995926,2.0794415416798357,1,1.1467619707116512,-0.12286458000496789
12600,29,10,2599.04,7.863282108506616,2.3978952727983707,3,1.888210717231782,0.29670226429415947
12601,190,5,577.0600000000001,6.359677669513258,1.791759469228055,1,-0.17812133970648922,0.9811012560701676
12602,59,1,153.12,5.037731519757957,0.6931471805599453,0,-1.1937014719636323,-1.0523393883834153
12603,22,1,739.1999999999999,6.606920419952056,0.6931471805599453,0,-0.2481681937627985,-0.9042770644498439
12604,79,2,254.18,5.541969178493598,1.0986122886681096,0,-0.6738505913818107,-0.5447199122761568
12607,60,1,1579.51,7.3655028587473295,0.6931471805599453,0,-0.06124869963095805,-0.3442292496451654
12609,78,3,1126.85,7.0280684444921455,1.3862943611198906,1,0.31969908365700883,0.021677790941951693
12610,23,5,2099.54,7.6499497335130995,1.791759469228055,1,1.2596005649867326,-0.09088618343964752
12611,52,1,1193.32,7.085332264745334,0.6931471805599453,0,-0.159458130630542,-0.4983284988246586
12612,74,1,704.0400000000001,6.558254538791405,0.6931471805599453,0,-0.5233290328202203,-0.46439841880862076
12613,57,5,3344.38,8.115335568501695,1.791759469228055,1,1.3226092369892442,0.3461103162948201
12614,278,1,315.6,5.757639147446912,0.6931471805599453,2,-1.9006871028916945,1.0780987589177773
12615,2,4,2291.19,7.73726297143202,1.6094379124341003,1,1.237324726059243,-0.3297317754572934
12616,95,2,713.3,6.571303042160927,1.0986122886681096,0,-0.2482943989262478,-0.09561440741600635
12617,29,1,355.53,5.876418387786464,0.6931471805599453,0,-0.6389121828369647,-1.0625708212671146
12618,22,1,177.31,5.183523608545955,0.6931471805599453,0,-0.9436019659095182,-1.3319310432137044
12619,16,9,3641.24,8.200354155974704,2.302585092994046,3,2.028725225862126,0.2417284880620244
12620,15,3,1339.41,7.20073081629489,1.3862943611198906,1,0.7086186871752187,-0.47709085214498814
12621,2,20,13689.67,9.524469857917655,3.044522437723423,3,3.4207042325509747,0.8489672923160725
12622,232,1,180.1,5.199049364889367,0.6931471805599453,2,-1.9512210523391589,0.5082148566715868
12623,276,1,305.1,5.723911845951367,0.6931471805599453,2,-1.9074967492963797,1.0504847499297605
12624,106,2,641.13,6.464790775403018,1.0986122886681096,0,-0.35351083726167004,-0.03147134360836374
12625,212,2,2683.82,7.895368965589599,1.0986122886681096,1,-0.16700502086156258,1.3248212627834266
12626,23,9,6620.48,8.798074188898816,2.302585092994046,3,2.2869151627122224,0.48249383146603786
12627,11,7,4478.53,8.407273409191232,2.0794415416798357,3,1.950267277953789,0.16040950156666264
12628,4,3,786.46,6.668812575758953,1.3862943611198906,1,0.5019149832262756,-0.7330478531629673
12630,10,2,1270.88,7.1482513998271635,1.0986122886681096,1,0.44450333293581695,-0.6652054263202785
12631,57,1,640.5,6.463809184055691,0.6931471805599453,0,-0.48728929166120855,-0.6413607316874113
12633,59,4,2163.98,7.6801664025186325,1.6094379124341003,1,0.9338733404210271,0.15131583763883055
12635,90,2,1689.18,7.432590311121191,1.0986122886681096,1,0.19667915875628453,0.11945403366174742
12637,67,8,6021.9,8.70332414988414,2.1972245773362196,3,1.9317216619693902,0.7914885590891036
12638,33,1,671.69,6.511284599453549,0.6931471805599453,0,-0.3480706901326948,-0.8368662151024476
12639,239,1,486.1,6.188469440812497,0.6931471805599453,2,-1.5016569067863272,0.8666649388133727
12640,24,3,1174.58,7.06951692181073,1.3862943611198906,1,0.601002306254347,-0.43785006910767016
12641,115,1,185.9,5.230573714461517,0.6931471805599453,0,-1.3702051270028233,-0.5049390427827575
12642,25,3,1013.26,6.9219145615400475,1.3862943611198906,1,0.5240534167632469,-0.47345623135666126
12643,128,6,3344.64,8.11541328460481,1.9459101490553132,1,1.1201472613379204,1.035634094746302
12644,130,1,477.91,6.171512688316606,0.6931471805599453,0,-0.9830020160359134,-0.0911318221122679
12645,34,4,1775.18,7.482220269767765,1.6094379124341003,1,0.9580198173525494,-0.1266659724284278
12646,5,2,1346.97,7.206355036031724,1.0986122886681096,1,0.49706275917033005,-0.691450351602168
12647,22,12,3722.82,8.222505302105255,2.5649493574615367,3,2.2500741348650792,0.4181498453324698
12648,155,1,318.05,5.765347830314356,0.6931471805599453,0,-1.302301033515646,0.005347214631129264
12649,107,3,623.51,6.4369673422476765,1.3862943611198906,1,-0.10929208694344396,0.09755500737736801
12650,3,1,314.44,5.753968489569372,0.6931471805599453,0,-0.5730459490176167,-1.3266104712227578
12651,335,1,114.0,4.74493212836325,0.6931471805599453,2,-2.671024303321255,1.2720369673216587
12652,331,1,919.98,6.82543832049292,0.6931471805599453,2,-1.6352071591482467,1.8621553298498477
12653,149,2,2209.85,7.701132335950876,1.0986122886681096,1,0.042657502322702316,0.715819256439243
12654,11,5,601.98,6.401884028681278,1.791759469228055,1,0.7078405908461071,-0.5707472629036261
12656,17,5,4051.17,8.30700781907883,1.791759469228055,1,1.6096274903981642,0.05408201511130808
12657,11,4,1643.18,7.4049970586737315,1.6094379124341003,1,1.0314796837098212,-0.3508962812786031
12658,19,1,686.05,6.532407069777784,0.6931471805599453,0,-0.2700705098639351,-0.9528854683874083
12659,30,1,91.68,4.529152699564175,0.6931471805599453,0,-1.3019846232437962,-1.4586111163344808
12660,11,1,245.1,5.50573795739701,0.6931471805599453,0,-0.7329992351446822,-1.3312672640555696
12662,1,11,3849.78,8.256031004164345,2.4849066497880004,3,2.2948972795448848,0.20888096144716686
12664,8,9,4881.88,8.49349048870337,2.302585092994046,3,2.2106182901465488,0.2598770522150979
12665,325,1,63.0,4.1588830833596715,0.6931471805599453,2,-2.9090091840619015,1.008556965700197
12667,58,1,620.13,6.431540399799522,0.6931471805599453,0,-0.5078892676376636,-0.64231537422494
12668,12,4,3807.15,8.244898785891763,1.6094379124341003,1,1.4369989907676386,-0.08981072082874558
12669,151,3,2744.0299999999997,7.917547282845659,1.3862943611198906,1,0.4013703128167407,0.926966455871219
12670,10,5,2996.05,8.005383750527514,1.791759469228055,1,1.4961021556963479,-0.09772245930293945
12672,330,1,225.89999999999998,5.424509391785796,0.6931471805599453,2,-2.314829414787957,1.4325113512631988
12673,5,2,610.52,6.415947661051908,1.0986122886681096,0,0.11089076699633962,-0.9289251415172186
12674,39,4,1970.6,7.586600674831223,1.6094379124341003,1,0.9848457661780217,-0.05160335542692827
12676,25,6,1331.39,7.194729601037682,1.9459101490553132,1,1.1682593983946172,-0.14124155007973682
12678,42,12,17628.46,9.777326645314199,2.5649493574615367,3,2.9130322846366745,1.0600975460927908
12679,59,4,1113.02,7.015730373647435,1.6094379124341003,1,0.6092475929096027,-0.048311356340992186
12680,1,4,862.81,6.761352837213469,1.6094379124341003,1,0.765355333708203,-0.6316805273468232
12681,15,22,13787.54,9.531593091360708,3.1354942159291497,3,3.444393514266078,1.005413145739135
12682,4,31,12288.22,9.416477734313304,3.4657359027997265,3,3.7428313537007676,1.0223601078292361
12683,4,15,8476.57,9.045179131116987,2.772588722239781,3,2.9285979605628776,0.6008439811707792
12684,8,7,2283.63,7.733959364615189,2.0794415416798357,1,1.6358068906704273,-0.06810621802275574
12685,28,6,2863.08,7.960002460651312,1.9459101490553132,1,1.527648413528815,0.11490283413650841
12686,372,1,89.14,4.501364017262502,0.6931471805599453,2,-2.968894569768802,1.5222522004579544
12688,114,1,4873.8099999999995,8.491836408313453,0.6931471805599453,1,0.22799527409380874,0.46615413159452646
12689,26,2,1247.61,7.1297862115656185,1.0986122886681096,1,0.3581328150773158,-0.5309070292965813
12690,206,1,389.01,5.966172379820607,0.6931471805599453,2,-1.4507331855128007,0.5114438929037647
12691,28,6,1035.8,6.94389432559801,1.9459101490553132,1,1.0312050411630749,-0.19038286225381038
12693,127,4,855.91,6.753332895580138,1.6094379124341003,1,0.15231426933937722,0.46719866114384817
12694,70,2,869.67,6.769263030204804,1.0986122886681096,1,-0.030718735703179262,-0.2546477791995057
12695,7,4,582.1,6.368358698228111,1.6094379124341003,1,0.5443430196734336,-0.6973117507842629
12697,29,3,957.59,6.865463454791294,1.3862943611198906,1,0.4771356798249004,-0.45545519698575426
12700,8,4,4939.99,8.505320994961897,1.6094379124341003,1,1.5835715758548699,-0.04652943900953861
12701,80,2,797.71,6.682997926190526,1.0986122886681096,0,-0.12120864215643612,-0.1931619217989384
12702,20,1,219.0,5.393627546352361,0.6931471805599453,0,-0.8312821628478544,-1.286286914485792
12703,71,1,283.55,5.650908985049133,0.6931471805599453,0,-0.9521309824258164,-0.7632279857026288
12704,7,8,2340.84,7.758692224146705,2.1972245773362196,3,1.760258106813352,-0.016745604620208562
12705,15,9,6868.29,8.834816031986259,2.302585092994046,3,2.3435407080166843,0.42360967870591043
12707,292,1,603.42,6.404269320519532,0.6931471805599453,2,-1.6524411261245373,1.394741669984192
12708,30,10,2712.91,7.906145678459555,2.3978952727983707,3,1.904318408491344,0.31832084234694547
12709,15,15,9736.52,9.18374174409217,2.772588722239781,3,2.9431185812860785,0.7386188295750151
12710,97,3,1149.02,7.047534612510416,1.3862943611198906,1,0.23735789398593737,0.1935936755861919
12712,29,13,4396.13,8.388707334356674,2.639057329615259,3,2.365094674096321,0.5624068360844412
12713,1,1,848.55,6.744706797531768,0.6931471805599453,0,-0.07932898365047082,-1.0464278134761915
12714,9,5,4708.86,8.45741346257719,1.791759469228055,1,1.7217861413291662,0.02934770454390828
12715,106,1,353.86,5.871723345495433,0.6931471805599453,0,-1.0134477265296489,-0.3909716375609231
12716,4,2,1053.49,6.960812516706486,1.0986122886681096,1,0.38193153127836915,-0.7739630235690181
12717,151,2,1030.98,6.939234566008755,1.0986122886681096,1,-0.3392540709708767,0.5043908391143324
12718,71,1,238.25,5.477509030333064,0.6931471805599453,0,-1.0368495820685568,-0.8153253207237369
12719,5,2,644.95,6.47072210140631,1.0986122886681096,0,0.1376520997235488,-0.9124683761483374
12720,3,25,5781.73,8.662631168498326,3.258096538021482,3,3.189786536610831,0.6942775018071125
12721,32,6,2656.13,7.885001871924596,1.9459101490553132,1,1.4716678937319352,0.12733074953713486
12722,85,4,997.63,6.906384339674138,1.6094379124341003,1,0.4301320401373845,0.14608611662777543
12723,4,5,725.07,6.587646428909592,1.791759469228055,1,0.8324393040279315,-0.5761183879531404
12724,5,4,1031.41,6.9396511539657,1.6094379124341003,1,0.833129912915548,-0.5431499511304858
12725,371,1,427.8,6.060990609756592,0.6931471805599453,2,-2.2020682474291187,1.9820954947437983
12726,28,7,2609.1,7.867143813759015,2.0794415416798357,1,1.6041911170355125,0.14671626422322567
12727,11,7,3980.7,8.2894641427604,2.0794415416798357,3,1.8927088080378007,0.12501417039781745
12728,71,4,836.33,6.7302182580203365,1.6094379124341003,1,0.4117422883759355,-0.029207706855654204
12729,114,1,453.01,6.118119224230488,0.6931471805599453,0,-0.9317397218737613,-0.24701986886598679
12731,24,12,18895.91,9.846753695617958,2.5649493574615367,3,3.0339700258340967,0.9236296664808009
12732,180,1,236.26000000000002,5.469156586232957,0.6931471805599453,2,-1.5678698722056463,0.13486739153686345
12733,234,1,383.95,5.953113455724059,0.6931471805599453,2,-1.5924740356861031,0.7522512234605595
12734,353,1,110.39999999999999,4.713127327493184,0.6931471805599453,2,-2.773580815454048,1.4198083039397595
12735,315,2,779.5699999999999,6.660024422032584,1.0986122886681096,2,-1.2684951273142926,1.8539266988607177
12736,333,1,234.0,5.459585514144159,0.6931471805599453,2,-2.3121950778499425,1.469270995071654
12738,372,1,155.35,5.05209708390385,0.6931471805599453,2,-2.6998210613056357,1.6877177862304373
12739,78,2,1013.04,6.921697631104842,1.0986122886681096,1,0.005082291111454644,-0.1389263072102268
12740,64,1,427.6,6.060524083039477,0.6931471805599453,0,-0.7181638030774249,-0.7013434473364105
12743,134,2,546.43,6.305234599635373,1.0986122886681096,0,-0.5668263428805728,0.16532146334329076
12744,52,7,21279.29,9.965536571182271,2.0794415416798357,3,2.513386552967432,0.9869394079954937
12747,2,11,4196.01,8.342127645985029,2.4849066497880004,3,2.332127498275037,0.24348874605870632
12748,1,209,33719.73,10.425868060754532,5.3471075307174685,3,5.968142769405364,2.1407163430328398
12749,4,5,4090.88,8.316759801128319,1.791759469228055,1,1.6772380455141738,-0.05661306980320162
12750,129,1,275.88,5.623584199327089,0.6931471805599453,0,-1.2458709751373038,-0.26449517044219917
12752,81,1,4366.78,8.38201014985595,0.6931471805599453,1,0.33386923400500007,0.14472449635351525
12753,23,6,21429.39,9.972565287088774,1.9459101490553132,3,2.535104546204457,0.6758674925328466
12754,236,3,3010.74,8.010273263812737,1.3862943611198906,1,0.03575762710183612,1.6977584983394582
12755,281,2,3811.95,8.246158446737232,1.0986122886681096,2,-0.32918583483364533,2.0333012795449372
12756,87,1,112.07999999999998,4.72809553282539,0.6931471805599453,0,-1.4803419761810543,-0.9006374709591902
12757,16,13,7857.1,8.969300125921881,2.639057329615259,3,2.711602845306219,0.6232186292758508
12758,117,2,2791.59,7.934724759609325,1.0986122886681096,1,0.31148237648973937,0.5063088016721794
12759,52,3,1531.44,7.334616515331031,1.3862943611198906,1,0.5951622994796857,-0.11347110495392168
12762,8,2,1898.52,7.549356501658852,1.0986122886681096,1,0.650141217728535,-0.562175748398076
12763,138,2,494.08,6.204719365671822,1.0986122886681096,0,-0.6352726387982445,0.17008360384204566
12764,317,1,1693.88,7.435367220848186,0.6931471805599453,2,-1.2695318390874963,1.9230406547589112
12766,4,7,6989.63,8.852325959921869,2.0794415416798357,3,2.2015482528909938,0.2329410833575967
12769,239,1,1143.6,7.042810509975002,0.6931471805599453,2,-1.0842486144067593,1.12334835591882
12770,211,1,1351.45,7.209673041460572,0.6931471805599453,2,-0.8673634179772223,0.9287507148323665
12772,60,1,892.47,6.795112758210396,0.6931471805599453,0,-0.33992611132172723,-0.5156007140094647
12775,17,5,1386.04,7.23492725912033,1.791759469228055,1,1.0858374819601058,-0.26802037639871046
12778,20,6,822.23,6.713235627004493,1.9459101490553132,1,0.9571858035896219,-0.32960645701430913
12779,38,8,3981.36,8.289629887368429,2.1972245773362196,3,1.8697965784717097,0.413724523644523
12781,64,2,826.74,6.718699095412067,1.0986122886681096,0,-0.02641708305377351,-0.3222818360718146
12782,5,5,2330.92,7.754447241564618,1.791759469228055,1,1.3976727977939425,-0.21681728183032528
12783,2,6,2225.91,7.708370253328926,1.9459101490553132,1,1.530399611684305,-0.1879491329692678
12784,9,2,574.42,6.355100208942306,1.0986122886681096,0,0.061825092804336984,-0.9122449718345846
12785,364,1,311.95,5.74604343337071,0.6931471805599453,2,-2.322102897779153,1.8262881449336703
12787,10,3,463.66,6.141305955347142,1.3862943611198906,0,0.2151834532921774,-0.8390928230795752
12789,65,1,91.85,4.530985287798715,0.6931471805599453,0,-1.4702900290196759,-1.1521469811671812
12790,192,1,324.92,5.786651952478496,0.6931471805599453,2,-1.4707617812399048,0.33514226943914915
12791,374,1,192.60000000000002,5.265794174842477,0.6931471805599453,2,-2.6050829689876727,1.7694030112671948
12792,257,1,400.53999999999996,5.995307154825432,0.6931471805599453,2,-1.6830483886477463,0.9659570530806465
12793,335,2,545.48,6.303497710423594,1.0986122886681096,2,-1.5393707314164795,1.921617387173475
12794,53,2,860.41,6.758570581561217,1.0986122886681096,1,0.046240444747228056,-0.40644686054909807
12795,19,1,430.48,6.067221159507229,0.6931471805599453,0,-0.4973479561365472,-1.0926487471849557
12797,366,1,254.03,5.541381185297377,0.6931471805599453,2,-2.4317640361679738,1.7822789505029963
12798,10,3,6977.04,8.85052335403181,1.3862943611198906,1,1.538834918600445,-0.025119101486616783
12802,187,1,427.58,6.060477418394936,0.6931471805599453,2,-1.312806414415411,0.3737101202174873
12808,37,3,483.65000000000003,6.183426980938617,1.3862943611198906,0,0.10523636432294577,-0.5904472803604393
12809,178,1,489.31,6.1950378441253156,0.6931471805599453,2,-1.2035550074571648,0.3354747893429359
12811,261,3,514.85,6.245816025546385,1.3862943611198906,2,-0.9471668714214336,1.386143926828417
12812,45,1,229.64000000000001,5.440858053330147,0.6931471805599453,0,-0.9290642804615333,-1.0535870219465577
12814,102,1,125.92,4.843556966714995,0.6931471805599453,0,-1.4964452059621625,-0.7348417334658436
12815,148,2,1063.46,6.970222907300612,1.0986122886681096,1,-0.30961107049112846,0.48748000380995704
12816,96,2,572.2,6.351234695954017,1.0986122886681096,0,-0.36064823912970667,-0.15299269038519178
12817,281,1,166.04,5.118233304694273,0.6931471805599453,2,-2.227586690354366,0.912212946678563
12818,262,1,1542.08,7.341535698070348,0.6931471805599453,2,-1.0494885141534487,1.4141280633693036
12820,3,4,942.34,6.849426769082011,1.6094379124341003,1,0.79871729627722,-0.5877382868177636
12821,214,1,92.72,4.540311613639595,0.6931471805599453,2,-2.1860452396714223,0.15297272374892273
12822,71,2,948.88,6.856335660826602,1.0986122886681096,1,0.006988325161291029,-0.21974676258780917
12823,75,5,1759.5,7.473353138595107,1.791759469228055,1,0.9219361864182144,0.3105561819556038
12824,60,1,397.12,5.986753467377863,0.6931471805599453,0,-0.7348689314606782,-0.7584690865005962
12826,3,7,1474.72,7.296901285267718,2.0794415416798357,1,1.4464434905296149,-0.24312053500939435
12827,6,3,430.15000000000003,6.066456057398334,1.3862943611198906,0,0.19795101632836515,-0.8965427283659199
12828,3,6,1018.71,6.927273552128017,1.9459101490553132,1,1.143942259327177,-0.413886180641261
12829,337,2,293.0,5.683579767338681,1.0986122886681096,2,-1.851914742714111,1.752846250919546
12830,38,6,6814.64,8.826975250212882,1.9459101490553132,3,1.9028851539041305,0.46278527092345934
12831,262,1,215.05,5.3755098623779425,0.6931471805599453,2,-2.0100363755069166,0.8234433265137818
12832,32,2,383.03,5.950720674536128,1.0986122886681096,0,-0.24693304828250692,-0.8327103154169224
12833,145,1,417.38,6.0363901104609745,0.6931471805599453,0,-1.1215339200498247,-0.0006230662804857425
12834,283,1,312.38,5.7474165116762626,0.6931471805599453,2,-1.929853147548361,1.1187293426321376
12836,59,4,2612.86,7.868583334984023,1.6094379124341003,1,1.0259288354388083,0.20792496461566257
12837,173,1,134.1,4.906015244966153,0.6931471805599453,2,-1.809165581260343,-0.0955089198353242
12838,34,2,683.13,6.528147958043258,1.0986122886681096,0,0.025513928750246162,-0.6417437832970015
12839,3,14,5591.42,8.629167388389371,2.70805020110221,3,2.6712578852990583,0.4382542242120475
12840,144,4,2726.77,7.911239704558553,1.6094379124341003,1,0.635853471121833,0.9636737890890326
12841,5,25,4022.35,8.299870167916959,3.258096538021482,3,3.002882558454974,0.6027681584328184
12842,70,2,1118.99,7.0210750356778515,1.0986122886681096,1,0.09230990355937568,-0.17899185164780904
12843,66,8,1702.26,7.440299340765267,2.1972245773362196,1,1.3194756863039847,0.4032773313399286
12844,29,2,325.96000000000004,5.789837839256022,1.0986122886681096,0,-0.3110331944927225,-0.9072680917665327
12845,267,4,354.09,5.872371278471126,1.6094379124341003,2,-0.9549031520878032,1.4261713699465173
12847,22,1,871.54,6.771408498297927,0.6931471805599453,0,-0.16780369956090874,-0.8548572676650359
12849,31,2,1050.8899999999999,6.958343825092948,1.0986122886681096,1,0.25019909405884483,-0.5387142861692944
12851,97,1,135.18,4.9139775400548205,0.6931471805599453,0,-1.437868052285356,-0.75738608338472
12852,295,1,311.55,5.744764456377822,0.6931471805599453,2,-1.989160560132497,1.2228171857475285
12853,135,6,1957.1000000000001,7.579729894309281,1.9459101490553132,1,0.8245864719973279,0.9358728333410463
12854,79,3,1324.5,7.18954502572908,1.3862943611198906,1,0.3937579331613512,0.07893318214640868
12855,373,1,38.1,3.66612246699132,0.6931471805599453,2,-3.3818056533198746,1.280047545644424
12856,8,6,2179.93,7.687506670317465,1.9459101490553132,1,1.4912003761939057,-0.14177519314753534
12857,211,2,1106.4,7.009770204388867,1.0986122886681096,2,-0.594850681655632,1.050006208039491
12863,52,1,521.2,6.258050656265029,0.6931471805599453,0,-0.563645891206411,-0.7468820072980109
12864,138,1,147.12,4.998022756045412,0.6931471805599453,0,-1.5950124022412797,-0.37377916590749644
12865,26,2,1568.23,7.358340332174572,1.0986122886681096,1,0.469798271231983,-0.4622388418606828
12866,283,1,559.12,6.3281510464875765,0.6931471805599453,2,-1.6461217207786554,1.2932087516258268
12867,26,7,4036.82,8.30346022135619,2.0794415416798357,3,1.8270323080282171,0.26032504060020534
12868,186,6,1607.0600000000002,7.3827837624756185,1.9459101490553132,1,0.48181415908585645,1.3224608734408982
12871,84,2,380.64,5.9444777558836455,1.0986122886681096,0,-0.5013671577264551,-0.38008585739071404
12872,327,2,599.97,6.398545016483998,1.0986122886681096,2,-1.4542586897765424,1.8802508816528576
12873,282,1,374.0,5.926926025970411,0.6931471805599453,2,-1.837315272397608,1.1639218839286456
12875,143,2,343.2300000000001,5.841310038608051,1.0986122886681096,0,-0.8369962942559079,0.10460063400085146
12876,58,2,2218.02,7.704820935960926,1.0986122886681096,1,0.4843816289535686,-0.07844772538881205
12877,4,12,1535.77,7.337438090181038,2.5649493574615367,3,1.9046714009718764,-0.005092084690547559
12878,236,2,854.99,6.752258693830513,1.0986122886681096,2,-0.8415216327193499,1.1911475588906097
12879,45,3,573.22,6.353012598149689,1.3862943611198906,1,0.14941692091715644,-0.46957285291525225
12881,276,1,298.0,5.700443573390686,0.6931471805599453,2,-1.9189627222294787,1.0434337996572391
12882,9,2,1463.04,7.288955016552379,1.0986122886681096,1,0.5180816800676449,-0.6316719644609816
12883,25,4,703.47,6.5574457470395595,1.6094379124341003,1,0.5497083821925397,-0.4831743259215976
12884,88,1,309.05,5.736733574795887,0.6931471805599453,0,-0.992382599758093,-0.5888557477895642
12885,63,3,1175.22,7.0700611857921905,1.3862943611198906,1,0.4127302298946815,-0.09681145833022349
12886,68,2,1378.4,7.229403900997191,1.0986122886681096,1,0.20376245348008654,-0.1338810364735069
12888,214,2,354.12,5.87245576052578,1.0986122886681096,2,-1.165015150618552,0.7345257131233593
12890,24,1,380.46999999999997,5.944032210673093,0.6931471805599453,0,-0.5817063326782635,-1.0859584483305569
12891,186,3,331.0,5.805134968916488,1.3862943611198906,2,-0.7998988426117958,0.5982140180869877
12893,31,1,188.14,5.242487481587366,0.6931471805599453,0,-0.9583025546992405,-1.2355520972249063
12895,42,2,372.8,5.923720895021463,1.0986122886681096,0,-0.3084674956227493,-0.7534184241529285
12897,205,2,216.5,5.382198850528739,1.0986122886681096,2,-1.3610328528824516,0.5085664689427865
12901,9,28,17654.54,9.778804894130932,3.367295829986474,3,3.8058097866980356,1.1309014722411763
12902,265,1,138.68,4.939354092091292,0.6931471805599453,2,-2.237633390804567,0.7186231998779083
12904,18,2,509.58,6.235547334435847,1.0986122886681096,0,-0.04009402432811841,-0.8695006811668241
12906,12,5,2919.81,7.979616254055095,1.791759469228055,1,1.4738442283630422,-0.08798342858020192
12908,176,2,750.0,6.621405651764134,1.0986122886681096,2,-0.6153944990177559,0.6274100630445285
12909,40,5,2178.67,7.68692876817782,1.791759469228055,1,1.1954843103649127,0.06881059938712551
12910,23,8,3075.04,8.031398334442155,2.1972245773362196,3,1.8161461305461588,0.20503406490032072
12912,3,5,1662.3,7.416558859796489,1.791759469228055,1,1.2422581484138535,-0.3358152921884093
12913,5,5,2483.63,7.817879034084852,1.791759469228055,1,1.4286638822145952,-0.19775944902219605
12915,149,2,363.65,5.898937989430242,1.0986122886681096,0,-0.8378466568121349,0.17435704673123154
12916,139,4,3006.15,8.008748065349305,1.6094379124341003,1,0.7076649963071002,0.9492678584686053
12917,128,1,594.0,6.38856140554563,0.6931471805599453,0,-0.8672891787114938,-0.043401161696269286
12919,8,6,1335.19,7.197577559553778,1.9459101490553132,1,1.2518340611560734,-0.28897246930509285
12920,17,1,164.23,5.1073384426629,0.6931471805599453,0,-0.9566524718067208,-1.398522511396354
12921,9,37,16587.09,9.716440246960428,3.6375861597263857,3,4.022108682410969,1.2330324407614885
12922,161,1,405.38,6.007288682454868,0.6931471805599453,2,-1.213101021368219,0.13047971430695235
12923,64,1,176.97,5.181614996761894,0.6931471805599453,0,-1.147575374289426,-0.9654082286443126
12924,88,4,933.7,6.840225622188537,1.6094379124341003,1,0.38330573055630923,0.15243015060637127
12925,5,2,694.05,6.5439837854231016,1.0986122886681096,0,0.17344580732592046,-0.8904571910665249
12928,35,5,2062.7000000000003,7.632255767200078,1.791759469228055,1,1.1929440752982075,0.008682376618447113
12929,312,1,117.85,4.777862193806203,0.6931471805599453,2,-2.543746479805035,1.080901777560856
12930,78,2,415.8,6.032606490439157,1.0986122886681096,0,-0.4293039606917766,-0.4060502467487566
12931,22,15,42055.96,10.646780168946005,2.772588722239781,3,3.6240800380563027,1.2393656835746096
12933,24,3,607.53,6.411046212773516,1.3862943611198906,1,0.279291055137017,-0.6356850061840356
12935,2,7,2160.7,7.678650228164007,2.0794415416798357,1,1.637790164170403,-0.1371659520871234
12936,17,4,1063.9,6.970636177021338,1.6094379124341003,1,0.7902566809452236,-0.42895598000016466
12937,15,4,1504.27,7.316727563085719,1.6094379124341003,1,0.9690163294167062,-0.34245495680442045
12938,26,1,114.14,4.7461487792476635,0.6931471805599453,0,-1.1766288883891105,-1.4283770444469637
12939,64,8,11581.8,9.357276518099342,2.1972245773362196,3,2.265728294349541,0.9617448177431234
12940,55,2,913.54,6.818421206622862,1.0986122886681096,1,0.06581325129320638,-0.37098420164697726
12942,131,3,683.9,6.529272842203859,1.3862943611198906,1,-0.18021745607195344,0.33505711754285944
12944,36,2,604.51,6.406071078133402,1.0986122886681096,0,-0.04379819828360481,-0.6609405283813121
12945,288,1,462.95,6.139776787799188,0.6931471805599453,2,-1.7623279036082855,1.2803143802795185
12947,144,6,1603.99,7.380872805015112,1.9459101490553132,1,0.6839214276610097,0.9547904843009339
12948,16,7,2064.95,7.63334544803145,2.0794415416798357,1,1.5479751513865914,-0.028412178759935923
12949,31,8,4167.22,8.335244365149629,2.1972245773362196,3,1.925922749362503,0.3662465060055904
12950,2,3,1843.0,7.519692404116539,1.3862943611198906,1,0.927300820366292,-0.4948851260412117
12951,9,6,1064.07,6.970795803683085,1.9459101490553132,1,1.1362002277918606,-0.34836776982748785
12952,6,4,1387.79,7.236188143419333,1.6094379124341003,1,0.9731756807557759,-0.44531619099580416
12953,10,1,329.85,5.801665100458068,0.6931471805599453,0,-0.5835828071764817,-1.2510975036579162
12955,1,11,4757.16,8.46761631787212,2.4849066497880004,3,2.398272228584773,0.2724509375283577
12956,306,1,108.07,4.691989877940651,0.6931471805599453,2,-2.55669556176533,1.0026594563391396
12957,10,8,4017.54,8.298673931566155,2.1972245773362196,3,2.0095758652563767,0.17171093819855623
12962,7,2,266.39,5.588708266810736,1.0986122886681096,0,-0.30294498365969574,-1.1599851931035396
12963,8,8,1856.63,7.527056760684021,2.1972245773362196,1,1.642252881190461,-0.07759918251602342
12965,89,1,771.91,6.65016261231351,0.6931471805599453,0,-0.550939807170661,-0.30567919588500264
12966,10,1,160.18,5.0825217528963655,0.6931471805599453,0,-0.9349370935578141,-1.4671612965664562
12967,358,2,1660.9,7.415716805133478,1.0986122886681096,2,-1.107159174505441,2.4568081422503734
12968,112,1,135.95,4.919615895709087,0.6931471805599453,0,-1.507627913129533,-0.6245862581985266
12970,7,4,452.24,6.116421786512366,1.6094379124341003,1,0.42125335454737595,-0.7730052059257598
12971,4,86,11189.91,9.322857120608939,4.465908118654584,3,4.6102241080646165,1.4414882562979991
12974,198,1,144.8,4.982235819574558,0.6931471805599453,2,-1.8927839239339659,0.14590092460735754
12976,212,1,738.6,6.60610949951297,0.6931471805599453,2,-1.1670827970360336,0.7561528072433095
12977,156,1,39.239999999999995,3.6948615257914836,0.6931471805599453,2,-2.3187198052180693,-0.6079818727157885
12980,158,9,7374.900000000001,8.905973207660795,2.302585092994046,3,1.6870002483267785,1.6948638981365574
12981,30,2,372.21999999999997,5.922168058105326,1.0986122886681096,0,-0.2512144813840508,-0.8587696106111088
12982,243,1,390.54,5.970087681348397,0.6931471805599453,2,-1.6276896478764467,0.8360145448807849
12984,19,1,97.5,4.590056548178043,0.6931471805599453,0,-1.2190512433059986,-1.5364570501556913
12985,1,2,1239.38,7.123173063265281,1.0986122886681096,1,0.4757594923621598,-0.7514035960266686
12987,74,2,558.7,6.327400925897314,1.0986122886681096,0,-0.26593802124084476,-0.35244196457657745
12988,292,1,535.32,6.284730997853663,0.6931471805599453,2,-1.7108443668663063,1.3588268506638388
12989,3,15,6924.110000000001,8.842909215405916,2.772588722239781,3,2.834608574299944,0.5313323929205555
12990,31,3,409.5,6.017375928892483,1.3862943611198906,0,0.053114087297714496,-0.6927789878060943
12991,23,2,503.76,6.22408306878471,1.0986122886681096,0,-0.06986669627555762,-0.8292431402710848
12993,23,4,414.76,6.030108170700187,1.6094379124341003,1,0.30173390202240574,-0.659091602349954
12994,4,3,974.4200000000001,6.882868147474188,1.3862943611198906,1,0.606496834537222,-0.6687356977702883
12995,85,1,211.32,5.358094570583897,0.6931471805599453,0,-1.1628726105197997,-0.7288375094241375
12997,22,4,1226.89,7.113052528147638,1.6094379124341003,1,0.8356659799901769,-0.3424656124659421
12999,196,3,455.88,6.124420774356607,1.3862943611198906,2,-0.6922473759079801,0.7815460526250088
13000,107,3,534.85,6.283854271159006,1.3862943611198906,0,-0.18409905555466116,0.05155278682501204
13001,4,13,9818.82,9.192158071241616,2.639057329615259,3,2.878496990921713,0.5852907805205819
13002,318,1,120.94999999999999,4.803611124661929,0.6931471805599453,2,-2.5601720824699696,1.1410802640105921
13003,106,3,149.05,5.010968571886377,1.3862943611198906,0,-0.8011627995200937,-0.33962110662259315
13004,12,18,5655.91,8.640633085723934,2.9444389791664403,3,2.8491682490280152,0.6260706468761253
13005,174,2,513.7,6.243584206658709,1.0986122886681096,2,-0.7903193795909277,0.49641432072331465
13006,56,1,81.57,4.413646418429337,0.6931471805599453,0,-1.4841099087107743,-1.2660644654187703
13008,323,1,229.46999999999997,5.440120702122399,0.6931471805599453,2,-2.27336199242403,1.3760189998626746
13011,372,1,50.550000000000004,3.942552210462969,0.6931471805599453,2,-3.2419151355088847,1.354359388950271
13012,9,8,1661.8400000000001,7.4162822628986245,2.1972245773362196,1,1.5832971044582291,-0.10214055819601618
13013,1,13,4810.9400000000005,8.478855608188903,2.639057329615259,3,2.544499327398466,0.34476069773392637
13014,11,10,3466.2799999999997,8.151125703889235,2.3978952727983707,3,2.1158609651780407,0.22585677738555035
13015,53,5,3346.28,8.115903354718549,1.791759469228055,1,1.3422238718789128,0.31131935786303583
13016,73,3,789.89,6.673158893621945,1.3862943611198906,1,0.17047126663501483,-0.12865532346548694
13017,7,1,204.0,5.3230099791384085,0.6931471805599453,0,-0.8029380289870632,-1.4211287146651872
13018,16,28,7277.7,8.892707553816384,3.367295829986474,3,3.339046074095426,0.9258597165007116
13021,4,9,2616.38,7.869929096421559,2.302585092994046,3,1.925300031108069,0.03756893461256482
13023,64,2,689.9,6.537995095494749,1.0986122886681096,0,-0.1147042446502364,-0.376573642772467
13026,1,5,975.36,6.883831370862763,1.791759469228055,1,0.9916503005018535,-0.513351946676133
13027,114,6,6912.0,8.841158975945264,1.9459101490553132,3,1.5424075808783264,1.1313161194059789
13028,23,2,661.3199999999999,6.49574882283055,1.0986122886681096,0,0.06286195576670171,-0.7476222319757931
13029,31,3,1247.5,7.129698109719828,1.3862943611198906,1,0.5965650799208322,-0.35858615943506567
13030,11,2,799.48,6.685211547739895,1.0986122886681096,1,0.21344008611816917,-0.7955835434771892
13032,52,2,1010.18,6.918873244715984,1.0986122886681096,1,0.12939436397515885,-0.3670249422042931
13033,357,1,190.55,5.255148871146658,0.6931471805599453,2,-2.5281007547714167,1.6176180944319036
13034,55,2,642.77,6.467341519456512,1.0986122886681096,0,-0.10571493340814836,-0.47646471409209423
13035,74,2,921.88,6.827499215216475,1.0986122886681096,1,-0.021603316400676923,-0.20218939868170996
13037,138,3,881.07,6.782271417936915,1.3862943611198906,1,-0.09044924209860868,0.47225225371323354
13038,80,3,908.46,6.812851016782114,1.3862943611198906,1,0.20488096561809013,-0.025502665734099043
13040,9,2,676.99,6.519132538569087,1.0986122886681096,0,0.14196692032022046,-0.8629621029615673
13043,273,1,516.42,6.248854923817375,0.6931471805599453,2,-1.6365206202239357,1.181980674239042
13044,291,1,560.47,6.330558344434147,0.6931471805599453,2,-1.6836200384488968,1.363855109973477
13045,99,1,305.28000000000003,5.724499716244923,0.6931471805599453,0,-1.0515371187987999,-0.49638710670217884
13046,31,2,629.31,6.446211761854101,1.0986122886681096,0,-1.4992218085740098e-05,-0.692582352151741
13047,32,10,3237.54,8.082877889943946,2.3978952727983707,3,1.9809964452086386,0.38890011460479096
13048,14,4,1835.91,7.515840091091689,1.6094379124341003,1,1.0711317149720165,-0.29137276706803567
13049,64,2,656.6800000000001,6.488718490843878,1.0986122886681096,0,-0.1387794812787953,-0.39137860500791116
13050,15,17,5836.86,8.672119570311168,2.8903717578961645,3,2.8006867056977436,0.637574067712774
13052,212,1,348.15000000000003,5.8555016292920445,0.6931471805599453,2,-1.5338098111812306,0.5306356221413236
13055,78,3,1214.41,7.102836747411359,1.3862943611198906,1,0.35622888512871015,0.044141633752753665
13058,25,3,271.40000000000003,5.607271574275358,1.3862943611198906,0,-0.1182461333928175,-0.8684355510042661
13059,250,1,183.4,5.2171073111224935,0.6931471805599453,2,-2.0294159542521593,0.6709672597216915
13060,254,1,307.53,5.731819083350057,0.6931471805599453,2,-1.7972787205359761,0.8605719367023861
13061,72,1,248.61,5.519899699795292,0.6931471805599453,0,-1.0209729373938048,-0.7938488237651273
13062,191,1,346.98,5.85214500685857,0.6931471805599453,2,-1.433929311756411,0.3460790133809782
13064,13,4,1119.49,7.02152136861392,1.6094379124341003,1,0.8344550599775471,-0.4486292717085373
13065,373,1,205.86,5.3320422359496575,0.6931471805599453,2,-2.5678816233257162,1.7805665940133917
13066,24,2,470.8,6.1565551669735745,1.0986122886681096,0,-0.1076933380189485,-0.8407912461276641
13067,82,1,115.46000000000001,4.757547866408974,0.6931471805599453,0,-1.4417808133253525,-0.9354905675285536
13068,10,2,344.0,5.84354441703136,1.0986122886681096,0,-0.1929417500663985,-1.0571995124686335
13069,1,24,4436.12,8.39776079631407,3.2188758248682006,3,3.034238969679758,0.5796787829763411
13070,192,1,228.8,5.437209365414655,0.6931471805599453,2,-1.6414901224327265,0.23015361728686304
13072,267,1,177.15,5.1826258920518455,0.6931471805599453,2,-2.1284458833337467,0.8091940300267897
13075,130,1,919.61,6.825036493805135,0.6931471805599453,0,-0.6637076902395763,0.1052168372317015
13077,1,4,729.27,6.5934143287736715,1.6094379124341003,1,0.6833050512591289,-0.682136992294922
13078,3,26,12627.94,9.443746284664895,3.295836866004329,3,3.6058745947026343,0.9458371543217253
13079,4,5,220.10000000000002,5.3986150878634005,1.791759469228055,0,0.25151025874815414,-0.9333581820840667
13080,179,1,58.08,4.078892457663179,0.6931471805599453,2,-2.2422815905382096,-0.2915723897557418
13081,12,11,28337.38,10.251972348590337,2.4849066497880004,3,3.2168836801316334,0.9046979511652128
13082,126,9,3613.63,8.192744778040643,2.302585092994046,3,1.4932336706468337,1.2008848385247242
13083,4,2,303.75,5.719491768361381,1.0986122886681096,0,-0.22454472576260204,-1.1469129646522158
13085,158,2,416.08000000000004,6.0332780499213925,1.0986122886681096,0,-0.815720447938577,0.2933824720493521
13089,3,97,58825.83,10.982353322333951,4.584967478670572,3,5.53454240747619,1.9845778376331635
13090,9,14,8910.82,9.095133764476559,2.70805020110221,3,2.869910801883921,0.6306943122516618
13091,28,1,345.82,5.848805913370403,0.6931471805599453,0,-0.6475685950058401,-1.0796072675948682
13092,71,5,477.83,6.171345628362577,1.791759469228055,1,0.30514722348045836,-0.1155884058381935
13093,276,8,7832.47,8.966160858120457,2.1972245773362196,3,1.0497664273179868,2.6971976757724
13094,21,12,1927.3200000000002,7.564404436501881,2.5649493574615367,3,1.9333778868158817,0.21168563937012413
13095,71,1,74.39999999999999,4.32280727501391,0.6931471805599453,0,-1.6010061060759249,-1.1622509257207279
13097,33,10,6010.42,8.701416272499749,2.3978952727983707,3,2.278363517724498,0.5834779279958637
13098,1,28,28882.44,10.271023699486712,3.367295829986474,3,4.084969244863587,1.2088635830025414
13099,99,1,207.35999999999999,5.339267352876991,0.6931471805599453,0,-1.239751391490129,-0.6121286565094718
13101,234,1,101.19,4.626833825624118,0.6931471805599453,2,-2.2404589396080286,0.3537757201991716
13102,1,24,6424.09,8.767965917447414,3.2188758248682006,3,3.215111332041923,0.6909054569036457
13103,40,1,243.94,5.501013282593141,0.6931471805599453,0,-0.8755025004995818,-1.0792155541557544
13104,3,6,1098.48,7.0025926197429715,1.9459101490553132,1,1.1807411497604772,-0.39125686274184784
13106,133,1,76.5,4.350277936359301,0.6931471805599453,0,-1.8873117324058908,-0.6120934861375041
13107,44,4,1531.6200000000001,7.334733968170588,1.6094379124341003,1,0.837618864289347,-0.08357378327357773
13108,373,1,350.06,5.8609571490281995,0.6931471805599453,2,-2.309467883601578,1.939477001282139
13109,60,2,786.54,6.668914163060628,1.0986122886681096,0,-0.03140344539213588,-0.37220107093695354
13110,31,7,1488.67,7.306309897899894,2.0794415416798357,1,1.315679680414922,0.004437078671591513
13113,1,24,12245.960000000001,9.41303302190997,3.2188758248682006,3,3.530273938947728,0.8847133336548808
13115,12,4,2294.78,7.7388279340332105,1.6094379124341003,1,1.1897462509404115,-0.2418577196694504
13116,138,1,501.14,6.218878965272838,0.6931471805599453,0,-0.9985345739728112,-0.006977715187009611
13117,22,8,984.91,6.893565072546089,2.1972245773362196,1,1.2650654105764125,-0.14556385442465705
13118,20,5,1197.81,7.089084677082725,1.791759469228055,1,1.0000797584116998,-0.2856170464078399
13120,239,1,30.599999999999998,3.4531571205928664,0.6931471805599453,2,-2.8380576557599175,0.04485110058495974
13121,269,1,283.73,5.6515413628105104,0.6931471805599453,2,-1.9090148879706434,0.9675586144024841
13122,94,2,922.39,6.828051680471256,1.0986122886681096,1,-0.11801954492219906,-0.02721567481917843
13124,90,3,3866.33,8.26031962543717,1.3862943611198906,1,0.8637325026211929,0.49678745884715053
13126,5,8,2099.64,7.6499973391858,2.1972245773362196,3,1.716821295769639,-0.06688332947604594
13127,78,1,259.17,5.561335263505108,0.6931471805599453,0,-1.029734469034705,-0.7289573501148418
13130,94,1,64.0,4.174387269895637,0.6931471805599453,0,-1.7847092382269638,-1.0058142345188474
13131,23,3,1073.3,6.979424565672496,1.3862943611198906,1,0.5618198879281244,-0.4736583503847995
13132,262,1,77.3,4.360547602996757,0.6931471805599453,2,-2.505919903537834,0.5185019039664438
13133,274,2,109.8,4.707726774313183,1.0986122886681096,2,-2.0241291575740648,0.9090106795492514
13134,86,4,1793.58,7.4925262902571115,1.6094379124341003,1,0.7116710788186703,0.33093054933405713
13135,197,1,3096.0,8.038189179973203,0.6931471805599453,2,-0.39489219507561635,1.0553097165095104
13136,56,5,2607.61,7.866572791402729,1.791759469228055,1,1.2059046769154744,0.2626301305338227
13137,11,8,3650.41,8.202868673351237,2.1972245773362196,3,1.957933660296433,0.15166701172604097
13138,22,6,962.39,6.870458314237744,1.9459101490553132,1,1.024332006362905,-0.2648887446552444
13139,16,7,5064.94,8.530294986827844,2.0794415416798357,3,1.9862008072205726,0.24107278561747075
13140,108,3,423.72,6.051430128275416,1.3862943611198906,0,-0.302489608937387,-0.009537746703706353
13141,85,5,2388.75,7.778944036943872,1.791759469228055,1,1.022896686259226,0.48977363547202385
13142,19,1,307.09,5.7303919480814,0.6931471805599453,0,-0.6619137379298006,-1.1938477601909305
13144,333,1,110.95,4.718052343044764,0.6931471805599453,2,-2.674488435694513,1.2464802676617952
13145,40,4,618.52,6.428944984648157,1.6094379124341003,1,0.41441172085294603,-0.3906760716539433
13146,26,1,228.91,5.437687927995845,0.6931471805599453,0,-0.8387612783542084,-1.2206068246015314
13147,10,4,712.8000000000001,6.57060281105606,1.6094379124341003,1,0.6286511845017955,-0.610327141124117
13148,29,12,3707.12,8.21828028862164,2.5649493574615367,3,2.2141697538876466,0.47806316488013867
13149,14,4,1676.06,7.424797539358498,1.6094379124341003,1,1.026650748968495,-0.3187261439855039
13151,296,1,1257.8700000000001,7.1379697721602025,0.6931471805599453,2,-1.3133118560616914,1.6501406351807952
13153,6,1,486.22,6.188715766456242,0.6931471805599453,0,-0.37514293058141474,-1.169771199539896
13155,33,4,971.76,6.880137391945464,1.6094379124341003,1,0.6686924661833278,-0.3162997940840561
13157,49,4,1741.22,7.462915441057162,1.6094379124341003,1,0.8760733809496727,-0.001360228970673565
13158,95,4,1201.06,7.091792030654675,1.6094379124341003,1,0.47237422574653126,0.2891949977490864
13159,9,4,1437.85,7.271599462399201,1.6094379124341003,1,0.9759737858356295,-0.40845583867956997
13160,22,1,91.8,4.530446639792155,0.6931471805599453,0,-1.2626779791780514,-1.528145452216565
13161,313,1,112.75,4.7340030578310595,0.6931471805599453,2,-2.5700091929408284,1.076464859393529
13162,122,4,1688.29,7.432063601299488,1.6094379124341003,1,0.5080955523256093,0.6274187001500031
13165,46,2,1021.48,6.929986327823459,1.0986122886681096,1,0.1638297649015007,-0.41612838140768976
13166,283,1,417.2,6.035959786994534,0.6931471805599453,2,-1.7888785881182816,1.2054210358736852
13167,19,4,791.33,6.674977971699642,1.6094379124341003,1,0.6361373413771984,-0.5003045522184332
13168,36,4,1319.19,7.185530944616075,1.6094379124341003,1,0.8033967000978228,-0.19832434054784334
13169,64,2,712.88,6.570714880987815,1.0986122886681096,0,-0.09871822889768175,-0.36674311179313546
13170,27,1,116.00999999999999,4.7622594012308666,0.6931471805599453,0,-1.1735919749854151,-1.4147962844862514
13171,22,3,468.41,6.151476586982076,1.3862943611198906,0,0.16214086403185102,-0.731152454061668
13173,4,2,353.65,5.871131387648096,1.0986122886681096,0,-0.15045764645877915,-1.1013534369038438
13174,16,3,2817.03,7.943793338250078,1.3862943611198906,1,1.066824937699557,-0.24510025038769293
13176,46,1,492.84,6.202211578085641,0.6931471805599453,0,-0.5619215331206833,-0.8161009602722176
13177,65,1,282.45,5.6470357407703125,0.6931471805599453,0,-0.925017501923465,-0.8168340080806189
13178,26,11,5725.47,8.652854564021988,2.4849066497880004,3,2.3679170167143155,0.5466147130018555
13182,45,1,121.18,4.805495367221621,0.6931471805599453,0,-1.2394855670212812,-1.2444792443367367
13183,8,9,3957.78,8.283691175973804,2.302585092994046,3,2.1081159336173223,0.1968436731097369
13184,15,10,1701.29,7.439729682398054,2.3978952727983707,3,1.748954586310883,0.04708218572138841
13185,268,1,71.4,4.282206299391671,0.6931471805599453,2,-2.5732012224827643,0.5474068884939327
13186,40,3,1575.89,7.363209831835215,1.3862943611198906,1,0.6671439213847858,-0.2097649980759656
13187,337,1,236.02,5.4681445257603025,0.6931471805599453,2,-2.327350602396128,1.506804064048704
13188,11,1,114.60000000000001,4.750135956238277,0.6931471805599453,0,-1.1021662486553716,-1.558284916173434
13189,19,2,260.68,5.567122383230129,1.0986122886681096,0,-0.37150296047014747,-1.0615859442952424
13192,95,2,911.94,6.81667016102037,1.0986122886681096,1,-0.1284145596138133,-0.02189482072225175
13193,61,1,117.88,4.778114580969449,0.6931471805599453,0,-1.3302120086052547,-1.1128595036955728
13194,136,1,60.7,4.122283930911342,0.6931471805599453,0,-2.013206453460317,-0.6543722284971026
13196,11,4,1797.78,7.4948639363112814,1.6094379124341003,1,1.075386246662419,-0.32389613102337084
13198,10,6,3401.2400000000002,8.132189317204716,1.9459101490553132,1,1.6987918592160922,0.00930873451862484
13199,4,38,9817.12,9.191984936991869,3.6635616461296463,3,3.813760320407223,1.043375663442381
13200,19,4,870.09,6.769745301020691,1.6094379124341003,1,0.682438134506631,-0.4718320805111678
13203,10,4,869.46,6.769021807549381,1.6094379124341003,1,0.7255934216145836,-0.5507129333131007
13207,15,2,250.26000000000002,5.526488259576272,1.0986122886681096,0,-0.3720184813960819,-1.1087558546452014
13208,59,6,1223.9,7.11061448699364,1.9459101490553132,1,0.9627965417820886,0.13065954877619138
13209,30,8,5891.61,8.681454302434094,2.1972245773362196,3,2.0999060113861474,0.4615235343419451
13210,94,1,353.48,5.8706519268912345,0.6931471805599453,0,-0.9559595041255472,-0.49617818377900996
13211,10,3,1197.42,7.088759301542255,1.3862943611198906,1,0.6780839243327261,-0.554434188223414
13212,20,3,788.08,6.670867709875668,1.3862943611198906,1,0.4255701483556987,-0.5925842059151172
13213,57,5,1520.58,7.327504547645857,1.791759469228055,1,0.9376959828231416,0.1094095818525613
13216,268,1,333.74,5.813354111085492,0.6931471805599453,2,-1.825123181371687,1.0074342318877938
13217,122,3,533.98,6.282229363019668,1.3862943611198906,0,-0.25740755364293444,0.18217039294533707
13218,127,1,62.63999999999999,4.153242203469586,0.6931471805599453,0,-1.954572299263687,-0.723734419188629
13220,78,4,819.2900000000001,6.7096579362724444,1.6094379124341003,1,0.3678569108454868,0.025797733513437813
13221,240,2,847.41,6.743364009514037,1.0986122886681096,2,-0.8652045682468296,1.2234367335088228
13223,200,2,163.20000000000002,5.101085197018328,1.0986122886681096,2,-1.474205959890606,0.3804050419168784
13224,60,2,2155.95,7.676450465777419,1.0986122886681096,1,0.46085195799108275,-0.06949074788921254
13225,3,7,6463.84,8.774133542253146,2.0794415416798357,3,2.1681798275650723,0.20070809183294655
13226,273,1,108.21000000000001,4.693272634209637,0.6931471805599453,2,-2.3965366964703625,0.7146120879709738
13227,202,1,257.7,5.5556690891919835,0.6931471805599453,2,-1.6319569305466233,0.3531482447333173
13228,81,1,358.0,5.883322388488279,0.6931471805599453,0,-0.886923057631655,-0.6059964229815918
13229,226,1,160.95,5.087287645617338,0.6931471805599453,2,-1.9768190072808467,0.4221941659285382
13230,4,14,2806.97,7.940217081327946,2.70805020110221,3,2.3298208069460826,0.24000219857095625
13232,13,7,1357.6,7.214210036757201,2.0794415416798357,1,1.3576996746915477,-0.1805609267661505
13233,74,2,605.12,6.407077986267962,1.0986122886681096,0,-0.2270099316153071,-0.3285033048784041
13235,212,1,1031.07,6.939321773198559,0.6931471805599453,2,-1.004284154691287,0.8562651255179491
13236,25,2,744.85,6.614524507599939,1.0986122886681096,0,0.11122397711079847,-0.6944557704298956
13238,17,4,700.73,6.553548714657728,1.6094379124341003,1,0.5864788552944157,-0.554268269126426
13239,262,1,329.56,5.800788185931274,0.6931471805599453,2,-1.8022567132293492,0.9512165276985903
13240,96,4,663.65,6.499260586313608,1.6094379124341003,1,0.17804483575592983,0.11991164053539932
13242,112,3,270.40000000000003,5.603593747400769,1.3862943611198906,0,-0.5406277668904277,-0.10912687999952247
13243,203,1,600.07,6.3987114002985646,0.6931471805599453,2,-1.224903217845309,0.6151773812715975
13244,93,1,121.74000000000001,4.810068296960951,0.6931471805599453,0,-1.4692981113376846,-0.823566754731501
13245,51,1,430.5,6.067267510523482,0.6931471805599453,0,-0.6520231475940527,-0.8129424406480353
13246,18,6,1987.3,7.595035281264035,1.9459101490553132,1,1.3976782441650333,-0.08215398969944808
13247,18,4,501.12,6.218839134950008,1.6094379124341003,1,0.41811436168906757,-0.6460900602193842
13248,125,2,465.68,6.145643797955656,1.0986122886681096,0,-0.6012893913856022,0.03870955205759274
13249,92,3,711.41,6.56865358837482,1.3862943611198906,1,0.02756091690914873,0.006013819180791733
13253,157,2,1030.4,6.9386723816168585,1.0986122886681096,1,-0.36853458379116466,0.5566642543771765
13255,9,2,399.51,5.992738734985712,1.0986122886681096,0,-0.11521507245031402,-1.0211150527891653
13258,12,3,698.58,6.550480154971372,1.3862943611198906,1,0.4054264546925723,-0.6986772688635123
13259,62,1,292.32,5.681264163225599,0.6931471805599453,0,-0.8937914840816645,-0.8327713737313074
13260,61,1,557.62,6.325469456665338,0.6931471805599453,0,-0.5742156276720952,-0.6479628116077817
13261,269,2,944.1,6.8512907420010105,1.0986122886681096,2,-0.9526693562901795,1.5093341160666276
13262,263,1,200.29,5.3047466543129405,0.6931471805599453,2,-2.0494437017187193,0.8109231856063308
13263,1,35,7454.07,8.916649616826117,3.58351893845611,3,3.6206646621513383,0.8986376631587034
13265,53,5,2107.66,7.653807953637001,1.791759469228055,1,1.1164563660852609,0.17248461040720134
13266,11,12,3834.2599999999998,8.251992508113439,2.5649493574615367,3,2.317658179957962,0.33086490469175517
13267,3,19,4521.49,8.416818006100614,2.995732273553991,3,2.8301564788419125,0.5031000919810781
13268,18,11,3214.69,8.075797232617925,2.4849066497880004,3,2.124656632925329,0.3033170101832861
13269,1,15,5346.2300000000005,8.584333948798262,2.772588722239781,3,2.717944200608803,0.4361636963523675
13270,366,1,590.0,6.3818160174060985,0.6931471805599453,2,-2.021149960842416,2.0347842933300497
13271,37,1,217.38,5.38623666458592,0.6931471805599453,0,-0.9170763769159065,-1.1399208986996323
13272,31,2,276.56,5.626037126031348,1.0986122886681096,0,-0.4007304752363682,-0.9390005986169074
13273,113,1,138.98,4.941499555261394,0.6931471805599453,0,-1.5017704473252316,-0.6092710117852688
13276,64,2,590.9300000000001,6.383388384649479,1.0986122886681096,0,-0.19024096586581296,-0.42302462152045134
13277,16,4,258.4,5.5583712718823435,1.6094379124341003,0,0.10509596913657296,-0.8620058081611661
13278,41,1,542.73,6.298452800117238,0.6931471805599453,0,-0.490729098184917,-0.8308875977536241
13279,78,1,137.75,4.932673752626544,0.6931471805599453,0,-1.3368817398522195,-0.9178362307393778
13280,122,3,814.86,6.704242771617076,1.3862943611198906,1,-0.051223041857022665,0.30896266326108807
13282,18,3,1132.14,7.032747819149021,1.3862943611198906,1,0.6120437464795973,-0.5013395228728624
13283,60,2,93.66,4.5502915244781015,1.0986122886681096,0,-1.0665060404649915,-1.0087329175932473
13284,331,1,201.19,5.309207849379209,0.6931471805599453,2,-2.3759969849514815,1.4066098428157447
13285,23,4,2709.12,7.904748193336201,1.6094379124341003,1,1.2176330890320552,-0.09586337392761447
13291,156,1,361.11,5.8919480330707374,0.6931471805599453,0,-1.2452818536601264,0.05212413496747388
13292,39,2,578.9399999999999,6.362924649913461,1.0986122886681096,0,-0.07938131622513986,-0.6476825425194024
13294,190,2,873.74,6.773926699344786,1.0986122886681096,2,-0.6085570811566369,0.795599828953598
13295,360,1,201.20000000000002,5.309257306586371,0.6931471805599453,2,-2.516167736557191,1.6600959219183717
13296,137,1,87.4,4.481871969643597,0.6931471805599453,0,-1.8423556222067985,-0.5375950283651073
13297,8,4,2089.85,7.645325960844005,1.6094379124341003,1,1.1634009067824485,-0.3049115676686349
13298,1,1,360.0,5.8888779583328805,0.6931471805599453,0,-0.4974641608454303,-1.3035582252428926
13299,268,1,142.5,4.966335035199676,0.6931471805599453,2,-2.23895414284589,0.7529506788906304
13300,169,1,371.89,5.921283469984221,0.6931471805599453,2,-1.2937953369019575,0.17456288131579856
13301,104,4,618.09,6.428250657915328,1.6094379124341003,1,0.1046768166444489,0.16850008171997366
13302,155,1,63.75,4.1705337005796475,0.6931471805599453,2,-2.0814847419705536,-0.47380842384197563
13304,351,1,300.42,5.7085046409915305,0.6931471805599453,2,-2.277597355534558,1.7013847326706781
13305,4,10,2000.86,7.601832027360015,2.3978952727983707,3,1.8813308563036388,-0.00035905753048638727
13307,120,1,15.0,2.772588722239781,0.6931471805599453,0,-2.5952826667709266,-1.1997290406071706
13308,23,3,1385.51,7.23454507743516,1.3862943611198906,1,0.6864649752469919,-0.39700839511912905
13309,7,5,1456.79,7.2846768692730555,1.791759469228055,1,1.1584868906446104,-0.3404771704427243
13310,28,3,1132.03,7.032650739053453,1.3862943611198906,1,0.5636532415649885,-0.4139648212822809
13311,4,2,598.57,6.396212731621162,1.0986122886681096,0,0.10608311350142927,-0.9435948104088664
13313,22,5,1555.32,7.35007933912113,1.791759469228055,1,1.1179261842735633,-0.18972145198947202
13314,2,3,775.94,6.655363127308804,1.3862943611198906,1,0.5050125557512618,-0.7545694608851095
13316,37,4,5977.7300000000005,8.695963449808064,1.6094379124341003,1,1.5365194867547403,0.26421955730050734
13317,66,6,2273.68,7.729594662150938,1.9459101490553132,1,1.2313736178973032,0.3778124183726556
13318,1,3,640.76,6.464214402021743,1.3862943611198906,1,0.41645668693431065,-0.8207397311730427
13319,5,26,10845.550000000001,9.29160233605445,3.295836866004329,3,3.521872498690147,0.9176068765945591
13320,78,4,1548.7,7.345816642793289,1.6094379124341003,1,0.6786671117779579,0.21692911710854385
13321,72,2,567.36,6.342755020769874,1.0986122886681096,0,-0.24876780458486902,-0.3653096608906383
13322,17,1,199.48000000000002,5.300714491147758,0.6931471805599453,0,-0.8621740847799815,-1.340423437498268
13323,3,5,787.85,6.670576188703463,1.791759469228055,1,0.8777908833777383,-0.5599428543870902
13324,36,10,7121.95,8.871077244439467,2.3978952727983707,3,2.346752427714916,0.6606730610112571
13325,82,1,675.3,6.516636764580894,0.6931471805599453,0,-0.5823368282087562,-0.40697922039449824
13327,39,8,3627.77,8.196649026863438,2.1972245773362196,3,1.8195342990095036,0.3945291763655137
13328,316,1,1308.48,7.177385390826169,0.6931471805599453,2,-1.390740582884682,1.836790640773357
13329,32,2,789.0,6.672032945461067,1.0986122886681096,0,0.10548091628828468,-0.6159948780066598
13330,93,3,1140.93,7.040475092365302,1.3862943611198906,1,0.2532460301283014,0.15651112292937605
13332,14,1,350.9,5.863347044327539,0.6931471805599453,0,-0.5727838818683562,-1.1976038584313686
13334,82,3,3536.82,8.17126599722425,1.3862943611198906,1,0.858897731010257,0.40010855104683746
13336,77,1,795.12,6.67974992825102,0.6931471805599453,0,-0.4784725436160292,-0.4016744457832144
13338,158,1,487.02,6.190356388619899,0.6931471805599453,0,-1.1091560936030262,0.15926052658442538
13339,201,1,860.12,6.758233867538541,0.6931471805599453,2,-1.039581500826879,0.7057137200292543
13340,45,7,10736.48,9.28149570365981,2.0794415416798357,3,2.213022555350484,0.7202393090332361
13341,261,1,775.85,6.65524728153801,0.6931471805599453,2,-1.3799564488560274,1.199195018493041
13343,178,1,353.43,5.870510865261174,0.6931471805599453,2,-1.362110246071142,0.2379719337686238
13344,68,3,2543.72,7.841775903285653,1.3862943611198906,1,0.7655979503872467,0.17874913055756714
13345,288,1,389.5,5.967427969279741,0.6931471805599453,2,-1.8465329461006943,1.228532854998257
13347,70,1,341.36,5.835862815013409,0.6931471805599453,0,-0.8569331596393129,-0.716399721156413
13348,64,1,233.76,5.458563715690134,0.6931471805599453,0,-1.0122656063089792,-0.8822000743094602
13349,11,1,247.32,5.514718236994854,0.6931471805599453,0,-0.7286117097086153,-1.3285691743383137
13350,16,2,979.12,6.887675013147945,1.0986122886681096,1,0.28818680594196405,-0.6910522564115318
13351,66,1,373.94,5.926766013169045,0.6931471805599453,0,-0.7931830484161291,-0.7240497600432605
13352,60,1,397.97999999999996,5.988911290320265,0.6931471805599453,0,-0.7338146766411969,-0.7578207770766946
13354,71,1,743.53,6.612753146812557,0.6931471805599453,0,-0.4821995421750358,-0.47424568685753005
13355,122,1,674.7,6.515749190558129,0.6931471805599453,0,-0.776142769899111,-0.05763041282664637
13356,80,1,768.24,6.645403014442646,0.6931471805599453,0,-0.5097564531771198,-0.38577268039395063
13357,257,1,609.95,6.415015122762531,0.6931471805599453,2,-1.4779902537667227,1.0920566628092132
13358,269,1,439.03,6.086842906406214,0.6931471805599453,2,-1.6963381473328696,1.0983432526628836
13359,64,1,439.56,6.088046644954226,0.6931471805599453,0,-0.7047170123454656,-0.6930744017587473
13362,9,4,3090.7400000000002,8.036489318202769,1.6094379124341003,1,1.349678597758574,-0.17864768713019422
13363,18,2,992.5,6.901234061991872,1.0986122886681096,1,0.28514278125034564,-0.6694977196817526
13364,71,1,134.95999999999998,4.9123607248279155,0.6931471805599453,0,-1.3129659923136552,-0.9851219083683159
13365,34,2,2225.37,7.708127735453272,1.0986122886681096,1,0.6020206211113638,-0.28722349589253854
13366,50,1,56.160000000000004,4.045854353061666,0.6931471805599453,0,-1.634797471794435,-1.4290084675776482
13368,257,2,623.4,6.436791188641277,1.0986122886681096,2,-1.097171109527941,1.2799147113228357
13369,366,1,308.28000000000003,5.734247015460021,0.6931471805599453,2,-2.3375349282246165,1.8402247313110704
13370,372,1,754.87,6.62786940372116,0.6931471805599453,2,-1.9299406740280998,2.1611523877384555
13372,90,1,378.64,5.939223435262291,0.6931471805599453,0,-0.9031200617621303,-0.5105376911094893
13373,61,3,3312.25,8.105684859760789,1.3862943611198906,1,0.9283769896422466,0.19685683125632317
13375,89,1,778.65,6.658845101030894,0.6931471805599453,0,-0.546697774427601,-0.3030705762676145
13376,99,3,1019.76,6.928302726869797,1.3862943611198906,1,0.1694357553801456,0.1752516978506976
13379,26,3,572.56,6.351862551846838,1.3862943611198906,1,0.24070687983766145,-0.6359857307631063
13381,32,6,3639.31,8.199824121839633,1.9459101490553132,1,1.6254816602513742,0.22191785743332104
13382,281,1,222.99,5.411601408001375,0.6931471805599453,2,-2.0842548484705508,1.000354240530243
13384,31,7,4151.93,8.331569388203366,2.0794415416798357,3,1.8165941612241285,0.312472263786668
13385,330,1,534.57,6.283331600299074,0.6931471805599453,2,-1.8952317570696087,1.690541109077995
13388,131,2,677.1,6.519294769689797,1.0986122886681096,0,-0.44773932269392147,0.20341383961176415
13389,11,3,797.96,6.683310881934879,1.3862943611198906,1,0.47515831756870536,-0.6675091857966812
13390,75,1,544.08,6.30093257288162,0.6931471805599453,0,-0.6538839994196961,-0.5329694054298204
13391,204,1,59.8,4.107589788972121,0.6931471805599453,2,-2.349118524182079,-0.06444071702028867
13394,2,8,2520.02,7.832418860516229,2.1972245773362196,3,1.8204505148347476,-0.03829666089295281
13395,185,1,307.72,5.7324347172293635,0.6931471805599453,2,-1.463410726477108,0.25767020590794076
13396,29,2,1360.99,7.216702144538598,1.0986122886681096,1,0.38609470281086766,-0.4785723180929668
13397,73,5,1544.13,7.342863328186895,1.791759469228055,1,0.867850955274062,0.25387025739205776
13398,192,1,457.34,6.127611266781323,0.6931471805599453,2,-1.3041781411796598,0.4375821556253216
13402,127,2,621.23,6.433309799308897,1.0986122886681096,0,-0.47041205948313997,0.1426184455683499
13403,18,1,75.0,4.330733340286331,0.6931471805599453,0,-1.3409153486048546,-1.623110075851265
13404,1,2,252.49,5.5353243745214,1.0986122886681096,0,-0.3000210871380531,-1.228466495124708
13405,74,3,572.451,6.351672492640208,1.3862943611198906,1,0.008567265976884066,-0.21650426247056806
13408,2,62,28117.04,10.244166642215127,4.143134726391533,3,4.775335636365654,1.5564737985484887
13410,24,5,1003.06,6.911807059422235,1.791759469228055,1,0.8941294062634952,-0.3039178624538345
13411,107,1,213.55,5.368542811437534,0.6931471805599453,0,-1.264122641475035,-0.5334098648835138
13414,134,3,1390.5,7.238137580965946,1.3862943611198906,1,0.1516120535546093,0.574253903504388
13416,44,2,712.5,6.570182436916891,1.0986122886681096,0,-0.002292218558959633,-0.5417108203696502
13417,5,2,640.83,6.4643234711171225,1.0986122886681096,0,0.134525899381575,-0.9143908194753722
13418,12,18,6127.43,8.720693878671442,2.9444389791664403,3,2.8882838201705012,0.6501245975191433
13419,64,1,221.06,5.40294761562612,0.6931471805599453,0,-1.0394381515540392,-0.898909713030801
13420,150,2,159.85,5.080472253685035,1.0986122886681096,0,-1.2425615241829084,-0.06280738052835945
13421,40,2,1851.08,7.524064610817457,1.0986122886681096,1,0.4830864361430853,-0.2900822170609257
13422,64,1,2626.3,7.8737119818711125,0.6931471805599453,1,0.16771151292081685,-0.15657826803560915
13425,108,3,1624.21,7.393392317183492,1.3862943611198906,1,0.3531573755382257,0.39364951972713275
13426,1,10,3641.32,8.200376120238847,2.3978952727983707,3,2.1882664810655754,0.15325000252496784
13427,19,3,582.6,6.369215816648631,1.3862943611198906,1,0.28302537475909845,-0.6919547187895565
13428,10,1,218.47,5.391215548914767,0.6931471805599453,0,-0.7841175263906659,-1.374415458561818
13429,11,4,1006.8,6.915525016246498,1.6094379124341003,1,0.7923366800878933,-0.49795623305051867
13430,19,2,679.45,6.5227543440063265,1.0986122886681096,0,0.09539336383035017,-0.7744700768259761
13431,67,2,1269.1,7.146850916510274,1.0986122886681096,1,0.16826357134354497,-0.16742414316388135
13434,74,2,534.24,6.282715244436788,1.0986122886681096,0,-0.287770255070526,-0.3658676019794678
13435,5,7,3809.8900000000003,8.245618036642021,2.0794415416798357,3,1.9002926128588342,0.059398458753080995
13436,2,1,196.89,5.287711320760812,0.6931471805599453,0,-0.7960124762640849,-1.4754359923309313
13437,14,7,3408.06,8.134191872452362,2.0794415416798357,3,1.8023439899451859,0.10458438760169964
13439,255,1,283.71,5.651471118359793,0.6931471805599453,2,-1.841368903706732,0.8451720932399435
13441,92,1,296.64,5.69588470252906,0.6931471805599453,0,-1.031677500469228,-0.566167083377382
13447,23,3,1129.14,7.030096797837492,1.3862943611198906,1,0.5865769909897693,-0.4584340773468405
13448,17,6,3539.37,8.17198652044002,1.9459101490553132,1,1.6843955608659174,0.08244835609464568
13449,24,1,291.88,5.679762968811981,0.6931471805599453,0,-0.7108212458613825,-1.1653571036044654
13450,27,6,2043.7199999999998,7.623016139787193,1.9459101490553132,1,1.3678401796649216,0.004916231324777141
13451,26,5,2976.15,7.998721746041357,1.791759469228055,1,1.4154983590715065,0.04012215790558423
13452,259,2,590.0,6.3818160174060985,1.0986122886681096,2,-1.1336991288504479,1.2808784109343592
13453,166,2,356.97999999999996,5.880477118918353,1.0986122886681096,2,-0.9290493725496992,0.3173971278982285
13455,25,2,1058.34,6.965401351674954,1.0986122886681096,1,0.28265305808012936,-0.5890362013945005
13456,18,6,1766.72,7.477445859614847,1.9459101490553132,1,1.3402271845541407,-0.11748326936752608
13458,7,14,9646.57,9.174461349151194,2.70805020110221,3,2.9183367618252127,0.6370471995654656
13460,29,2,183.44,5.217324207338505,1.0986122886681096,0,-0.59074810705917,-1.0792775627897337
13461,39,3,1445.0,7.27655640271871,1.3862943611198906,1,0.6296416712110376,-0.2445400672426448
13462,253,1,151.5,5.0271645960474665,0.6931471805599453,2,-2.136719828265867,0.640120878032487
13464,58,1,674.68,6.515719591185634,0.6931471805599453,0,-0.4667615567050571,-0.6170240669542479
13466,184,1,307.9,5.733017599924536,0.6931471805599453,2,-1.4582916380998496,0.24910494383089185
13467,11,2,1083.71,6.989067949142608,1.0986122886681096,1,0.3618962311123908,-0.704291081676342
13468,2,37,5704.97,8.64926827413607,3.6375861597263857,3,3.5345570308300953,0.8512221067210062
13470,99,2,165.0,5.111987788356544,1.0986122886681096,0,-0.9806141950644757,-0.4990983934877537
13471,1,4,2531.58,7.836993824962504,1.6094379124341003,1,1.2908848723383952,-0.3085084192978025
13473,61,2,422.64,6.048884037975468,1.0986122886681096,0,-0.33916795841075054,-0.5497462987244207
13474,236,1,229.59,5.440641241760233,0.6931471805599453,2,-1.8525229253809832,0.6157617343141758
13475,191,4,1431.78,7.2673718919667785,1.6094379124341003,1,0.09406435770507005,1.181024418809721
13476,179,2,1238.47,7.122439147874555,1.0986122886681096,2,-0.38510579929676775,0.8041647688220904
13477,38,6,1454.58,7.283159725605137,1.9459101490553132,1,1.1486180056476614,-0.001048037037742656
13479,201,2,300.95,5.71026144075391,1.0986122886681096,2,-1.1814129790566557,0.5721700374878436
13481,46,5,1804.56,7.498626071957096,1.791759469228055,1,1.0744787836344822,0.0646781155954051
13482,232,1,184.64,5.223809314372975,0.6931471805599453,2,-1.9391240004632748,0.5156538861999704
13483,66,1,140.34,4.951168335262708,0.6931471805599453,0,-1.2698340903513468,-1.0171642487691974
13484,241,1,313.8,5.751937516543248,0.6931471805599453,2,-1.7246033934850642,0.7529914112991387
13485,233,1,454.24,6.120824752413689,0.6931471805599453,2,-1.5057004554301885,0.7938990366387652
13486,78,3,1122.41,7.024123981607583,1.3862943611198906,1,0.31777192414609623,0.020492692568011193
13487,58,3,575.4,6.356801864125367,1.3862943611198906,1,0.08842225893667584,-0.35480935324177604
13488,17,13,8968.31,9.101564029017187,2.639057329615259,3,2.7713891583037014,0.6716971861235729
13489,105,4,449.52,6.110402471179496,1.6094379124341003,1,-0.05544964943117265,0.08174422988874931
13491,52,10,1215.82,7.103996177364903,2.3978952727983707,1,1.4060547630663922,0.26960668841365903
13492,136,3,1269.84,7.147433378135437,1.3862943611198906,1,0.09762778098045675,0.5644829559699559
13493,275,2,618.63,6.429122525704993,1.0986122886681096,2,-1.1879353474938683,1.4349376557404365
13494,312,1,316.26000000000005,5.759721626980309,0.6931471805599453,2,-2.06403611101786,1.3758975860514917
13495,8,5,2044.8700000000001,7.623578405880983,1.791759469228055,1,1.319230847912209,-0.22991514858658627
13496,11,2,653.33,6.483611811351871,1.0986122886681096,0,0.11494382420676842,-0.8561533920908844
13497,283,2,348.05,5.855215178416411,1.0986122886681096,2,-1.5070056516036199,1.332432543549645
13499,18,5,1159.11,7.056270107190766,1.791759469228055,1,0.9937160483593751,-0.3129568287721286
13500,23,3,1166.77,7.062851226189096,1.3862943611198906,1,0.6025799323203485,-0.44859313805678985
13501,288,1,1340.32,7.201409482704207,0.6931471805599453,2,-1.2436424437731177,1.5992777517889971
13502,17,3,292.0,5.680172609017068,1.3862943611198906,0,-0.04395417008854136,-0.9164558167190399
13503,71,1,216.85,5.383806752563451,0.6931471805599453,0,-1.0826300193759084,-0.8434778018774819
13504,64,1,295.93,5.693496420787701,0.6931471805599453,0,-0.8974837436566105,-0.8116154662285398
13505,73,4,4393.63,8.388138619999735,1.6094379124341003,1,1.2120894063385466,0.4863887249048423
13506,316,2,458.52,6.130182466419805,1.0986122886681096,2,-1.5321961027469073,1.7034781521977447
13507,3,4,2479.16,7.816078353206984,1.6094379124341003,1,1.270997515055818,-0.297311616814854
13508,244,1,110.97,4.718230978272105,0.6931471805599453,2,-2.244147799207256,0.4686395044919096
13509,9,7,979.72,6.888286995786739,2.0794415416798357,1,1.2177995869805076,-0.3134447712840228
13510,1,4,1791.56,7.4914000447169204,1.6094379124341003,1,1.1220369556501362,-0.41234071256538996
13512,261,1,251.21,5.530262073815315,0.6931471805599453,2,-1.9295942591606665,0.8611976334505383
13513,127,1,205.1,5.328361487896413,0.6931471805599453,0,-1.3804403143226673,-0.3706744478017074
13514,74,1,152.20000000000002,5.031744257306491,0.6931471805599453,0,-1.2691413001844538,-0.9230324344743425
13515,73,4,891.12,6.793600652679757,1.6094379124341003,1,0.4330406234843306,0.0073160583440659566
13516,21,3,1389.41,7.2373539466601775,1.3862943611198906,1,0.6975059287736762,-0.41364525518265927
13517,60,3,2128.42,7.663604921153483,1.3862943611198906,1,0.7172228131501039,0.05529526395793922
13518,86,1,659.4399999999999,6.492906279563631,0.6931471805599453,0,-0.613268140830725,-0.3791474037997105
13519,78,1,122.75,4.8182634014487995,0.6931471805599453,0,-1.3927795903002413,-0.952210371176435
13520,59,6,3624.35,8.195706114352095,1.9459101490553132,1,1.4929434112227145,0.45667106435967136
13521,1,3,1093.65,6.998189956453345,1.3862943611198906,1,0.6773429212414344,-0.6603088740955064
13522,30,1,125.80000000000001,4.842611042003125,0.6931471805599453,0,-1.148837225591671,-1.3644337890800249
13523,33,5,3964.88,8.285483051435902,1.791759469228055,1,1.5217621435409414,0.18746117353245453
13524,41,5,680.1800000000001,6.523826588404497,1.791759469228055,1,0.6223892552846102,-0.2718984932353576
13525,15,2,628.78,6.445370552049637,1.0986122886681096,0,0.07692293374051683,-0.8326812806100784
13527,34,7,2287.51,7.735656229758609,2.0794415416798357,1,1.510943940955934,0.15965365764370176
13529,79,2,307.76,5.7325642760816535,1.0986122886681096,0,-0.5807309028970526,-0.48745636414729726
13531,205,2,483.8,6.1837364347551045,1.0986122886681096,2,-0.9694229369059871,0.7493852864899206
13532,34,1,210.31,5.353326249578836,0.6931471805599453,0,-0.9186526069222507,-1.17602986424452
13533,183,3,270.79,5.605029709281564,1.3862943611198906,2,-0.8831620207349926,0.5118720184640845
13534,2,25,5870.08,8.677793882270105,3.258096538021482,3,3.2020289421415478,0.6900926926857343
13536,1,7,3448.29,8.145923691744827,2.0794415416798357,3,1.8709218408083024,-0.005515862992908037
13538,43,7,1280.85,7.156059625954846,2.0794415416798357,1,1.1842597102205992,0.06417961758118088
13539,86,3,631.34,6.449427224173901,1.3862943611198906,1,-0.001684064735869926,-0.0822495947988968
13544,40,2,291.41,5.678156927017229,1.0986122886681096,0,-0.4187748953514676,-0.8446779271834828
13546,12,3,626.99,6.442524242774538,1.3862943611198906,1,0.352682071226924,-0.7311121984714066
13548,96,2,682.41,6.527094972292893,1.0986122886681096,0,-0.2747275918688095,-0.10015616140032003
13549,26,7,918.2,6.823503726534546,2.0794415416798357,1,1.1039649809417196,-0.18432207279516194
13551,319,1,91.80000000000001,4.530446639792155,0.6931471805599453,2,-2.698467281893044,1.067749454820879
13552,66,12,3740.07,8.227126945747532,2.5649493574615367,3,2.0396226205304337,0.8041154232688975
13555,74,4,4149.28,8.330931080828272,1.6094379124341003,1,1.1793050189144831,0.47794133144959383
13557,28,2,584.06,6.371714406075083,1.0986122886681096,0,-0.021909493883686307,-0.7411859506361009
13558,6,4,605.06,6.406978991069148,1.6094379124341003,1,0.5680461735821438,-0.6944488224505979
13560,7,1,174.37,5.166898027681201,0.6931471805599453,0,-0.8792101706759469,-1.4680319370402006
13561,216,1,141.85999999999999,4.961865129726826,0.6931471805599453,2,-1.9897540339505766,0.2971075949518979
13562,82,3,1799.33,7.495725260414088,1.3862943611198906,1,0.5288465189560583,0.19714499120258813
13563,84,2,777.53,6.657407526177046,1.0986122886681096,0,-0.15304865970968431,-0.16588890935624756
13564,144,3,1749.02,7.467382495423682,1.3862943611198906,1,0.21527193902011024,0.7305335061615056
13565,19,2,240.22,5.485709380155097,1.0986122886681096,0,-0.41127918546697934,-1.0860461611575791
13566,41,2,874.71,6.775034985898857,1.0986122886681096,1,0.11229620320200659,-0.5063848376711446
13568,173,1,192.85,5.267084664116938,0.6931471805599453,2,-1.6327566795719892,0.012972968329967333
13569,17,2,373.75,5.926259136982707,1.0986122886681096,0,-0.18636969278879603,-0.9711654916392175
13570,243,1,239.49,5.482678508639762,0.6931471805599453,2,-1.8658247882951156,0.6895743742097971
13571,13,12,2092.32,7.646506601347098,2.5649493574615367,3,2.0121652772312904,0.166429817039203
13572,206,1,1384.25,7.233635907747459,0.6931471805599453,2,-0.8314842626394711,0.8922483293845155
13573,50,2,294.4,5.68833037009728,1.0986122886681096,0,-0.4621474961814907,-0.7542174872627017
13575,23,5,732.0699999999999,6.597241195280628,1.791759469228055,1,0.7452752104210766,-0.4071683271442408
13576,10,18,6717.34,8.812596379192264,2.9444389791664403,3,2.9428535490813914,0.6602555688859318
13577,25,4,1687.6000000000001,7.4316550622354,1.6094379124341003,1,0.9768237704249165,-0.2205215723675027
13579,15,2,467.04,6.148553762350757,1.0986122886681096,0,-0.06809384446405359,-0.9218587187365902
13581,309,1,118.0,4.77912349311153,0.6931471805599453,2,-2.528627320307503,1.055059569303733
13583,156,1,781.03,6.661893102980819,0.6931471805599453,0,-0.8691071987623132,0.2834511057307398
13584,307,1,142.4,4.96563792816552,0.6931471805599453,2,-2.427832720021847,1.09361632462439
13587,64,1,712.4,6.570042272924791,0.6931471805599453,0,-0.46922678570467813,-0.5482607093318443
13588,16,9,2478.95,7.815993677665464,2.302585092994046,3,1.8409369329892038,0.1262488926945519
13589,15,2,379.65,5.941880317752221,1.0986122886681096,0,-0.1690689850769757,-0.9839529430450497
13590,11,6,1981.92,7.592325784791223,1.9459101490553132,1,1.4301946082673802,-0.14415075551443984
13591,65,3,1117.13,7.019412926024925,1.3862943611198906,1,0.37831622427500367,-0.09454775517071955
13592,36,4,247.95999999999998,5.5172922409900265,1.6094379124341003,0,-0.011660299613848705,-0.6995401037254948
13593,108,5,2037.0800000000002,7.6197634671830015,1.791759469228055,1,0.8339362288143097,0.642977357310564
13594,53,1,396.97,5.986376625559036,0.6931471805599453,0,-0.7012128944209342,-0.8197650153909406
13596,6,2,697.04,6.54827640771067,1.0986122886681096,0,0.17070876083192205,-0.8804271026756579
13598,47,1,180.17000000000002,5.199435816987919,0.6931471805599453,0,-1.056685370074815,-1.1086406104046262
13599,1,21,5153.67,8.547658378883066,3.091042453358316,3,2.9907661278923845,0.5675505128347249
13600,312,1,219.52,5.395988393721483,0.6931471805599453,2,-2.2417464813329584,1.266615365404869
13601,45,2,693.32,6.54293294933599,1.0986122886681096,0,-0.020439899860849254,-0.5411574349443694
13602,65,1,428.89,6.063529362008149,0.6931471805599453,0,-0.7215298112306978,-0.6917001361871037
13603,26,1,164.34,5.108003959824529,0.6931471805599453,0,-0.999836084595477,-1.3196590773488475
13606,29,3,280.53999999999996,5.640274533399819,1.3862943611198906,0,-0.12145899621203643,-0.8235583940505816
13607,40,1,678.01,6.520635854990748,0.6931471805599453,0,-0.3773420676488537,-0.7728739588752847
13610,12,7,1131.88,7.032518341914804,2.0794415416798357,1,1.2737642590769203,-0.2438898694182883
13611,89,3,1171.8,7.067149331132387,1.3862943611198906,1,0.2856155824302425,0.12956374558127254
13614,24,4,1610.46,7.384895879352644,1.6094379124341003,1,0.9588127864412896,-0.24331057201728132
13615,319,1,417.69,6.037130789291114,0.6931471805599453,2,-1.96234153457971,1.520426787038002
13617,40,3,544.18,6.301116015363744,1.3862943611198906,1,0.14823316983348797,-0.528866911748112
13618,174,1,177.34,5.183691840706733,0.6931471805599453,2,-1.6783344994717748,-0.003341690880006591
13621,117,1,213.85,5.3699401102210045,0.6931471805599453,0,-1.3117830326697464,-0.44558618303087155
13623,31,5,747.78,6.618445215404971,1.791759469228055,1,0.7169604705861468,-0.3308745674798048
13626,253,1,257.23,5.5538506606638975,0.6931471805599453,2,-1.8793950445384882,0.7983616365390303
13627,59,5,1638.47,7.402128297855622,1.791759469228055,1,0.9644865448578397,0.14931076815459174
13629,23,11,7792.36,8.961027368080067,2.4849066497880004,3,2.5329849633350876,0.6129828603421017
13630,5,7,2031.78,7.617159593311352,2.0794415416798357,1,1.5932445554368408,-0.12941941102464172
13631,100,11,3070.42,8.029895274358873,2.4849066497880004,3,1.7058169504884815,1.0062376723709474
13632,25,5,2121.27,7.660241549534091,1.791759469228055,1,1.2549602573553689,-0.07031327397296169
13634,33,5,1575.16,7.362746788107369,1.791759469228055,1,1.070937780888881,-0.08977131090196518
13635,68,1,1071.03,6.977309326313799,0.6931471805599453,0,-0.28958417999410896,-0.3909373759232785
13636,37,5,949.12,6.856588292406893,1.791759469228055,1,0.8043049909485492,-0.2068830944210525
13637,52,3,810.5,6.698884386954646,1.3862943611198906,1,0.2845605132673682,-0.3044743248217593
13638,16,1,122.64,4.817374117263916,0.6931471805599453,0,-1.0934870110422827,-1.494381540443032
13639,74,1,1033.34,6.941518821134943,0.6931471805599453,0,-0.33607631210070743,-0.3492481712115529
13642,216,1,354.8,5.874368775231734,0.6931471805599453,2,-1.5439290558376662,0.5712657295701759
13643,31,3,519.44,6.254674607635275,1.3862943611198906,1,0.169051901659201,-0.6214835322405353
13644,16,4,2624.26,7.87293521773988,1.6094379124341003,1,1.2359302683594549,-0.16660416568344294
13645,120,1,252.1,5.533784667551078,0.6931471805599453,0,-1.2462358679466643,-0.37013856892940455
13647,10,4,1678.1200000000001,7.426025125637361,1.6094379124341003,1,1.046587744595738,-0.35331886808133506
13649,257,2,346.6,5.851052393391237,1.0986122886681096,2,-1.3833474846675042,1.1039317919445213
13650,17,6,1836.34,7.516074152465826,1.9459101490553132,1,1.363934247054641,-0.11461793746231007
13651,35,2,94.2,4.55597994179732,1.0986122886681096,0,-0.9428691458510338,-1.2255335272718146
13652,46,3,1095.08,6.999495457544853,1.3862943611198906,1,0.4604369205601079,-0.2665992312653274
13654,43,6,2707.33,7.90408748775984,1.9459101490553132,1,1.4278152357320286,0.22920920363430497
13655,114,2,932.97,6.83944431779864,1.0986122886681096,1,-0.2091395540797593,0.15101493614622258
13656,165,2,379.65,5.941880317752221,1.0986122886681096,2,-0.8942150975592953,0.3271050908122452
13657,11,2,382.14,5.948400457636955,1.0986122886681096,0,-0.14654618871663735,-1.0169555402070314
13658,10,5,2639.17,7.878598588006555,1.791759469228055,1,1.4341583020094155,-0.13581456318137206
13659,206,2,1573.2,7.36150248570835,1.0986122886681096,2,-0.39883211974911825,1.1119808553716448
13662,86,3,897.76,6.80101603553803,1.3862943611198906,1,0.17009286448880787,0.023383882010844657
13663,179,1,189.47,5.249494701850468,0.6931471805599453,2,-1.6703565111540588,0.06013045464087359
13666,60,3,84.65,4.450269224770129,1.3862943611198906,0,-0.8527274260260491,-0.9101388192509335
13667,149,1,305.02,5.723650459293667,0.6931471805599453,0,-1.2936674139540174,-0.05962291799693886
13668,3,21,6363.59,8.758505094148523,3.091042453358316,3,3.0841116025716513,0.6483793537010007
13669,51,2,218.55,5.391579997007726,1.0986122886681096,0,-0.6119661324161938,-0.8346345838875429
13670,75,1,349.7,5.859931157146132,0.6931471805599453,0,-0.8693455457779553,-0.665466547877029
13672,301,2,186.39000000000001,5.233192006587575,1.0986122886681096,2,-1.8979271402608997,1.30287508987019
13673,19,2,396.92,5.986250980055095,1.0986122886681096,0,-0.16672789088388545,-0.9356604043406836
13675,151,2,486.82000000000005,6.189946485351331,1.0986122886681096,0,-0.7053362710858396,0.27927017960060074
13678,152,1,232.6,5.453610250954072,0.6931471805599453,0,-1.4401047899076715,-0.11453427679520845
13680,1,4,3722.42,8.22239787975808,1.6094379124341003,1,1.4791830288885441,-0.19271528547573336
13681,18,4,827.83,6.720015067761323,1.6094379124341003,1,0.6629755744381844,-0.495513720571888
13682,187,1,59.5,4.102643365036796,0.6931471805599453,2,-2.2693519890954286,-0.21451342782522861
13684,286,1,67.23,4.222884350827332,0.6931471805599453,2,-2.6892018801035906,0.686910806215638
13685,3,7,3119.44,8.045729296501372,2.0794415416798357,3,1.8123009129773395,-0.01813810154619641
13686,183,1,72.0,4.290459441148391,0.6931471805599453,2,-2.1582528268230647,-0.1930463733483634
13689,63,1,910.0,6.814542897259958,0.6931471805599453,0,-0.34493598512255497,-0.48354184440540915
13690,59,1,172.25,5.1547356380700124,0.6931471805599453,0,-1.136536375974641,-1.0171859608030354
13692,25,3,1488.32,7.30607491892943,1.3862943611198906,1,0.7117439358846285,-0.35803676153318686
13694,4,50,65039.62,11.082767276771584,3.9318256327243257,3,4.982464812197105,1.7314158310521155
13695,31,15,2504.13,7.826095908379989,2.772588722239781,3,2.2024600660261444,0.4705656633687224
13697,39,1,151.29999999999998,5.025852259901116,0.6931471805599453,0,-1.1028192136135486,-1.2307162031756131
13699,155,1,308.58000000000004,5.735216540145732,0.6931471805599453,0,-1.3170223793931275,-0.0037056130994396713
13700,26,10,2265.12,7.725824396937778,2.3978952727983707,3,1.8355554625760429,0.22918247431481734
13703,318,1,99.5,4.61015772749913,0.6931471805599453,2,-2.6546882600006914,1.08295795100616
13704,5,9,2308.06,7.744595794291895,2.302585092994046,3,1.8592312103237865,0.008653423376008475
13705,8,3,711.86,6.569285047698251,1.3862943611198906,1,0.4339512541067631,-0.7279889603068814
13706,303,1,330.79,5.8045022386644325,0.6931471805599453,2,-1.9986487300603057,1.3106882628355967
13707,267,2,806.41,6.693831593776871,1.0986122886681096,2,-1.0199310876058494,1.4445453599320213
13708,271,1,296.88,5.696690720842445,0.6931471805599453,2,-1.896624728950557,0.9986043353940055
13709,4,13,6328.05,8.752905424886302,2.639057329615259,3,2.6638898467069203,0.4533190489618752
13710,32,1,180.48,5.201145454795763,0.6931471805599453,0,-0.9833354753271495,-1.2392327598289932
13711,219,2,252.06,5.5336266147611175,1.0986122886681096,2,-1.3547295841474385,0.676427762165913
13712,247,1,228.84,5.437383414671034,0.6931471805599453,2,-1.9072919945117681,0.7109271887830256
13715,281,5,1079.34,6.985031085389294,1.791759469228055,2,-0.31251229090731075,1.964361439757078
13716,269,1,138.28,4.936486295459933,0.6931471805599453,2,-2.2583717495256495,0.7527231292185218
13717,32,6,1445.01,7.276563318324119,1.9459101490553132,1,1.174401021234247,-0.05547222303910177
13718,246,2,306.55,5.728637675654378,1.0986122886681096,2,-1.3899786738507225,0.971008515211652
13719,15,5,1041.68,6.949549600639115,1.791759469228055,1,0.9560781734385485,-0.3712417462855874
13720,117,4,799.9,6.685736095329637,1.6094379124341003,1,0.16763134723554896,0.35948559920569545
13721,36,1,524.14,6.263664893709055,0.6931471805599453,0,-0.4835540056527489,-0.885041421997153
13722,132,3,2375.41,7.773346224518516,1.3862943611198906,1,0.42276935719797165,0.7175744635781443
13723,217,1,199.85000000000002,5.302558360805291,0.6931471805599453,2,-1.8281347024836012,0.40820792437126385
13725,50,8,1980.56,7.5916396922628975,2.1972245773362196,1,1.4707654700013626,0.30890075497892855
13726,39,2,1079.6599999999999,6.985327244577021,1.0986122886681096,1,0.2247080148259847,-0.46068412867731784
13727,29,2,333.48,5.81257708704831,1.0986122886681096,0,-0.2999234036450473,-0.9004361741209798
13728,37,6,1016.14,6.924750046357999,1.9459101490553132,1,0.9783428894548429,-0.11747120369278607
13730,136,2,752.6,6.624861723262153,1.0986122886681096,0,-0.42033365786883,0.2788329504502323
13731,219,2,610.59,6.416062123365316,1.0986122886681096,2,-0.9235950969072931,0.941552043204807
13732,28,1,491.86,6.200225158054739,0.6931471805599453,0,-0.475874511544771,-0.9740247364277604
13735,25,4,2885.2400000000002,7.967709895959368,1.6094379124341003,1,1.238725885215999,-0.05946600399708159
13736,5,2,731.9,6.597009266931805,1.0986122886681096,0,0.19935264534185354,-0.8745258935103183
13737,200,1,339.59999999999997,5.830708768228588,0.6931471805599453,2,-1.487911253779896,0.4183020617495166
13739,18,1,216.9,5.384036241950574,0.6931471805599453,0,-0.8262996038963579,-1.3066493579891412
13740,241,1,350.75,5.862920695994498,0.6931471805599453,2,-1.6703799678653484,0.7863358714580069
13741,72,3,668.4300000000001,6.50642660402637,1.3862943611198906,1,0.0938446180040591,-0.1874897715940458
13742,17,12,3131.02,8.049433442786347,2.5649493574615367,3,2.189687370977838,0.32244915082228187
13743,3,7,1341.6,7.2023633115046515,2.0794415416798357,1,1.4002547544172927,-0.271524097740514
13744,95,2,1156.36,7.053896828321335,1.0986122886681096,1,-0.012511928124893228,0.04937899928857872
13745,162,1,300.04,5.707243146285182,0.6931471805599453,2,-1.3645295865224558,0.049072598882994804
13747,374,1,79.6,4.389498649512583,0.6931471805599453,2,-3.033217623928665,1.5061234640760648
13748,96,5,948.25,6.855672199111912,1.791759469228055,1,0.518633274586928,0.3085244955987856
13750,54,5,1647.26,7.407475465015805,1.791759469228055,1,0.9912705654017709,0.10721536905432068
13751,288,1,296.25,5.694573535570891,0.6931471805599453,2,-1.979842355367711,1.1465548125691185
13752,124,6,1186.28,7.0794202555875625,1.9459101490553132,1,0.6333258890500618,0.689412512532474
13753,288,1,741.26,6.609699586102796,0.6931471805599453,2,-1.53273614000219,1.421500838473044
13754,152,2,282.59999999999997,5.647564794657972,1.0986122886681096,0,-0.9751638271029598,0.12505411880742748
13755,4,9,2161.35,7.67895087223838,2.302585092994046,3,1.8319931571729005,-0.019809722396307412
13756,2,14,5189.52,8.55458916381921,2.70805020110221,3,2.639655258462819,0.4071071028019258
13758,12,7,3190.55,8.068261971187837,2.0794415416798357,3,1.7798010109583162,0.0672952340528767
13759,33,2,659.4100000000001,6.492860854269306,1.0986122886681096,0,0.013107897078631471,-0.6610860418579565
13760,54,2,286.79,5.662231047497966,1.0986122886681096,0,-0.4942361597558349,-0.7270973786111183
13761,50,2,1070.65,6.976954795783142,1.0986122886681096,1,0.1674400777500932,-0.36705534220178593
13762,219,1,306.72,5.729190278590734,0.6931471805599453,2,-1.6293623249481475,0.5538685814089396
13763,63,1,1714.96,7.447727969752915,0.6931471805599453,1,-0.03557862257810516,-0.29330387746911774
13764,71,3,1521.76,7.328279756761194,1.3862943611198906,1,0.5002144870975052,0.05069239178925577
13767,2,37,17220.36,9.753905752795765,3.6375861597263857,3,4.074253482643899,1.1831060965227227
13769,2,10,2796.51,7.936485014799888,2.3978952727983707,3,2.054502007850711,0.08270534374559406
13771,64,4,2634.45,7.876809224383177,1.6094379124341003,1,1.0057762488330324,0.25409833522400055
13772,34,3,1132.13,7.032738994075221,1.3862943611198906,1,0.5346905161187998,-0.3614959840534961
13774,82,1,345.0,5.846438775057724,0.6931471805599453,0,-0.9097777162340925,-0.6083375728106413
13777,1,33,25977.16,10.165011464005927,3.5263605246161616,3,4.1783967488721,1.2481430276523569
13778,103,1,178.7,5.191288793789513,0.6931471805599453,0,-1.3313870039533058,-0.6216266855375536
13780,7,2,360.01,5.888905658780245,1.0986122886681096,0,-0.1562765332226511,-1.069792066308859
13781,251,1,127.84,4.858571324462998,0.6931471805599453,2,-2.209421395715756,0.5719869182856928
13782,13,6,912.0,6.816735880594968,1.9459101490553132,1,1.0415934228454131,-0.3596929207729046
13784,10,11,2462.79,7.809456093748633,2.4849066497880004,3,2.0332039053780795,0.15337276645571224
13786,367,1,230.39999999999998,5.444147814759576,0.6931471805599453,2,-2.4841039787733807,1.7618059532948234
13787,76,2,309.04,5.736701321413311,1.0986122886681096,0,-0.5642067304819697,-0.5124345658110236
13790,4,1,348.8,5.857361562584502,0.6931471805599453,0,-0.5273651546687461,-1.286806041824995
13791,128,2,1516.0,7.324489979348532,1.0986122886681096,1,-0.03983946609658093,0.4191104156703063
13792,66,2,195.55,5.280916851867869,1.0986122886681096,0,-0.7385478090431989,-0.7367770876093951
13798,1,57,37153.85,10.522849593441716,4.060443010546419,3,4.840831454231437,1.5944846036362252
13799,117,2,688.86,6.5364886784538845,1.0986122886681096,0,-0.3716585329724714,0.08621426544329949
13800,310,1,558.32,6.32672176017265,0.6931471805599453,2,-1.7773463322521823,1.528769774263186
13801,67,1,324.8,5.786283696167945,0.6931471805599453,0,-0.8666532743967201,-0.7575167332700422
13802,139,3,4599.42,8.433902882657025,1.3862943611198906,1,0.7116595955744216,0.9772188241119517
13803,255,1,277.07,5.627872880555851,0.6931471805599453,2,-1.8528983741962708,0.8380820954207815
13804,31,7,2635.79,7.8773175472322325,2.0794415416798357,1,1.5946588099996981,0.17599408314481885
13805,52,2,924.6,6.830442175879467,1.0986122886681096,1,0.08618929896226586,-0.3935937093472509
13806,64,1,256.38,5.550553592065519,0.6931471805599453,0,-0.9673218027157637,-0.854562077425747
13807,367,1,112.6,4.732683506287051,0.6931471805599453,2,-2.831706491174713,1.5480492975059217
13808,6,5,1747.66,7.466605059322925,1.791759469228055,1,1.2522064663520331,-0.2945579475195711
13809,305,1,155.05,5.0501764687167885,0.6931471805599453,2,-2.376860825824739,1.1015348231549305
13810,29,3,1499.01,7.313227053734746,1.3862943611198906,1,0.6959010487985949,-0.32092638316564187
13811,184,3,814.5,6.703801422061068,1.3862943611198906,2,-0.3511657333214711,0.8507340488489459
13812,42,3,539.0,6.29156913955832,1.3862943611198906,1,0.13390020574768716,-0.5142544592847376
13813,40,4,1366.8600000000001,7.221002753764198,1.6094379124341003,1,0.8013900516462779,-0.15270542730587044
13814,92,2,1579.12,7.365256072504094,1.0986122886681096,1,0.1541128282750411,0.11670450004320124
13815,22,4,4027.36,8.301114624224146,1.6094379124341003,1,1.4161214779920626,0.014482975822481103
13816,24,2,571.6700000000001,6.3503096345809205,1.0986122886681096,0,-0.013030065487552344,-0.7825784776912209
13817,29,2,382.98,5.950590467898009,1.0986122886681096,0,-0.2324937415283988,-0.8589705961668455
13819,302,3,1140.35,7.039967051290641,1.3862943611198906,2,-0.757372435268612,1.9830993444926672
13821,145,2,385.64,5.957494027536828,1.0986122886681096,0,-0.7899005064738444,0.1569884307154793
13822,6,2,632.0,6.450470422144176,1.0986122886681096,0,0.12292336119073297,-0.9098125267114988
13823,19,2,957.66,6.865536476045727,1.0986122886681096,1,0.2628675840888384,-0.6714825322135938
13824,33,5,1698.94,7.438348235303808,1.791759469228055,1,1.107874634464964,-0.06705715316690279
13826,176,1,189.5,5.249652194566756,0.6931471805599453,2,-1.6557766421578017,0.03395661203147045
13827,58,3,412.05,6.023568651008515,1.3862943611198906,0,-0.07438661385649734,-0.4549279626862573
13828,22,1,209.49,5.349438146055751,0.6931471805599453,0,-0.8625405417516018,-1.2820826723783516
13831,16,6,2202.99,7.69802463305743,1.9459101490553132,1,1.457664713327082,-0.06869201743348329
13832,19,1,52.199999999999996,3.9740583963475986,0.6931471805599453,0,-1.5200115341609945,-1.7215312743147586
13833,159,1,384.8,5.955319100471629,0.6931471805599453,2,-1.2288233601651142,0.09738488382926118
13835,25,4,834.57,6.728114126692287,1.6094379124341003,1,0.6330924070104806,-0.4318976818945749
13837,212,2,271.24,5.606684030192651,1.0986122886681096,2,-1.285195524819614,0.6371948673072823
13838,6,4,691.73,6.540640312882445,1.6094379124341003,1,0.6333495355637648,-0.6542908035325795
13841,253,1,85.0,4.454347296253507,0.6931471805599453,2,-2.4165831048690336,0.4680201711890687
13842,59,9,3385.62,8.127587652841866,2.302585092994046,3,1.7852982315397015,0.595702714503412
13844,11,1,361.62,5.893355453997662,0.6931471805599453,0,-0.5436196498800695,-1.2148091103408625
13845,65,1,312.98,5.749329289612172,0.6931471805599453,0,-0.8750395983850306,-0.7861003132925283
13846,25,3,865.0600000000001,6.763954190227071,1.3862943611198906,1,0.4468781863625522,-0.5209148042139938
13848,92,3,1255.0,7.135687347028144,1.3862943611198906,1,0.30459850934640503,0.17637688381487143
13849,52,2,1537.95,7.338855644682132,1.0986122886681096,1,0.3345865790365161,-0.24084288045097665
13850,129,1,1595.48,7.375556484672672,0.6931471805599453,0,-0.38990397750801153,0.2618780183328399
13851,96,3,2651.46,7.883242790261331,1.3862943611198906,1,0.6504969592957277,0.4359385267923997
13853,57,1,1090.14,6.994978300240205,0.6931471805599453,0,-0.22777420833660053,-0.4817730579533425
13854,9,25,8109.5199999999995,9.000917263426343,3.258096538021482,3,3.3260582683821904,0.8483565510908032
13856,169,3,388.5,5.964863865310803,1.3862943611198906,2,-0.6396763318768778,0.49761736018511377
13858,57,1,216.17,5.38068045697316,0.6931471805599453,0,-1.0164771403057395,-0.9667825015961864
13859,326,1,201.16,5.309059463079938,0.6931471805599453,2,-2.351897945462529,1.3628633262733016
13860,1,5,1245.9,7.1284157500025405,1.791759469228055,1,1.1111477140342845,-0.43986753105538445
13862,18,8,2209.36,7.700910677173299,2.1972245773362196,3,1.6788502002995547,0.06203841245982668
13863,248,1,305.78,5.726130878319963,0.6931471805599453,2,-1.7710519815181092,0.8064206164985452
13865,58,4,501.56,6.219715035790337,1.6094379124341003,1,0.22517000684947716,-0.2962114235584721
13866,74,1,145.67000000000002,4.988185165258664,0.6931471805599453,0,-1.2904231124320045,-0.9361195925151089
13867,31,3,1015.29,6.923914020481024,1.3862943611198906,1,0.4960244546501119,-0.4204131804204064
13868,7,2,3192.54,8.068885298365506,1.0986122886681096,1,0.9088034583941735,-0.41482574980299647
13869,123,4,3104.95,8.04107490570398,1.6094379124341003,1,0.8008079481952854,0.8191341403470697
13870,2,8,2770.94,7.927302715053892,2.1972245773362196,3,1.8668082390815541,-0.009789179642240539
13871,23,13,6403.25,8.764717111455825,2.639057329615259,3,2.5778088812649087,0.622935174733045
13873,120,3,389.6,5.967684018442578,1.3862943611198906,0,-0.40141741675608683,0.07018570638507679
13874,358,1,540.45,6.294250726074389,0.6931471805599453,2,-2.0252575706926743,1.9385525504972914
13875,54,5,1786.79,7.488735499171278,1.791759469228055,1,1.0309720538585894,0.13162962700586558
13876,64,1,122.7,4.8178592793984425,0.6931471805599453,0,-1.3252967297392158,-1.0746972045518186
13877,86,1,117.24,4.772716457199891,0.6931471805599453,0,-1.4537070735223543,-0.8959716764607157
13878,55,1,1281.53,7.156589968584206,0.6931471805599453,0,-0.13914643661992887,-0.4506982410355366
13880,21,13,3219.77,8.077375740386112,2.639057329615259,3,2.2516608084356835,0.3989453869112203
13881,4,20,17159.52,9.75036667561313,3.044522437723423,3,3.5214027864420476,0.9343178773182242
13882,3,5,1191.13,7.083496902081326,1.791759469228055,1,1.0795329464488308,-0.4358824486203993
13883,11,5,2674.48,7.891884082485147,1.791759469228055,1,1.435814933357128,-0.12308260167811064
13884,7,5,787.6,6.670259221443527,1.791759469228055,1,0.8582987919502564,-0.5250765383852904
13885,189,2,506.8,6.230087669270578,1.0986122886681096,2,-0.8694280395482301,0.6234651424852847
13886,71,1,243.56,5.499460677582579,0.6931471805599453,0,-1.0261245918695943,-0.8087300345663915
13887,204,1,349.55,5.859503349652977,0.6931471805599453,2,-1.493180217859935,0.461914828159991
13888,120,2,605.63,6.407919050015748,1.0986122886681096,0,-0.44897715142977646,0.07380718646923726
13889,93,1,416.90000000000003,6.03524216945387,0.6931471805599453,0,-0.8707107877917786,-0.45546807904911013
13890,1,10,1883.8100000000002,7.54158229904591,2.3978952727983707,3,1.8663973659545368,-0.044682012328918476
13892,27,4,632.97,6.4520016347056774,1.6094379124341003,1,0.48852258240904456,-0.49737382134599567
13893,298,1,821.1,6.711862042158088,0.6931471805599453,2,-1.531165359073313,1.5395990158723578
13894,24,3,564.62,6.337922474636114,1.3862943611198906,1,0.24356474421734636,-0.6576547459684424
13895,28,4,2593.07,7.860983349863101,1.6094379124341003,1,1.172079215035234,-0.065310414713696
13897,50,1,311.16,5.743515876874802,0.6931471805599453,0,-0.8053652657692915,-0.9189527336914552
13898,326,1,155.93,5.055799846050629,0.6931471805599453,2,-2.4756338491766456,1.2867724695179008
13899,16,2,388.52,5.9649152118744455,1.0986122886681096,0,-0.16264905672311125,-0.9682918127290245
13900,183,3,740.95,6.609281855452135,1.3862943611198906,2,-0.39251116877198,0.8135956295825729
13901,72,5,2867.2,7.961439934295112,1.791759469228055,1,1.1749053176327044,0.4309787811144903
13904,37,2,332.64,5.810062567373411,1.0986122886681096,0,-0.33982639032036815,-0.8312685565374682
13908,80,4,2369.55,7.770877274716226,1.6094379124341003,1,0.8766718008896872,0.36211768748318135
13911,57,9,2580.91,7.856284714098846,2.302585092994046,3,1.6624154562244904,0.49671003885540976
13914,12,2,626.45,6.441663986556317,1.0986122886681096,0,0.08961492680859372,-0.8600160643247814
13917,50,2,272.04,5.609618304598452,1.0986122886681096,0,-0.5006041150137585,-0.7778662180435743
13918,50,2,1212.8400000000001,7.101544167216986,1.0986122886681096,1,0.2283111263932583,-0.3296229551271387
13919,59,2,384.81,5.955345020301596,1.0986122886681096,0,-0.3752000163503984,-0.5953305028086934
13922,352,1,172.25,5.1547356380700124,0.6931471805599453,2,-2.552988449023438,1.5437473986648804
13923,54,1,351.13,5.864000425598742,0.6931471805599453,0,-0.7658369538429676,-0.8477920769006121
13924,2,6,1838.8500000000001,7.517439325540823,1.9459101490553132,1,1.4371158455081063,-0.24531357996209016
13925,93,4,678.25,6.520989248306457,1.6094379124341003,1,0.20316380354698857,0.10021877097145161
13926,23,1,223.85000000000002,5.415433513216716,0.6931471805599453,0,-0.8351312704547627,-1.2535142367505727
13927,75,1,348.99,5.857904582646717,0.6931471805599453,0,-0.8703356761037866,-0.6660754242219746
13928,11,4,464.57,6.143262461351643,1.6094379124341003,1,0.41502976374904,-0.7299794830709265
13929,169,2,842.65,6.737737716644347,1.0986122886681096,2,-0.5247175985206493,0.6011788665654644
13930,58,2,337.34,5.824051307047146,1.0986122886681096,0,-0.4345123204311001,-0.6435175699310818
13931,96,2,1237.53,7.121680471486267,1.0986122886681096,1,0.01577104719960181,0.0784847154147373
13932,295,1,307.4,5.731397641689174,0.6931471805599453,2,-1.9956912297855571,1.218801178799085
13933,109,2,608.7900000000001,6.413114635600407,1.0986122886681096,0,-0.39326134510721944,-0.02077607607405346
13934,264,1,922.1,6.8277375709961055,0.6931471805599453,2,-1.310185209680495,1.2772402088390569
13936,180,1,376.58,5.933782466766897,0.6931471805599453,2,-1.3408660415468445,0.274462411600676
13937,169,1,158.85,5.074235875505851,0.6931471805599453,2,-1.7076402318009354,-0.07992923998043407
13938,35,1,71.66,4.2857910267930555,0.6931471805599453,0,-1.4450561920920812,-1.4880262401694686
13939,23,3,568.55,6.344846575345921,1.3862943611198906,1,0.2517819828283157,-0.6643148140107454
13940,17,4,839.14,6.73356854461668,1.6094379124341003,1,0.6744317496709982,-0.5001820186013256
13941,22,5,5112.96,8.539729334154528,1.791759469228055,1,1.6991574874146262,0.1677042143009159
13946,79,3,561.5699999999999,6.332515570780452,1.3862943611198906,1,-0.024963832912444084,-0.17855794990449497
13947,65,1,90.6,4.517431271680085,0.6931471805599453,0,-1.4769121603056137,-1.156219232049657
13948,361,1,102.0,4.634728988229636,0.6931471805599453,2,-2.8505586153357467,1.4661769261125488
13949,3,6,2427.32,7.794954939211736,1.9459101490553132,1,1.567868275744936,-0.15319471743702678
13950,11,4,745.06,6.61480602592395,1.6094379124341003,1,0.6454133905874948,-0.5883060720207547
13951,176,3,674.45,6.5153791354156905,1.3862943611198906,2,-0.4045493849166039,0.7242002180907201
13952,218,2,3251.071,8.087047303147697,1.0986122886681096,1,-0.10236193467710557,1.434852587458997
13953,7,7,3515.68,8.16527264169811,2.0794415416798357,3,1.8513693779277287,0.0527397743433482
13954,2,2,439.92,6.088863453095115,1.0986122886681096,0,-0.034410943394938255,-1.0534174672009582
13955,154,2,322.96,5.780620051380789,1.0986122886681096,0,-0.9198251872160669,0.18251082163530163
13956,5,5,1026.42,6.934806084458451,1.791759469228055,1,0.9972179582682281,-0.46307524671139266
13959,79,3,598.2,6.3955954322030095,1.3862943611198906,1,0.005855307347007949,-0.15960585341175304
13960,21,2,230.22,5.443369638247176,1.0986122886681096,0,-0.44163387054471753,-1.0812861964554707
13962,22,2,169.55,5.139028508864655,1.0986122886681096,0,-0.5951611481364641,-1.1639839059807353
13963,308,4,664.54,6.500598741212994,1.6094379124341003,2,-0.8461745497081987,1.9732757051016305
13967,146,1,80.7,4.403054001865957,0.6931471805599453,0,-1.9243727488208946,-0.4826120950380694
13969,7,18,9053.94,9.111065744122175,2.9444389791664403,3,3.1031806537797815,0.7237083560696839
13971,19,8,2758.26,7.922717806819661,2.1972245773362196,3,1.782384948948706,0.13741987986562798
13972,71,2,190.25,5.253581472706645,1.0986122886681096,0,-0.776074684349844,-0.7012879604023843
13973,287,1,264.7,5.582367852765768,0.6931471805599453,2,-2.0298287561501507,1.1041026691890115
13974,49,1,413.59000000000003,6.027290080077415,0.6931471805599453,0,-0.6618864405417363,-0.8424342763194194
13975,31,6,2526.28,7.834898904574059,1.9459101490553132,1,1.4520232257137227,0.10353712298337804
13976,207,1,357.98,5.8832666766299955,0.6931471805599453,2,-1.496073011446964,0.49527558704963376
13978,15,2,196.79000000000002,5.287205861793318,1.0986122886681096,0,-0.4889254880473956,-1.1806473108013738
13979,73,1,869.87,6.769492711981713,0.6931471805599453,0,-0.41528937997508303,-0.40967312662419936
13980,60,1,200.14,5.304001183016334,0.6931471805599453,0,-1.0684435135803954,-0.9635993274689518
13982,39,4,1871.81,7.535195255760907,1.6094379124341003,1,0.959730447521703,-0.06704791158953996
13983,30,12,2603.43,7.864969120264265,2.5649493574615367,3,2.036717019491754,0.3806525995721423
13984,27,5,920.51,6.8260136289229445,1.791759469228055,1,0.83771009884323,-0.30347300084579937
13985,4,15,7060.13,8.862360374336811,2.772588722239781,3,2.839277585086402,0.5459168040805964
13986,17,1,320.46,5.7728731191409945,0.6931471805599453,0,-0.6314899543352949,-1.1985652330601633
13988,20,6,4147.96,8.330612979409075,1.9459101490553132,3,1.7473933017055419,0.15632821304800826
13989,66,2,1266.08,7.144470319606423,1.0986122886681096,1,0.17193478251627822,-0.1768797710414942
13990,213,1,311.3,5.7439642642890325,0.6931471805599453,2,-1.5931383045182368,0.5058650460034771
13991,12,6,855.97,6.753402912150755,1.9459101490553132,1,1.0154849286528311,-0.3874614491681035
13992,30,1,76.8,4.354141431184346,0.6931471805599453,0,-1.387490467827877,-1.5111925642142248
13993,43,9,3466.36,8.151148776464021,2.302585092994046,3,1.8741584876932773,0.46293537123438455
13994,4,6,2313.14,7.746793407219949,1.9459101490553132,1,1.5395035265028734,-0.15892427358133351
13995,15,5,1393.69,7.240427447338227,1.791759469228055,1,1.0981933422677175,-0.28384864024634016
13999,10,12,3901.81,8.269452085493503,2.5649493574615367,3,2.3310227718743834,0.32737017921598405
14000,211,1,635.66,6.456235761113554,0.6931471805599453,2,-1.2354728065531977,0.7023834445761338
14001,46,3,2043.0800000000002,7.622703089500935,1.3862943611198906,1,0.7649195713914733,-0.07935894713209025
14002,134,2,529.73,6.274253417348632,1.0986122886681096,0,-0.5819629234114437,0.15601328886547597
14004,43,7,4582.64,8.430248721279204,2.0794415416798357,3,1.8067945661995777,0.44700472435846456
14005,10,5,2874.72,7.964058356660503,1.791759469228055,1,1.4759116688889522,-0.11013851150257344
14006,116,3,962.19,6.870250692440862,1.3862943611198906,1,0.05888985140028664,0.30639676939188876
14009,198,2,695.61,6.546225713269575,1.0986122886681096,2,-0.7584801778323869,0.7971110575750349
14012,278,1,328.8,5.7984864101254985,0.6931471805599453,2,-1.8807302182487005,1.090371158480661
14013,110,3,473.02,6.161249514897758,1.3862943611198906,0,-0.25850339633120556,0.0409378302575922
14014,77,1,505.18,6.226892337255411,0.6931471805599453,0,-0.6997267014360453,-0.5377337294986081
14015,53,1,917.34,6.8225676924206855,0.6931471805599453,0,-0.2926722097691695,-0.5685346951565382
14016,162,4,4341.21,8.376138714077541,1.6094379124341003,1,0.7759732118304957,1.260677833746021
14019,47,3,1421.61,7.260248491657529,1.3862943611198906,1,0.5829996008693832,-0.17951661990015258
14020,17,2,642.8,6.467388118864708,1.0986122886681096,0,0.07801151565044959,-0.8085854153935282
14021,155,3,631.9,6.45031243178126,1.3862943611198906,1,-0.3348187876168756,0.5211030579226756
14022,225,1,440.0,6.089044875446846,0.6931471805599453,2,-1.4825527975774069,0.7144278023437202
14023,7,2,584.07,6.371731498193053,1.0986122886681096,0,0.07961931261745712,-0.9247289401164415
14024,122,2,327.7,5.795145480670174,1.0986122886681096,0,-0.7580306119973792,-0.09281745076845037
14027,61,1,104.82,4.661739537475985,0.6931471805599453,0,-1.3870697553922875,-1.14782392821865
14029,63,2,467.66,6.149877558850261,1.0986122886681096,0,-0.2994938287459489,-0.5019224184458247
14030,18,8,2360.09,7.766878655799901,2.1972245773362196,3,1.7110803977045026,0.08185823241769694
14031,7,19,17286.86,9.757759800051202,2.995732273553991,3,3.465967695851695,0.9409423323260993
14032,2,11,2975.59,7.998533628991687,2.4849066497880004,3,2.1642566126513154,0.14025727380220593
14034,22,3,651.8199999999999,6.481301440435488,1.3862943611198906,1,0.3232845030696969,-0.6320578728849531
14035,29,5,1428.02,7.264744173633186,1.791759469228055,1,1.0423935432664881,-0.15417735888999767
14036,285,1,626.65,6.441982686264217,0.6931471805599453,2,-1.600175228141254,1.344889794281227
14037,176,2,147.20000000000002,4.998562712861987,1.0986122886681096,2,-1.4082723371291979,0.1398332789959835
14038,78,3,1560.38,7.353325324586606,1.3862943611198906,1,0.47861093257236376,0.11939994247277387
14039,33,1,152.2,5.0317442573064906,0.6931471805599453,0,-1.0709346961059536,-1.2813882970620032
14040,41,12,3614.92,8.193101597373525,2.5649493574615367,3,2.1438564269395584,0.5753829687426338
14041,266,1,141.41,4.958710221231336,0.6931471805599453,2,-2.233010809042951,0.7331790597107066
14044,27,4,652.82,6.48283208421685,1.6094379124341003,1,0.5035855189203,-0.48811093393829763
14045,109,4,1659.75,7.415024586545351,1.6094379124341003,1,0.5626167399388835,0.5086743655207899
14046,284,1,154.99,5.049791902630777,0.6931471805599453,2,-2.2755282588245347,0.9178711570455156
14047,9,5,1308.6100000000001,7.177484661947137,1.791759469228055,1,1.0964470182057313,-0.3552018741383586
14048,305,1,409.93,6.018422883689063,0.6931471805599453,2,-1.9038014151699283,1.3924406538190406
14049,17,4,5681.72,8.645185270331435,1.6094379124341003,1,1.6083967689893457,0.07415571496144799
14050,32,2,746.36,6.616546996753798,1.0986122886681096,0,0.07837195952975598,-0.6326654132642952
14051,1,23,15610.390000000001,9.655756055028828,3.1780538303479458,3,3.611592444513506,0.9393837731163955
14052,20,1,225.36,5.422126652274323,0.6931471805599453,0,-0.817358258722665,-1.2777244700984818
14053,124,2,260.25,5.565477803279021,1.0986122886681096,0,-0.8799087371711158,-0.1443394281790868
14054,65,1,92.46,4.53753353727228,0.6931471805599453,0,-1.467090728729084,-1.1501795853441275
14055,106,1,725.6400000000001,6.588431169193958,0.6931471805599453,0,-0.6632833722415672,-0.17563958822670894
14056,1,23,8214.65,9.013796150895738,3.1780538303479458,3,3.2979479329333476,0.7465094424944365
14057,24,17,6217.96,8.735357969180969,2.8903717578961645,3,2.788074536382587,0.7352372781900068
14059,267,1,183.6,5.218191322068752,0.6931471805599453,2,-2.1110695614560515,0.8198795237213785
14060,5,19,6140.42,8.722811264760628,2.995732273553991,3,2.9699880205471647,0.6125153379328865
14062,10,12,10464.85,9.255872854706382,2.5649493574615367,3,2.812961687966184,0.623736423195746
14064,29,5,1353.74,7.211364832983292,1.791759469228055,1,1.0163138190986434,-0.1702149720346895
14066,267,1,152.55,5.034026246886832,0.6931471805599453,2,-2.201047712246574,0.7645478505577357
14067,64,2,374.7,5.928790952579924,1.0986122886681096,0,-0.41234516369666413,-0.5596066336498247
14068,320,1,265.85,5.586686702779954,0.6931471805599453,2,-2.1872508258050196,1.3938330181535021
14071,4,8,1438.82,7.272273384756895,2.1972245773362196,1,1.537109739127957,-0.18910939421420597
14073,32,1,151.04,5.024143644121048,0.6931471805599453,0,-1.0698138458615893,-1.2924122583194204
14075,5,3,942.26,6.849341960431477,1.3862943611198906,1,0.5852825250481827,-0.6700681220340822
14076,129,1,122.47,4.815998211579652,0.6931471805599453,0,-1.6404359799845722,-0.5071312070600998
14077,41,5,499.41999999999996,6.2154477458196355,1.791759469228055,1,0.47172356597680665,-0.3645497047184952
14078,102,6,1049.37,6.956897762032364,1.9459101490553132,1,0.6798194250544771,0.4603125991622872
14079,125,1,375.1,5.929855065476291,0.6931471805599453,0,-1.0768979573071746,-0.2074388397654118
14080,33,1,45.599999999999994,3.8416005411316,0.6931471805599453,0,-1.6524072182472742,-1.6389622999292808
14081,302,2,934.52,6.84110252442736,1.0986122886681096,2,-1.1171791927958323,1.7947058735797252
14082,365,1,182.25,5.2108513407667605,0.6931471805599453,2,-2.5884178076532787,1.6742321706350085
14083,4,9,1018.43,6.926998926548841,2.302585092994046,1,1.4646094635510478,-0.24573072969130738
14085,2,18,4448.54,8.40055599903064,2.9444389791664403,3,2.7802160527058706,0.46653656063574395
14087,3,1,194.42,5.275151088516197,0.6931471805599453,0,-0.8069833786335778,-1.4704692778611408
14088,10,13,50491.81,10.829586228889369,2.639057329615259,3,3.6494949339589007,1.1296919575830693
14089,57,1,161.0,5.087596335232384,0.6931471805599453,0,-1.1596702363596447,-1.0548384743021662
14090,325,1,76.32000000000001,4.34795265434013,0.6931471805599453,2,-2.8166348272476447,1.0653621753543447
14092,8,14,4076.91,8.313339881248881,2.70805020110221,3,2.4927814397899435,0.3870670251945318
14093,12,1,442.85,6.095486667514328,0.6931471805599453,0,-0.44969802981520957,-1.1453391946199187
14096,4,17,65164.79,11.084689916963537,2.8903717578961645,3,4.0325817036866765,1.2662770923779612
14098,37,1,147.35,4.99957434673683,0.6931471805599453,0,-1.1059892872821702,-1.2560920727117977
14099,16,11,3104.17,8.040823743271407,2.4849066497880004,3,2.1172381323268863,0.2753285889523268
14100,138,1,194.9,5.277604324950495,0.6931471805599453,0,-1.4584162938839116,-0.2897799821428581
14101,74,6,5976.79,8.695806213421232,1.9459101490553132,3,1.6647643890102883,0.7380299773725372
14102,5,5,1360.28,7.216180712571818,1.791759469228055,1,1.1346901075994884,-0.37853734535343314
14104,155,2,216.20999999999998,5.380864627515602,1.0986122886681096,0,-1.1199693478843262,0.07114626226220677
14105,239,1,1266.23,7.144588695022355,0.6931471805599453,2,-1.0345225038924275,1.153927211679968
14107,52,7,2703.23,7.902572492717126,2.0794415416798357,1,1.5054772479908558,0.36712995701672835
14108,31,2,597.91,6.395111336409363,1.0986122886681096,0,-0.024981299111966747,-0.7079352741780174
14109,73,1,144.2,4.978112102390695,0.6931471805599453,0,-1.2905102352527642,-0.9478863915641753
14110,4,12,5683.15,8.645436878735076,2.5649493574615367,3,2.5437247725955636,0.38789101156275224
14111,14,4,692.85,6.54225579881702,1.6094379124341003,1,0.5954643596331134,-0.5838823419925162
14112,23,7,2915.15,7.978019532134758,2.0794415416798357,1,1.682533577118534,0.13632650366231505
14113,4,4,1840.42,7.518292292095946,1.6094379124341003,1,1.120672869237718,-0.37803988183602477
14114,274,2,386.53,5.959793265151517,1.0986122886681096,2,-1.4124028169466332,1.2851891367392556
14116,20,5,1382.74,7.2325452572578,1.791759469228055,1,1.0701707770412516,-0.24251487882111003
14117,144,1,90.0,4.51085950651685,0.6931471805599453,0,-1.8620332356432303,-0.46770312857109225
14121,4,4,2780.15,7.930619790211972,1.6094379124341003,1,1.3221251031312204,-0.2541577052637195
14124,84,1,419.58000000000004,6.041634711020558,0.6931471805599453,0,-0.8240787954885154,-0.5322109470862625
14125,11,3,2740.43,7.916234961051039,1.3862943611198906,1,1.077532185656321,-0.29708199098869476
14126,8,3,706.1300000000001,6.56121452452395,1.3862943611198906,1,0.4300082114293262,-0.7304137172815626
14127,123,3,709.71,6.566264470368445,1.3862943611198906,1,-0.12346987243142722,0.27624801172763175
14128,61,2,637.5,6.459121675472594,1.0986122886681096,0,-0.1387367747555348,-0.42649201256297836
14129,2,5,1123.8600000000001,7.025413862450224,1.791759469228055,1,1.055989427650845,-0.46207365653324034
14130,319,1,483.86,6.183860189473411,0.6931471805599453,2,-1.8906534575544425,1.5645110587511073
14132,2,11,3586.0299999999997,8.185079841032296,2.4849066497880004,3,2.255398123493207,0.19630435017838901
14133,130,3,605.64,6.4079355343926805,1.3862943611198906,1,-0.2346653256260689,0.28986141331230947
14135,2,15,4690.31,8.453467140135627,2.772588722239781,3,2.6491718559086412,0.405585664821837
14138,2,2,982.3800000000001,6.890995617166797,1.0986122886681096,1,0.35748946845826074,-0.8124200104756943
14139,46,1,415.82,6.032654473932845,0.6931471805599453,0,-0.6447626183264105,-0.8670437259420316
14140,4,2,935.05,6.841668893854277,1.0986122886681096,1,0.3237211303533536,-0.8097592568813261
14141,3,4,915.13,6.820158276001622,1.6094379124341003,1,0.7844174900778242,-0.5965318905535245
14142,373,1,311.81,5.745595977469612,0.6931471805599453,2,-2.365830279564094,1.9048171905978961
14143,134,1,115.8,4.760463070394127,0.6931471805599453,0,-1.6917405079605576,-0.48011458754261616
14145,47,4,3742.2,8.227696139552007,1.6094379124341003,1,1.2593934763519037,0.210934352909465
14146,9,5,4191.0,8.340933226000878,1.791759469228055,1,1.664877000003504,-0.00564832482755525
14147,78,2,483.4,6.182911011678937,1.0986122886681096,0,-0.35586917473547686,-0.3608918439623322
14148,234,1,157.2,5.063860055333554,0.6931471805599453,2,-2.026939563269352,0.48507853362530545
14149,221,1,446.62,6.103944658191983,0.6931471805599453,2,-1.4559359308939126,0.683942835951426
14150,36,2,658.64,6.49169423166057,1.0986122886681096,0,-0.001965005906509093,-0.635215388359374
14152,75,2,621.29,6.433406222026163,1.0986122886681096,0,-0.21898096425101155,-0.3118527030090016
14154,239,2,1345.62,7.205353028221294,1.0986122886681096,2,-0.6346547306313827,1.353499131905948
14155,266,1,118.75,4.785406236291025,0.6931471805599453,2,-2.317682520409258,0.6811105584316131
14156,10,55,117379.63,11.673177181281428,4.02535169073515,3,5.327304574722478,2.0030673850316254
14157,20,2,432.88,6.072767998172017,1.0986122886681096,0,-0.12929228749144397,-0.9009263193228036
14158,40,1,507.66,6.231779816930511,0.6931471805599453,0,-0.5184694346247201,-0.859659620453658
14159,20,11,4693.01,8.454042506787907,2.4849066497880004,3,2.2997885850914312,0.43444009028151426
14161,216,3,1110.52,7.013483726944571,1.3862943611198906,2,-0.3545610443797546,1.2234692610139917
14162,174,2,289.36,5.67112153241664,1.0986122886681096,2,-1.0700093955943277,0.3244201597334642
14163,87,4,2445.91,7.802581283035999,1.6094379124341003,1,0.8583213830531362,0.4328257404489569
14164,71,2,1631.77,7.398033237980444,1.0986122886681096,1,0.27164733410672903,-0.056995854126984574
14165,276,1,122.53999999999999,4.816564990267753,0.6931471805599453,2,-2.3508022572454865,0.7778759525497378
14167,39,4,574.84,6.355829844330721,1.6094379124341003,1,0.38352391801567,-0.4213836151495086
14171,98,1,363.79,5.899321845543751,0.6931471805599453,0,-0.9612893751157289,-0.45260287180848335
14173,11,4,450.84,6.1133281348648225,1.6094379124341003,1,0.40040464908067375,-0.7389731338372643
14174,33,1,134.46,4.908676393786758,0.6931471805599453,0,-1.1310623765052232,-1.3183635530626054
14175,60,3,3222.3,8.078160958464125,1.3862943611198906,1,0.9197638519405048,0.17984699637424492
14176,297,4,576.9000000000001,6.359400843323733,1.6094379124341003,2,-0.861982700453803,1.8347090957002856
14177,86,4,559.41,6.328668658700502,1.6094379124341003,1,0.1430412375338572,-0.01874590270055651
14178,9,7,1620.93,7.391372077147292,2.0794415416798357,1,1.463593558863652,-0.16229483545688775
14179,41,2,719.78,6.580333958961338,1.0986122886681096,0,0.017170466991987536,-0.5648819961388432
14180,11,25,4748.52,8.465798839290947,3.258096538021482,3,3.054945043543209,0.7050630970864208
14184,67,1,452.89,6.1178548779353035,0.6931471805599453,0,-0.7046564258553524,-0.6578974746135812
14185,331,1,197.65,5.291544482260608,0.6931471805599453,2,-2.3846268356899882,1.4013029535729802
14188,31,6,2054.36,7.628206294069428,1.9459101490553132,1,1.351038721149536,0.04143714035374464
14189,2,15,4654.08,8.44571437538519,2.772588722239781,3,2.645384061534115,0.4032563771169773
14191,2,13,4684.76,8.452283401366893,2.639057329615259,3,2.5266825474370767,0.34551756950184837
14193,68,2,853.39,6.750387764017587,1.0986122886681096,0,-0.030272073216513103,-0.27779955254005495
14194,5,21,11349.52,9.337018836838048,3.091042453358316,3,3.357089394624813,0.8396723082130421
14195,202,2,1012.0,6.920671504248683,1.0986122886681096,2,-0.5948731667932614,0.944573371663359
14196,107,1,335.52,5.818657582682613,0.6931471805599453,0,-1.044208552334494,-0.39817465058428486
14198,18,4,701.4,6.554503042320907,1.6094379124341003,1,0.5821108069570995,-0.5452411582376625
14199,218,1,185.39999999999998,5.2278949022514904,0.6931471805599453,2,-1.8694475872072729,0.39451596853044757
14201,60,7,747.44,6.617991040326031,2.0794415416798357,1,0.8391905038005526,0.051105602534459345
14204,2,1,161.03,5.087781503272909,0.6931471805599453,0,-0.8936928602765158,-1.5355041203730142
14205,17,2,466.7,6.147827064731841,1.0986122886681096,0,-0.07811750439932051,-0.9045962783958791
14206,239,1,328.15999999999997,5.796543954737512,0.6931471805599453,2,-1.6931412609716632,0.7489124665893021
14208,95,1,151.74,5.0287371294602385,0.6931471805599453,0,-1.3721309585075985,-0.74038778947925
14209,11,6,2073.43,7.637441696132993,1.9459101490553132,1,1.4522370409585497,-0.13059585723431372
14210,106,6,1905.8400000000001,7.553202700664662,1.9459101490553132,1,0.9518209067720215,0.6744316223697775
14211,53,9,2241.1,7.715168205670426,2.302585092994046,3,1.6128069182859333,0.41935059084442866
14212,90,1,1070.48,6.976796149317125,0.6931471805599453,0,-0.39618966777110576,-0.19880304630300222
14214,31,5,1004.38,6.913120858480547,1.791759469228055,1,0.8609311415766004,-0.24234042844265066
14215,12,6,1789.72,7.490373052597007,1.9459101490553132,1,1.3755489112493273,-0.16604166638759968
14216,3,4,1839.3,7.517683880791149,1.6094379124341003,1,1.1252099230948087,-0.386963063514187
14217,2,17,2004.98,7.603887998382448,2.8903717578961645,3,2.341623206714506,0.20300305993077858
14218,43,1,169.48000000000002,5.1386179877903615,0.6931471805599453,0,-1.0670621119685615,-1.1618746357735272
14219,4,1,89.94,4.510199948396864,0.6931471805599453,0,-1.1855524398575439,-1.69155545514999
14220,247,2,632.4,6.45110213410454,1.0986122886681096,2,-1.041836088558335,1.1968105097287407
14221,42,9,3432.8,8.141422798643111,2.302585092994046,3,1.8742409413824535,0.45127285252383986
14222,177,1,683.17,6.528206424753791,0.6931471805599453,2,-1.0359434049598801,0.42683359331787507
14223,92,3,991.13,6.89985414708588,1.3862943611198906,1,0.18937668889616335,0.10552172559634712
14224,110,4,1050.12,6.957611541333566,1.6094379124341003,1,0.33430260109956095,0.37998680037913884
14226,29,5,2232.19,7.711186335546904,1.791759469228055,1,1.2605132933018244,-0.020045565632895983
14227,26,10,3350.96,8.117300528356548,2.3978952727983707,3,2.0268202740441974,0.34679993969816253
14229,52,3,1547.2,7.344848244770613,1.3862943611198906,1,0.6001612499780534,-0.1103970220492745
14231,184,3,925.71,6.831640679513165,1.3862943611198906,1,-0.28870687692532404,0.8891428514073836
14232,43,5,2048.07,7.625141310661702,1.791759469228055,1,1.1507936819833815,0.07646796124673128
14233,49,4,1462.72,7.288736419398736,1.6094379124341003,1,0.7909741499481039,-0.05369163159327689
14234,22,4,775.46,6.654745128061633,1.6094379124341003,1,0.6117491905955762,-0.48016226990757643
14235,75,5,3144.86,8.053842581674434,1.791759469228055,1,1.2055478678952989,0.48496195410150295
14236,81,2,490.86,6.198194123153937,1.0986122886681096,0,-0.3629051757597631,-0.3300789324973516
14237,373,1,161.0,5.087596335232384,0.6931471805599453,2,-2.6873113799890644,1.7071237836905346
14238,326,1,146.85,4.996198246298486,0.6931471805599453,2,-2.504753603421891,1.2688654030762416
14239,43,11,2380.85,7.775632775640216,2.4849066497880004,3,1.8571465882343867,0.4316434508870232
14240,30,2,890.34,6.792725948397371,1.0986122886681096,1,0.17411691789021647,-0.5972139133211226
14241,184,1,213.70000000000002,5.369241704884735,0.6931471805599453,2,-1.6360228518249034,0.13980990561981457
14242,235,2,280.55,5.640310051700627,1.0986122886681096,2,-1.3799558168669483,0.848326571861034
14243,9,10,2588.77,7.859324347661553,2.3978952727983707,3,1.9829632090225147,0.12070543275260144
14245,220,2,1693.45,7.435113483382488,1.0986122886681096,2,-0.4305480506288626,1.2564624068625303
14246,111,3,1474.06,7.296453945912695,1.3862943611198906,1,0.29129294688474344,0.3907459276742986
14247,278,1,136.76999999999998,4.925585628056507,0.6931471805599453,2,-2.3072062920459935,0.8281115485626603
14248,318,1,302.58,5.715645167198713,0.6931471805599453,2,-2.1145765398601575,1.4150973082623972
14250,7,3,1904.05,7.552263533935522,1.3862943611198906,1,0.919042669832953,-0.4413973236131074
14251,2,5,2879.7000000000003,7.965788599152331,1.791759469228055,1,1.5154314786205976,-0.17954176208392947
14256,260,2,969.0600000000001,6.8773579252545485,1.0986122886681096,2,-0.8964248580614571,1.4385024168129876
14257,64,5,3099.7200000000003,8.039389621570026,1.791759469228055,1,1.2516639181018874,0.3844753632146895
14258,9,9,12669.98,9.447069618390275,2.302585092994046,3,2.671677348434154,0.5551165415425466
14259,142,1,120.0,4.795790545596741,0.6931471805599453,0,-1.7131549037999685,-0.3995774912978846
14261,51,2,1163.45,7.060004151519799,1.0986122886681096,1,0.20318147365920003,-0.33336310271991293
14262,8,8,2618.23,7.870635660430322,2.1972245773362196,3,1.8101163809299028,0.025627747823006867
14264,155,2,333.97,5.814040975576219,1.0986122886681096,0,-0.908330921183798,0.20129239387502337
14265,109,2,530.18,6.275100946851013,1.0986122886681096,0,-0.46069115765545854,-0.06224174653544126
14267,163,3,1516.24,7.3246481738226015,1.3862943611198906,1,0.0536839100726451,0.853716891064764
14270,332,1,492.65000000000003,6.201826764057459,0.6931471805599453,2,-1.9447214641389006,1.6835340750863799
14271,226,1,112.32,4.730215674962316,0.6931471805599453,2,-2.151274862099843,0.31491329545586577
14272,74,2,437.96,6.0844082927507195,1.0986122886681096,0,-0.3846577500746255,-0.42544814636842393
14273,51,4,559.97,6.329667428156979,1.6094379124341003,1,0.31272996926886665,-0.324359367575381
14276,99,3,1119.74,7.021744460399267,1.3862943611198906,1,0.2150888977109446,0.20332589951129798
14277,15,3,4216.2,8.346926679702795,1.3862943611198906,1,1.26861945893563,-0.13272080894891697
14280,197,1,134.04,4.905571030847647,0.6931471805599453,2,-1.925405990444881,0.11412690319547267
14282,3,15,3729.34,8.224254661298708,2.772588722239781,3,2.5323504360415643,0.3454600631357401
14284,31,2,595.25,6.390660042202551,1.0986122886681096,0,-0.02715608290828541,-0.7092726480311391
14285,21,4,1910.01,7.555387177088957,1.6094379124341003,1,1.0566132160008117,-0.2183082922333495
14286,24,3,4628.75,8.440258149942116,1.3862943611198906,1,1.2707099628106098,-0.026016253429125967
14287,8,3,176.63,5.179702735211794,1.3862943611198906,0,-0.24496165446312373,-1.14548350574406
14288,213,1,426.6,6.05818817915089,0.6931471805599453,2,-1.4396168685700808,0.6002723864840869
14289,9,6,911.26,6.815925037163848,1.9459101490553132,1,1.0605344960066858,-0.3948980830651116
14290,11,5,2314.65,7.747445704647496,1.791759469228055,1,1.3652461888317247,-0.16647854473031565
14291,2,11,3883.25,8.264685193972111,2.4849066497880004,3,2.294291178777853,0.22022146566074247
14292,8,9,4871.93,8.491450677872692,2.302585092994046,3,2.2096216929017904,0.259264199066436
14293,3,4,1046.56,6.954218929392177,1.6094379124341003,1,0.8499159548325331,-0.5562538940322883
14295,40,1,166.20000000000002,5.119190700650601,0.6931471805599453,0,-1.0620508448005608,-1.1939326485324895
14297,18,4,1305.33,7.174976957856922,1.6094379124341003,1,0.8852578367538014,-0.35882220846072405
14298,8,44,51527.3,10.849886450287096,3.8066624897703196,3,4.735077259529557,1.6404389099597976
14299,8,9,3965.62,8.285669625656425,2.302585092994046,3,2.109082551439396,0.19743809054258277
14300,19,1,43.2,3.7887247890836524,0.6931471805599453,0,-1.6105605986048044,-1.7772140283507112
14301,117,1,640.14,6.463247841809304,0.6931471805599453,0,-0.7776219935252646,-0.11710617121663174
14304,223,1,383.45,5.9518137414781895,0.6931471805599453,2,-1.5399316598687796,0.6557164736064003
14305,71,3,1858.96,7.528310261099659,1.3862943611198906,1,0.5979440640234864,0.11079077079994186
14306,51,2,2093.32,7.646984197329087,1.0986122886681096,1,0.48996429076328096,-0.15700725448855343
14307,89,6,2995.72,8.005273636192019,1.9459101490553132,1,1.254873951762894,0.661667981370396
14309,8,9,2352.53,7.763671607732549,2.302585092994046,3,1.8540482224673447,0.040605837243186595
14311,243,1,310.26,5.740628575776864,0.6931471805599453,2,-1.7397972555809975,0.7670744582690084
14312,47,6,1611.59,7.385596861065875,1.9459101490553132,1,1.1551572950349394,0.10839227981720559
14314,107,1,120.0,4.795790545596741,0.6931471805599453,0,-1.5439541442207605,-0.7054910325312534
14315,45,6,2481.13,7.816872341508149,1.9459101490553132,1,1.375535623276823,0.22048652943876668
14317,65,1,508.58000000000004,6.233586857019973,0.6931471805599453,0,-0.6384442483783628,-0.6406070300499753
14320,207,2,477.79,6.17126208791851,1.0986122886681096,2,-0.9851861853690908,0.7631181917854472
14321,11,5,1530.75,7.334166151605764,1.791759469228055,1,1.1633288062579885,-0.2906467624639591
14323,115,2,605.0600000000001,6.406978991069148,1.0986122886681096,0,-0.4252649021113687,0.029822814990773522
14326,242,1,183.85,5.219544685382641,0.6931471805599453,2,-1.9895506587718412,0.60177646410146
14327,163,1,311.65,5.745084354013307,0.6931471805599453,2,-1.3508756876833217,0.06918222794065604
14329,17,7,5014.84,8.520356183877372,2.0794415416798357,3,1.9765106653866051,0.24682709821780718
14331,124,2,462.65999999999997,6.139151525006747,1.0986122886681096,0,-0.5996270356205438,0.028018587269030865
14332,23,3,866.31,6.7653964676596825,1.3862943611198906,1,0.4572514595364624,-0.5379622514115437
14333,68,1,415.2,6.031165913959534,0.6931471805599453,0,-0.7518446522480201,-0.6752024463043285
14334,17,8,2552.21,7.845106670027843,2.1972245773362196,3,1.7541348293942989,0.09662114500392453
14335,16,2,468.26,6.151156985841575,1.0986122886681096,0,-0.07165628621569914,-0.9123362035757321
14336,17,4,1614.91,7.387653544460817,1.6094379124341003,1,0.9940002600829678,-0.3036647506184212
14338,161,2,588.22,6.3787996283436765,1.0986122886681096,0,-0.6614107293878483,0.4234142332399914
14339,243,1,309.52,5.73824831153748,0.6931471805599453,2,-1.7409601892938145,0.7663593172315094
14340,219,1,134.7,4.9104465668408235,0.6931471805599453,2,-2.0293786965748217,0.3078802504586573
14341,45,8,2182.28,7.688583612181916,2.1972245773362196,1,1.542301224409684,0.29432524031655366
14342,21,4,668.5600000000001,6.506620780234419,1.6094379124341003,1,0.5442138867197591,-0.5334060350515465
14344,127,8,889.9300000000001,6.7922658609726465,2.1972245773362196,1,0.7079710350071144,0.7417418192124166
14345,39,1,108.97999999999999,4.700298531079668,0.6931471805599453,0,-1.2618760949108165,-1.3285275417399947
14346,121,2,1021.58,6.9300841244652,1.0986122886681096,1,-0.19869551050516207,0.23943001813767792
14348,260,1,409.57,6.017546438106483,0.6931471805599453,2,-1.6866857893941496,0.9988599190305497
14349,10,1,133.5,4.901564199041894,0.6931471805599453,0,-1.0233481348549656,-1.5215292825511892
14350,274,1,282.93,5.6487277289070565,0.6931471805599453,2,-1.9345610916419589,1.0104152036142466
14351,165,1,51.0,3.9512437185814275,0.6931471805599453,2,-2.236967060901076,-0.45228936831179667
14352,157,4,1078.96,6.984679282395341,1.6094379124341003,1,0.12031472989839184,0.7989173807606917
14353,215,1,90.6,4.517431271680085,0.6931471805599453,2,-2.202058272787933,0.1548388018076379
14354,6,2,163.62,5.103639787544498,1.0986122886681096,0,-0.5351022161865014,-1.314462498519872
14355,366,1,174.4,5.1670690799380825,0.6931471805599453,2,-2.614642961639957,1.6698183493033572
14356,80,2,701.23,6.5542609856927125,1.0986122886681096,0,-0.1841060825803628,-0.2318404297010255
14357,43,1,225.77,5.423936287972195,0.6931471805599453,0,-0.9276631894980708,-1.0761518736392157
14359,19,3,912.18,6.816933013408364,1.3862943611198906,1,0.5017680728616759,-0.5574398463232058
14360,32,4,2128.23,7.663515690998327,1.6094379124341003,1,1.0562645464841967,-0.08967724930295883
14362,22,1,161.2,5.088830141681313,0.6931471805599453,0,-0.9898666718099591,-1.3603813232361839
14364,109,8,3717.35,8.221035300483413,2.1972245773362196,3,1.493047263652262,1.0136830189157617
14367,8,16,9261.52,9.133731428846275,2.833213344056216,3,3.007873853715034,0.6895207813974258
14368,320,1,155.0,5.049856007249537,0.6931471805599453,2,-2.4495320060108896,1.2325443451520746
14371,295,1,100.5,4.620058798481842,0.6931471805599453,2,-2.5386617898371675,0.8849037903519739
14373,358,1,76.55,4.350922889622548,0.6931471805599453,2,-2.97471579414225,1.3546873383220432
14375,185,1,257.68,5.555591776578392,0.6931471805599453,2,-1.549811477349196,0.20453843929186946
14377,191,2,617.05,6.426569360333832,1.0986122886681096,2,-0.7831009331046266,0.6999780682772231
14379,44,2,348.1,5.855358414110991,1.0986122886681096,0,-0.35153619790294016,-0.7564768891280517
14381,52,1,202.68,5.316550134809097,0.6931471805599453,0,-1.023637970623399,-1.0297521393528486
14382,26,1,626.0699999999999,6.441058177144555,0.6931471805599453,0,-0.3485412977881549,-0.9191481759778558
14383,38,3,1247.69,7.129850280760371,1.3862943611198906,1,0.5627992747225665,-0.29735773199721544
14385,9,3,202.11,5.3137477042033945,1.3862943611198906,0,-0.18430516010456405,-1.096469834646476
14386,297,1,142.4,4.96563792816552,0.6931471805599453,2,-2.379489645856359,1.0062124557005703
14387,33,3,1770.56,7.479615793333997,1.3862943611198906,1,0.7578569258016067,-0.23597399260635668
14388,10,8,3212.84,8.07522176285542,2.1972245773362196,3,1.900403086916819,0.10457561216241047
14389,65,2,1043.46,6.9512552844279885,1.0986122886681096,1,0.08236936971927357,-0.24367085601674718
14390,10,9,4652.82,8.445443666706893,2.302585092994046,3,2.1774752777365274,0.26292234713051216
14393,218,1,67.95,4.233381604239311,0.6931471805599453,2,-2.3553402973388002,0.09571835607244426
14395,2,9,3507.71,8.163003727539861,2.302585092994046,3,2.078157105129699,0.10814128211355203
14396,65,2,487.99,6.19234203936802,1.0986122886681096,0,-0.2884154293718533,-0.47168335835323877
14397,3,19,2612.96,7.868621591848266,2.995732273553991,3,2.5623223111763163,0.33839663345112064
14400,149,1,574.7,6.355586691681764,0.6931471805599453,0,-0.9849202014239354,0.13023983983715173
14401,4,13,4051.48,8.307084318372484,2.639057329615259,3,2.446073527799154,0.31937384935924235
14403,130,4,1475.81,7.297639635123279,1.6094379124341003,1,0.4037451232876966,0.6569546428690066
14404,34,6,1474.32,7.296630194396398,1.9459101490553132,1,1.1745365476007914,-0.03196243519100449
14406,119,1,156.75,5.061011501421323,0.6931471805599453,0,-1.4723859379410613,-0.5209217958281872
14407,107,6,2157.73,7.677275364797242,1.9459101490553132,1,1.007605198572916,0.720449153658538
14408,11,7,2606.53,7.866158692081993,2.0794415416798357,1,1.6858930389025955,-0.0021662888841035284
14409,71,6,2059.4500000000003,7.630679684529584,1.9459101490553132,1,1.158874857191602,0.3917957364936148
14410,92,9,1105.07,7.008568471218721,2.302585092994046,1,1.0790431179455922,0.5479305660076857
14411,311,1,1063.0,6.96979066990159,0.6931471805599453,2,-1.4679942974910376,1.7307176881509738
14412,43,2,770.03,6.647727283312172,1.0986122886681096,0,0.040428435522884755,-0.5271531628742451
14413,362,1,122.7,4.8178592793984425,0.6931471805599453,2,-2.765920339870757,1.529938089378007
14414,92,7,1496.98,7.311872812853191,2.0794415416798357,1,1.0235048200922496,0.5392720350451926
14415,1,13,5900.28,8.682924555516289,2.639057329615259,3,2.6442019800113394,0.40607241107161385
14416,22,2,490.22,6.1968920926164115,1.0986122886681096,0,-0.07831717562651003,-0.8461529491065714
14418,4,3,1937.25,7.569540783099068,1.3862943611198906,1,0.9419867958719028,-0.46242760266983857
14419,11,6,1058.06,6.965137001220243,1.9459101490553132,1,1.1237668727886063,-0.3325871610064789
14420,99,1,387.52,5.962344648534129,0.6931471805599453,0,-0.9353324195031278,-0.4249275314050971
14421,57,2,813.11,6.702095492007746,1.0986122886681096,0,-0.000689009550759577,-0.3884530317176282
14422,1,6,4263.64,8.358113048391361,1.9459101490553132,3,1.8526809439041902,-0.0014768502427587515
14423,218,1,265.2,5.5842479059610115,0.6931471805599453,2,-1.6953430004893095,0.5015808282095173
14424,18,1,322.08,5.777899970574095,0.6931471805599453,0,-0.6338682760238096,-1.1883145484076671
14426,24,10,4481.67,8.407974130025062,2.3978952727983707,3,2.1785042690242546,0.41665090733578136
14427,50,2,363.34000000000003,5.898087497602683,1.0986122886681096,0,-0.3596657502292545,-0.6911967825421742
14428,7,5,1244.83,7.127557253441968,1.791759469228055,1,1.0817224309801843,-0.38768314161926315
14431,303,1,470.36,6.1556221332742656,0.6931471805599453,2,-1.8271009010729264,1.4161808554491133
14432,10,6,2255.51,7.72157465089916,1.9459101490553132,1,1.4981764693266388,-0.11405882846677967
14434,22,6,1372.8,7.225335901779781,1.9459101490553132,1,1.197715744036795,-0.15826716796606255
14436,99,1,89.06,4.500476114873425,0.6931471805599453,0,-1.649562450510418,-0.8641401879461171
14437,366,1,63.0,4.1588830833596715,0.6931471805599453,2,-3.107215788140402,1.3669128282878578
14438,306,1,131.9,4.8895969657192,0.6931471805599453,2,-2.4601500016266846,1.0620297293671894
14439,320,1,2661.24,7.8869231526671975,0.6931471805599453,2,-1.0634165595231946,2.0849300207666985
14440,8,5,2357.6800000000003,7.765857419506838,1.791759469228055,1,1.388744584594954,-0.18716797802661614
14441,1,4,1712.89,7.446520919735376,1.6094379124341003,1,1.1001102104681457,-0.4258244693140357
14442,205,2,1589.82,7.372004885545176,1.0986122886681096,2,-0.3888666194869832,1.1063958732411654
14443,54,4,1420.2,7.259256864146872,1.6094379124341003,1,0.752399687310286,-0.01884671366718107
14446,1,4,1039.58,6.947533528990549,1.6094379124341003,1,0.8563182610843839,-0.5757432700975091
14447,19,5,1163.23,7.059815203273879,1.791759469228055,1,0.9906137804710493,-0.3031513316919939
14448,9,2,375.35,5.930519561480541,1.0986122886681096,0,-0.14561370351638286,-1.039808558979193
14449,19,4,907.1,6.811354504695783,1.6094379124341003,1,0.702767283227433,-0.45933075876992374
14450,181,3,483.25,6.182601302287106,1.3862943611198906,2,-0.5913073082585741,0.6679203602362127
14451,60,2,662.59,6.4976644888838795,1.0986122886681096,0,-0.11507147523266034,-0.4236523626195277
14452,11,2,264.44,5.581388826442135,1.0986122886681096,0,-0.32585829694835655,-1.1272227426310926
14453,190,1,119.93,4.795211865797184,0.6931471805599453,2,-1.94548438733216,0.0197872174645891
14456,5,9,3062.4,8.027280689230453,2.302585092994046,3,1.997343521128966,0.09358498925291676
14457,311,1,113.64,4.741796783519916,0.6931471805599453,2,-2.556532771309622,1.061325679866617
14459,155,1,1837.92,7.516933721754878,0.6931471805599453,0,-0.4465228176573806,0.5316043128757235
14460,110,3,434.34,6.076127334986691,1.3862943611198906,0,-0.30009182634210835,0.015363205790040997
14461,148,3,2103.06,7.651624090561262,1.3862943611198906,1,0.28595024575678546,0.8208497170146696
14462,66,11,2004.02,7.603409314753263,2.4849066497880004,3,1.6618137215618916,0.5809284873386381
14463,98,3,529.62,6.2740461341708045,1.3862943611198906,0,-0.1453822833140551,-0.030057511423557642
14465,247,3,1058.6200000000001,6.965665632266971,1.3862943611198906,2,-0.5277872217934755,1.480054496032658
14466,29,7,2272.4,7.72903178725261,2.0794415416798357,1,1.5318789518617186,0.113961435461543
14467,18,4,598.76,6.396529575194807,1.6094379124341003,1,0.5049291782908987,-0.5927036656805883
14470,12,2,461.19,6.135976061950666,1.0986122886681096,0,-0.059736051642880435,-0.9518588000749995
14472,104,8,1936.84,7.569329229702976,2.1972245773362196,1,1.198812571704575,0.7741785563601591
14473,74,2,234.34000000000003,5.461031277035783,1.0986122886681096,0,-0.6892231572993007,-0.6127393211864173
14474,46,1,547.66,6.3074789418267985,0.6931471805599453,0,-0.5104907028252739,-0.7844737944832078
14475,72,3,925.85,6.831791740175098,1.3862943611198906,1,0.2528093579443016,-0.08973509495710999
14476,257,1,215.7,5.378513908542313,0.6931471805599453,2,-1.984397141476245,0.7806439459175888
14477,20,4,1309.6,7.178240326605397,1.6094379124341003,1,0.8771836169765812,-0.34036096835885465
14479,254,2,316.25,5.759690106594497,1.0986122886681096,2,-1.4134817424577955,1.0502611912064592
14480,11,1,279.05,5.634968158655841,0.6931471805599453,0,-0.6698608006501372,-1.2924405578960982
14481,165,2,636.51,6.457569963184063,1.0986122886681096,2,-0.6422628713734015,0.48204201838509436
14482,18,6,2068.15,7.63489317390932,1.9459101490553132,1,1.4171517489600505,-0.07017884247535082
14483,282,1,137.1,4.9279780604152466,0.6931471805599453,2,-2.3253746429803326,0.863791893033333
14484,50,1,321.92,5.777404614526815,0.6931471805599453,0,-0.7888081311250532,-0.9087709956293533
14485,39,1,165.75,5.1164956847957335,0.6931471805599453,0,-1.0585332503532465,-1.2034827423484293
14487,27,6,1196.33,7.08784935678574,1.9459101490553132,1,1.1063719428050434,-0.15587252569565055
14488,68,1,1064.28,6.97099295438666,0.6931471805599453,0,-0.292670191091206,-0.392835105048669
14489,207,1,463.38,6.14070318257422,0.6931471805599453,2,-1.3702963910538013,0.5726213736664788
14491,175,2,340.93,5.834606037750557,1.0986122886681096,2,-0.9949695278540589,0.38227882384274264
14493,7,5,2383.2400000000002,7.7766356942591806,1.791759469228055,1,1.3988448699933216,-0.1926700746227762
14494,26,1,139.56,4.945634443878841,0.6931471805599453,0,-1.079165505633172,-1.3684423603853897
14495,51,2,123.8,4.826712455935327,1.0986122886681096,0,-0.8879453686371642,-1.0043468169615632
14496,312,2,538.8100000000001,6.2912172257920815,1.0986122886681096,2,-1.4341815785556713,1.71689886529719
14497,309,1,475.37,6.166194863206115,0.6931471805599453,2,-1.8509411913153346,1.471799711965996
14498,43,5,1957.32,7.579842241810434,1.791759469228055,1,1.12866176341118,0.06285803401259214
14499,26,3,815.32,6.704806434953447,1.3862943611198906,1,0.4131458610255379,-0.5299451279730772
14500,88,3,356.85,5.880113904184607,1.3862943611198906,0,-0.2895040049624945,-0.23581677089409206
14501,184,2,251.21,5.530262073815315,1.0986122886681096,2,-1.187172649665162,0.3695033578263069
14502,20,11,2470.67,7.81264931452068,2.4849066497880004,3,1.9864209538354658,0.24173602601276545
14503,3,6,3543.26,8.173084672465158,1.9459101490553132,1,1.7526123925295536,-0.0395871249379261
14504,47,4,673.26,6.513615793203887,1.6094379124341003,1,0.42193947092534667,-0.30405435168977013
14505,17,8,5905.64,8.683832420808084,2.1972245773362196,3,2.163913893101419,0.34861300106165316
14506,17,5,2012.17,7.607465873142059,1.791759469228055,1,1.26784992679867,-0.15609261370252706
14507,24,6,1383.18,7.2328631855243,1.9459101490553132,1,1.1917247595640594,-0.13852485135864173
14508,22,2,276.42,5.625532603335144,1.0986122886681096,0,-0.35746820483963604,-1.0178156625099026
14511,11,5,1314.81,7.182207724562218,1.791759469228055,1,1.0890859659751146,-0.33630207475011925
14512,188,2,275.28,5.621414844220772,1.0986122886681096,2,-1.1619750634200652,0.43185139708028225
14513,101,3,455.59000000000003,6.1237858328484185,1.3862943611198906,0,-0.23329838684608983,-0.048981467832416976
14514,61,3,1055.35,6.962574848746244,1.3862943611198906,1,0.3698838831744685,-0.14658607971398827
14515,18,6,2102.09,7.651162970792683,1.9459101490553132,1,1.425100738397143,-0.06529064593374356
14517,33,2,330.45,5.8034769686874,1.0986122886681096,0,-0.32370670877522884,-0.8682087213541657
14518,64,1,174.37,5.166898027681201,0.6931471805599453,0,-1.1547656934192283,-0.9698298841744286
14520,2,2,270.6,5.604330395684541,1.0986122886681096,0,-0.2711408904797237,-1.1989935203323092
14522,24,4,974.54,6.882991163835519,1.6094379124341003,1,0.7135955098720802,-0.39410587156499405
14523,108,1,241.09,5.489309557845162,0.6931471805599453,0,-1.2099535330267008,-0.4883855835846455
14524,32,9,1867.68,7.532987578243441,2.302585092994046,3,1.6253187715633926,0.18106701247086796
14525,20,9,4332.2,8.374061578071412,2.302585092994046,3,2.0942568162119475,0.3288797480189832
14527,3,55,8508.82,9.048976069757353,4.02535169073515,3,4.079029954963358,1.153453764598769
14528,37,1,364.21999999999997,5.900499911733888,0.6931471805599453,0,-0.6658210509416673,-0.9854125268861554
14529,60,3,620.04,6.431395492097425,1.3862943611198906,1,0.11519810404828834,-0.3149172170476996
14530,26,6,2925.91,7.9817025380127955,1.9459101490553132,1,1.5479191082137458,0.10394176332477174
14532,236,4,932.85,6.839315825759616,1.6094379124341003,2,-0.33261626939710515,1.445734065916869
14533,25,7,1949.72,7.575953814178117,2.0794415416798357,1,1.4764263608716441,0.03300821240010157
14534,3,18,4447.05,8.400221076874432,2.9444389791664403,3,2.775218111243917,0.4751763214823662
14535,60,3,2864.19,7.96038994457645,1.3862943611198906,1,0.8622240711983079,0.14446315803167856
14536,260,1,171.8,5.152134856369956,0.6931471805599453,2,-2.10950283937192,0.7388504099237024
14537,58,1,355.56,5.876502528638301,0.6931471805599453,0,-0.7790659889376303,-0.8090743215997339
14538,65,2,388.25,5.964221810714108,1.0986122886681096,0,-0.3998688974733082,-0.540221184656219
14539,16,2,537.48,6.288750355702458,1.0986122886681096,0,-0.004431830281862682,-0.8709968162727587
14540,10,3,996.26,6.905011518311074,1.3862943611198906,1,0.5883096512754288,-0.6096404876602015
14541,59,8,1461.65,7.288005137949238,2.1972245773362196,1,1.2789089468373696,0.29633842829567947
14542,186,1,103.25,4.646791860678911,0.6931471805599453,2,-1.998661219236381,-0.05976653742784339
14543,29,16,3630.33,8.19735425133861,2.833213344056216,3,2.4488644479515407,0.5917380626397385
14544,24,2,2024.45,7.613547177075161,1.0986122886681096,1,0.6041541534557925,-0.4030437219277319
14546,5,5,2578.09,7.855191902519445,1.791759469228055,1,1.4468939559629341,-0.18654894432155442
14547,4,8,4007.54,8.29618236422828,2.1972245773362196,3,2.03736439631331,0.11852003522818796
14548,151,2,652.8,6.48280149429011,1.0986122886681096,0,-0.5622551134449353,0.36725731626551733
14549,311,1,289.24,5.670708166926772,0.6931471805599453,2,-2.1026914094517783,1.3404134548634983
14550,11,2,765.62,6.6419912418312865,1.0986122886681096,0,0.19232379575521188,-0.8085689145536838
14551,18,2,186.23,5.232337807614061,1.0986122886681096,0,-0.5302354802458201,-1.170911041398932
14552,152,1,165.07,5.112409386218662,0.6931471805599453,0,-1.6068064450759656,-0.2170467358596805
14553,19,5,859.27,6.757246293462842,1.791759469228055,1,0.8427866695782334,-0.39405697170330684
14554,10,4,2381.04,7.775712542385502,1.6094379124341003,1,1.2174357030516603,-0.24825665781245665
14555,57,2,324.14,5.784255858806078,1.0986122886681096,0,-0.4491210091367758,-0.6642143428716889
14557,85,1,788.38,6.671247827209794,0.6931471805599453,0,-0.5213009030772471,-0.3343057734930766
14560,7,22,2237.77,7.71368188689169,3.1354942159291497,3,2.5948849762635224,0.3893057726807074
14561,76,3,1080.76,6.986344623342368,1.3862943611198906,1,0.3089825507238266,-0.00833874095393769
14562,4,18,5074.77,8.532233516538977,2.9444389791664403,3,2.8348815659064575,0.5235793271304393
14565,96,4,3099.12,8.039196099401456,1.6094379124341003,1,0.9304163137217027,0.5825792142819136
14566,111,1,1432.0,7.267525427828172,0.6931471805599453,0,-0.3556675411492731,0.0720935477479591
14567,57,2,1530.3600000000001,7.3339115084475965,1.0986122886681096,1,0.3079994686687696,-0.1986263922928007
14569,1,1,227.39,5.431054693986231,0.6931471805599453,0,-0.7211444144119663,-1.4411094260040442
14570,281,2,218.06,5.3893456648956,1.0986122886681096,2,-1.724948473384526,1.174983105057006
14572,3,7,2832.84,7.949387961352689,2.0794415416798357,3,1.7652311025216625,-0.04708347711933471
14573,180,9,1653.42,7.411205773215894,2.302585092994046,1,0.8503419274420639,1.4380554077632204
14576,372,1,35.400000000000006,3.594568774642695,0.6931471805599453,2,-3.411930574266268,1.2498091330553949
14577,13,4,859.71,6.757757630038034,1.6094379124341003,1,0.7055871222363151,-0.5278760505067696
14578,3,1,168.63,5.133619594507631,0.6931471805599453,0,-0.8761318971403098,-1.5129918590894673
14581,17,1,138.6,4.938781190328272,0.6931471805599453,0,-1.0390050560435513,-1.449164875516307
14582,41,1,114.11,4.74588819292697,0.6931471805599453,0,-1.2492708151733316,-1.297349533197315
14583,6,5,1052.55,6.959920692962816,1.791759469228055,1,1.0046539796793275,-0.4467892743814694
14584,169,4,1042.26,6.9501057048558685,1.6094379124341003,1,0.04541131172617488,0.8934145279540576
14585,50,1,157.05,5.062911438661627,0.6931471805599453,0,-1.1378904674653831,-1.123437662724477
14586,277,1,237.36,5.473782135878778,0.6931471805599453,2,-2.0345377712480763,0.9840746483129515
14587,19,9,1601.14,7.379095514571502,2.302585092994046,1,1.6129772043383512,0.02120571705694676
14589,372,1,39.75,3.7074558396868715,0.6931471805599453,2,-3.356776960852808,1.2837256081593589
14591,15,4,1447.14,7.278035253354833,1.6094379124341003,1,0.9501122973902202,-0.35407990922203264
14592,35,3,570.46,6.3481944895342695,1.3862943611198906,1,0.19540599553579688,-0.5584243036398667
14593,22,3,617.99,6.428089117465248,1.3862943611198906,1,0.29728637929188145,-0.648045306224087
14594,7,2,379.83,5.942353081326715,1.0986122886681096,0,-0.1301635460533924,-1.0537339982258682
14595,20,6,1740.6,7.462559509920338,1.9459101490553132,1,1.3232854957345128,-0.10447504085271976
14597,11,2,883.15,6.784626731500986,1.0986122886681096,1,0.2620116971388082,-0.7657146421671094
14598,44,1,221.97,5.40703723326228,0.6931471805599453,0,-0.9407539249664856,-1.0724887413297666
14600,306,1,393.33000000000004,5.977188122189173,0.6931471805599453,2,-1.9287819288331467,1.3887922186503512
14601,11,1,213.96,5.370451964307236,0.6931471805599453,0,-0.7990963682414591,-1.3719134090744767
14603,275,1,660.0,6.493753839851687,0.6931471805599453,2,-1.526538147175122,1.273040365018548
14606,1,93,12156.65,9.405713880264752,4.543294782270004,3,4.735860807864898,1.4747667807193159
14607,16,14,16569.5,9.71537928498044,2.70805020110221,3,3.1391060920350182,0.8782273498853452
14608,4,4,1785.15,7.48781774447192,1.6094379124341003,1,1.1057838169096423,-0.38719583992024253
14609,72,4,601.56,6.401187245468788,1.6094379124341003,1,0.24615219144350373,-0.11932339476041189
14616,243,3,406.08000000000004,6.009009726323731,1.3862943611198906,2,-0.9758465887652467,1.1576694406920076
14618,9,3,553.44,6.317958595345153,1.3862943611198906,1,0.3063255357501327,-0.7947586184392833
14619,246,1,394.44,5.979999068998704,0.6931471805599453,2,-1.637350130094172,0.86521354303077
14620,206,2,412.78000000000003,6.0253344316155975,1.0986122886681096,2,-1.0516482442715132,0.7105344139780766
14621,1,5,1788.3600000000001,7.489613293002015,1.791759469228055,1,1.2876192136227336,-0.33134714858321546
14622,185,1,320.58000000000004,5.773246346316266,0.6931471805599453,2,-1.4434712514579666,0.26993189949822466
14623,32,5,889.25,6.791502322157887,1.791759469228055,1,0.7966772564287511,-0.2701398528896266
14624,57,2,225.85,5.424289006109973,1.0986122886681096,0,-0.624991226220474,-0.7723649692781953
14625,196,2,899.63,6.803094518438584,1.0986122886681096,2,-0.6233123060850908,0.8568055069399769
14626,24,4,2791.27,7.934610164077709,1.6094379124341003,1,1.227388545193793,-0.07815107526825267
14628,91,2,671.96,6.511685892514335,1.0986122886681096,0,-0.258084520769579,-0.14848769333187742
14629,4,2,959.01,6.8669437010742955,1.0986122886681096,1,0.3360697280068324,-0.8021655403691661
14631,51,3,1006.98,6.915703607164632,1.3862943611198906,1,0.3953269170440247,-0.2480722289909424
14632,263,1,114.56,4.749789875598035,0.6931471805599453,2,-2.320580803409184,0.6441886021383806
14633,266,1,344.90000000000003,5.846149715943123,0.6931471805599453,2,-1.799431507463836,0.9998067687125135
14636,36,2,609.85,6.414851429850069,1.0986122886681096,0,-0.039508352285520285,-0.658302506210341
14638,51,1,443.6,6.097175001530096,0.6931471805599453,0,-0.6374111440265953,-0.8039568524962759
14639,52,6,2984.49,8.001519166458744,1.9459101490553132,1,1.4319089922578407,0.3371456506740508
14640,24,6,2125.08,7.662035187544821,1.9459101490553132,1,1.4014067694387733,-0.009581809778535538
14641,22,1,110.46,4.7136657821413905,0.6931471805599453,0,-1.1731619859761646,-1.4730979808554687
14642,59,1,96.12,4.575947327311188,0.6931471805599453,0,-1.419316929506877,-1.1910806344278213
14643,170,2,693.8100000000001,6.54363842689435,1.0986122886681096,2,-0.6243836493837049,0.5516028845636186
14644,68,2,830.76,6.723543937669715,1.0986122886681096,0,-0.0433872518275366,-0.28586467468373417
14645,157,2,597.09,6.393741244298632,1.0986122886681096,0,-0.6347734241121974,0.3929418354712041
14646,2,73,280206.02,12.5432839661044,4.304065093204169,3,6.045548700334427,2.319199257954511
14647,201,1,243.22,5.498069458404876,0.6931471805599453,2,-1.6552642686582575,0.32710227510810436
14649,5,4,1417.29,7.257207199581212,1.6094379124341003,1,0.9882793392039458,-0.447741485058514
14651,67,2,654.6,6.485550846869675,1.0986122886681096,0,-0.15483003000908688,-0.3661091505155903
14652,77,1,114.18,4.7464961220785264,0.6931471805599453,0,-1.4230088641768623,-0.9825129551468308
14653,1,7,1947.55,7.5748407852142225,2.0794415416798357,1,1.5919059425608095,-0.17709547819563182
14655,8,4,1932.23,7.5669474581621285,1.6094379124341003,1,1.1251072578586292,-0.3284600808118861
14656,169,2,291.05,5.676925020486318,1.0986122886681096,2,-1.0430024288073976,0.28246186045734273
14657,18,4,848.22,6.744318281129723,1.6094379124341003,1,0.6748494772126168,-0.48821191561457866
14658,5,2,247.15,5.51403340203345,1.0986122886681096,0,-0.3297605189107295,-1.1999017365765277
14659,9,9,2529.93,7.836342103110113,2.302585092994046,3,1.8847187836294081,0.0711797889137948
14660,87,2,285.74,5.6585758818181215,1.0986122886681096,0,-0.6555541211036027,-0.4397627913280869
14661,27,1,107.95,4.690889061390629,0.6931471805599453,0,-1.2084616221960616,-1.4362392226422358
14662,29,4,771.17,6.649204733036604,1.6094379124341003,1,0.5752021492300997,-0.42064415157524765
14664,20,2,637.89,6.459732295584099,1.0986122886681096,0,0.05976816204655345,-0.7846644167375625
14665,61,5,1835.7,7.5157257621344895,1.791759469228055,1,1.0103186255839203,0.20092145370187608
14666,24,1,195.25,5.279389356662517,0.6931471805599453,0,-0.9064331294443302,-1.2856477821107886
14667,11,25,9241.2,9.131535231533652,3.258096538021482,3,3.3802061139648454,0.9050809801314484
14669,242,3,1269.99,7.147551403337889,1.3862943611198906,2,-0.4147511412032108,1.4909994267707425
14670,280,2,411.53,6.022308930402963,1.0986122886681096,2,-1.4108651724092127,1.3564140440636823
14672,235,2,765.55,6.641899927756463,1.0986122886681096,2,-0.8906056791766722,1.1492503143849133
14673,3,5,1736.4,7.46014502182582,1.791759469228055,1,1.2635531863334009,-0.3227200010780714
14675,16,1,604.75,6.406467359696635,0.6931471805599453,0,-0.31709837575640826,-1.0169447200796422
14676,31,6,2548.2400000000002,7.843550554514272,1.9459101490553132,1,1.4562501914515986,0.10613647721134582
14680,25,16,28754.11,10.266570769562204,2.833213344056216,3,3.4791657581365185,1.1784644870055045
14681,71,3,498.95,6.214508093421858,1.3862943611198906,0,-0.043944684076314015,-0.283935927906774
14682,188,2,52.0,3.970291913552122,1.0986122886681096,2,-1.9686697523160954,-0.06422199936857231
14684,26,5,1236.28,7.1206707008607255,1.791759469228055,1,0.9865060038869183,-0.2236848283264028
14687,107,1,628.38,6.444735207830545,0.6931471805599453,0,-0.7383236992672866,-0.21007208827416501
14688,8,21,5630.87,8.636196815185112,3.091042453358316,3,3.000183497873532,0.6553342463574755
14689,209,1,112.8,4.73444252169223,0.6931471805599453,2,-2.0670265112816053,0.16759665777602445
14690,44,2,371.7,5.9207738064852125,1.0986122886681096,0,-0.31957597942365085,-0.7368230915383269
14691,31,5,2114.33,7.656966107678013,1.791759469228055,1,1.2243541192013716,-0.018855046253513575
14692,137,4,591.55,6.384435257634458,1.6094379124341003,1,-0.07626236572551526,0.443768684326355
14693,265,1,172.9,5.158480421360237,0.6931471805599453,2,-2.130574102404426,0.7844588444521102
14696,4,7,2078.95,7.640099133944896,2.0794415416798357,1,1.6092865114488222,-0.1312677030743639
14697,218,2,188.60999999999999,5.2449693310461125,1.0986122886681096,2,-1.4909255376271813,0.5809614286571798
14698,2,5,1250.76,7.132305839993802,1.791759469228055,1,1.108214000981117,-0.4299583819111964
14699,214,1,109.13000000000001,4.701661486176853,0.6931471805599453,2,-2.107213989246509,0.2014496589300805
14700,32,3,2235.3,7.712577993432672,1.3862943611198906,1,0.8765103596093262,-0.17472180190165637
14701,11,9,2549.37,7.843993725665985,2.302585092994046,3,1.878788547788334,0.09095946262849876
14702,1,17,3292.14,8.099596795897188,2.8903717578961645,3,2.5886476301827037,0.34319643336908867
14703,15,1,318.17,5.765723876196384,0.6931471805599453,0,-0.6253142691962382,-1.218193968794759
14704,11,9,1546.91,7.3446609129246205,2.302585092994046,1,1.634827834416828,-0.05906311883650224
14705,199,1,179.0,5.19295685089021,0.6931471805599453,2,-1.7946655476686328,0.2179516173324062
14708,3,3,1126.37,7.027642765394543,1.3862943611198906,1,0.6820641644283644,-0.633979119598869
14709,15,13,4921.04,8.501478357695712,2.639057329615259,3,2.4878718964549194,0.4739230304207336
14710,14,4,606.13,6.408742936168336,1.6094379124341003,1,0.5302335308453492,-0.6239957569378953
14711,10,11,2868.8,7.961997619914306,2.4849066497880004,3,2.1077316323621087,0.19920326858183357
14712,29,3,917.07,6.822273640436711,1.3862943611198906,1,0.4560342868231461,-0.46843140699465824
14713,9,11,2666.36,7.888844498199721,2.4849066497880004,3,2.07682527282576,0.16848431372474257
14714,24,1,160.19,5.08258379340884,0.6931471805599453,0,-1.0025870860474526,-1.3447772402449234
14715,25,4,867.38,6.766629406877568,1.6094379124341003,1,0.6519099471158845,-0.42032591730830365
14716,43,2,329.68,5.801151140384475,1.0986122886681096,0,-0.373186120704795,-0.7815036384046419
14719,2,5,1602.13,7.379713247262653,1.791759469228055,1,1.2290906708705567,-0.3556257985821276
14720,6,3,663.81,6.499501285546037,1.3862943611198906,1,0.4095253813316134,-0.7664359912157038
14722,147,1,187.92000000000002,5.241323645027917,0.6931471805599453,0,-1.5196508345649156,-0.22201688782960116
14723,10,6,1158.3,7.055571653676355,1.9459101490553132,1,1.1727851428123248,-0.3141568119304568
14725,25,1,718.08,6.577972617178215,0.6931471805599453,0,-0.2768142414691366,-0.8867531573660059
14727,274,1,268.58,5.596865192310124,0.6931471805599453,2,-1.9598997457471858,0.9948333082870012
14729,374,1,313.49,5.750952279132591,0.6931471805599453,2,-2.368047640644672,1.9151668572773881
14730,1,8,2005.06,7.60392787834377,2.1972245773362196,1,1.713650213855109,-0.11568626552609018
14731,47,3,380.02,5.942851867187289,1.3862943611198906,0,-0.06064530308657308,-0.5753232590257759
14732,8,8,2702.4900000000002,7.902298809906397,2.1972245773362196,3,1.8255861524663728,0.03514081666307403
14733,16,12,9585.91,9.168153905320404,2.5649493574615367,3,2.7410987010513646,0.6498239308977282
14735,4,32,6065.69,8.710568430543226,3.4965075614664802,3,3.426036656455463,0.8240328734689768
14737,4,3,1164.55,7.060948357598531,1.3862943611198906,1,0.6935020823212987,-0.61523219840278
14738,43,7,1314.45,7.181934091396172,2.0794415416798357,1,1.196901284910067,0.07195349904958179
14739,4,7,3902.28,8.269572504294867,2.0794415416798357,3,1.9168304351814822,0.057855097538162786
14740,197,3,1448.21,7.278773859355933,1.3862943611198906,1,-0.13309551034914974,1.1371072878868864
14741,12,6,1400.34,7.245184200691345,1.9459101490553132,1,1.2557561684226544,-0.2397076934755887
14744,16,7,1099.98,7.00395597125342,2.0794415416798357,1,1.24047221581881,-0.2175097738784319
14745,113,5,1220.26,7.107638391655096,1.791759469228055,1,0.5595540194640947,0.5328133252203213
14747,249,1,328.2,5.796665468802915,0.6931471805599453,2,-1.7414249666011288,0.8363528439365838
14748,29,5,1415.75,7.256120795049728,1.791759469228055,1,1.0381803901605604,-0.15676821909992034
14752,44,1,389.64,5.967786419753405,0.6931471805599453,0,-0.6667868071081127,-0.9040138517066579
14753,87,1,563.15,6.335320173584455,0.6931471805599453,0,-0.6950948225738346,-0.4177531432157927
14754,45,2,638.05,6.459982698577723,1.0986122886681096,0,-0.060967183133566714,-0.5660795118325351
14755,10,11,5010.28,8.519446650469105,2.4849066497880004,3,2.380086381924388,0.36668663932180184
14756,15,1,738.96,6.606596130683188,0.6931471805599453,0,-0.21448648094679762,-0.9655572041330576
14757,75,1,420.5,6.04381977744191,0.6931471805599453,0,-0.7795024634818666,-0.6102179344976011
14758,145,4,1484.06,7.303210454460983,1.6094379124341003,1,0.33395226599796923,0.7897341770342721
14759,5,3,1625.97,7.394474668204541,1.3862943611198906,1,0.8516198473249412,-0.5062851420770228
14760,297,1,89.2,4.502029427068578,0.6931471805599453,2,-2.605996412018524,0.8669231032908217
14761,59,2,255.9,5.548686904115838,1.0986122886681096,0,-0.5738823412277271,-0.7175093358578275
14762,264,1,300.52,5.70883634895888,0.6931471805599453,2,-1.856850546616479,0.9410707333887943
14764,47,1,278.3,5.632286472951131,0.6931471805599453,0,-0.8452060678587888,-0.9785923317026713
14765,29,3,254.11,5.541694824693056,1.3862943611198906,0,-0.1696224163726779,-0.8531762801635792
14766,8,6,2473.37,7.813741097146052,1.9459101490553132,1,1.552875155089513,-0.10384855564376555
14768,17,2,192.60000000000002,5.265794174842477,1.0986122886681096,0,-0.5090552828585054,-1.1695995942239867
14769,3,8,10674.75,9.275730093240115,2.1972245773362196,3,2.520779635431905,0.40408091439470506
14770,232,2,876.42,6.7769857830927895,1.0986122886681096,2,-0.8101034058062335,1.1636151681250904
14772,112,1,139.26,4.943497843108764,0.6931471805599453,0,-1.4959598296876708,-0.6174110209461598
14775,58,3,1011.9,6.9205727826927514,1.3862943611198906,1,0.36386571460848965,-0.18542659609022022
14776,51,11,2538.3,7.839643731479347,2.4849066497880004,3,1.84974617709517,0.5207983861775545
14778,127,2,730.86,6.595589238838791,1.0986122886681096,0,-0.39112664738316033,0.19137466549972124
14779,281,3,386.15,5.958812214832733,1.3862943611198906,2,-1.1840754377778593,1.4747224975256563
14780,55,2,447.68,6.106309938777023,1.0986122886681096,0,-0.2821053482271945,-0.5849352338373709
14782,320,1,200.10000000000002,5.303802296778606,0.6931471805599453,2,-2.3254606124018182,1.3088415099617556
14784,26,2,289.99,5.673288902319859,1.0986122886681096,0,-0.35347297873483713,-0.9685059225683021
14785,10,2,77.4,4.361823927356363,1.0986122886681096,0,-0.9168709180570523,-1.5023766111860914
14788,7,2,679.4399999999999,6.522739647741382,1.0986122886681096,0,0.15339787262529536,-0.8793591349696135
14789,29,1,197.64,5.2914941411999115,0.6931471805599453,0,-0.9246905911937541,-1.238309012700245
14790,17,4,745.06,6.61480602592395,1.6094379124341003,1,0.616407546088202,-0.535863750666463
14792,64,1,6.2,1.9740810260220096,0.6931471805599453,0,-2.714691044835899,-1.9290992061814263
14793,21,1,228.99,5.438035829717119,0.6931471805599453,0,-0.814419765756258,-1.2642042333583605
14794,3,7,1319.91,7.186076171996967,2.0794415416798357,1,1.39229729183585,-0.27641750480545096
14795,166,1,131.45000000000002,4.886205215718078,0.6931471805599453,2,-1.7850040820265434,-0.16264347352627623
14796,1,17,8022.49,8.990128768299758,2.8903717578961645,3,3.023737833998319,0.6107532651412322
14798,53,3,173.74,5.163299154869948,1.3862943611198906,0,-0.47051984067961755,-0.7570944868428794
14799,51,1,157.7,5.0670156275323635,0.6931471805599453,0,-1.1407195775082217,-1.1134641884132501
14800,48,12,4339.74,8.375800119472242,2.5649493574615367,3,2.1992779070370907,0.6914567300419071
14801,61,1,193.14,5.26857954828408,0.6931471805599453,0,-1.0905838883283163,-0.9655012315429269
14803,162,3,845.55,6.741169266574241,1.3862943611198906,1,-0.22655403656126513,0.6696725592639655
14804,9,1,353.27,5.8700593342813,0.6931471805599453,0,-0.5453328986853534,-1.239289111752545
14805,15,4,554.65,6.3201385996316555,1.6094379124341003,1,0.48210950443231665,-0.6418761947881316
14806,75,1,193.39000000000001,5.269866450374021,0.6931471805599453,0,-1.1576354460734413,-0.842749170373525
14808,40,8,2741.17,7.91650485674164,2.1972245773362196,3,1.6778290112650867,0.31910134816843105
14810,41,11,2087.88,7.644383316153618,2.4849066497880004,3,1.8026902127825781,0.3747292927429096
14813,370,2,155.43,5.052608625573679,1.0986122886681096,2,-2.3197225824155097,1.8517062182194555
14815,37,2,778.5,6.658652688497831,1.0986122886681096,0,0.07477214201513013,-0.5763129891717724
14816,197,1,271.85,5.608922193632241,0.6931471805599453,2,-1.581767344945963,0.32544599624295756
14817,200,2,1110.34,7.0133217734248765,1.0986122886681096,2,-0.539938098032984,0.9549290071843043
14818,74,3,657.8,6.490419998303485,1.3862943611198906,1,0.07635560192520181,-0.17481811960093022
14819,64,2,272.07,5.609728172573878,1.0986122886681096,0,-0.5682307402788065,-0.6554677921487349
14820,21,4,507.29,6.231052150838124,1.6094379124341003,1,0.40957839372813465,-0.6161995469095738
14821,367,1,48.800000000000004,3.9080149840306073,0.6931471805599453,2,-3.2346175674169917,1.3002808805204331
14823,180,3,321.43,5.775886058412575,1.3862943611198906,2,-0.7851832367865833,0.5369839765050877
14824,10,4,1127.71,7.028830666672488,1.6094379124341003,1,0.8525291105871013,-0.4726543825057977
14825,4,12,2226.91,7.708819205258206,2.5649493574615367,3,2.086118322654269,0.10648791199612284
14828,197,3,2139.76,7.668916185155464,1.3862943611198906,1,0.05751763921723197,1.2543240166131067
14829,29,4,697.55,6.549006758096496,1.6094379124341003,1,0.526248087287789,-0.4507482394190931
14830,53,1,197.13,5.2889233809061675,0.6931471805599453,0,-1.041969974202344,-1.029312102111557
14834,18,6,1720.3,7.4508350982774605,1.9459101490553132,1,1.3272258752999253,-0.12547836804463147
14836,10,3,102.44999999999999,4.639088404191552,1.3862943611198906,0,-0.5187600330313172,-1.290428183375885
14837,90,4,1649.5,7.408833551293248,1.6094379124341003,1,0.6514438059174936,0.34074694235164754
14840,268,1,62.85,4.156536582478548,0.6931471805599453,2,-2.634600099153824,0.5096499158652424
14841,53,6,3295.76,8.10069544697357,1.9459101490553132,1,1.475529574098613,0.37568316133493984
14842,44,4,2824.69,7.946507861544517,1.6094379124341003,1,1.136515294968883,0.1002312790314095
14844,64,4,3189.81,8.068030082042343,1.6094379124341003,1,1.0992016670224123,0.3115498905073074
14847,149,1,309.4,5.737861788309064,0.6931471805599453,0,-1.2867241370932012,-0.05535318003753384
14849,22,25,7930.54,8.978602495018041,3.258096538021482,3,3.252309870441064,0.9552771962091469
14850,312,1,325.75,5.789195352504331,0.6931471805599453,2,-2.0496360337125448,1.3847528510684832
14851,23,2,511.35,6.239007985245727,1.0986122886681096,0,-0.06257477959407612,-0.8247590077676777
14852,58,6,2836.69,7.950745619900337,1.9459101490553132,1,1.37809654518263,0.3743332594789972
14853,24,2,475.8,6.16709711575114,1.0986122886681096,0,-0.10254282261424,-0.8376239590419235
14854,78,7,2759.83,7.923286638140286,2.0794415416798357,1,1.3899056349260819,0.600603499815027
14855,119,2,645.65,6.471805189861254,1.0986122886681096,0,-0.41292977759026417,0.08426113925350935
14856,36,3,1311.3799999999999,7.179597561714504,1.3862943611198906,1,0.596773086090283,-0.29989213070073795
14857,60,2,1173.12,7.068274209815247,1.0986122886681096,1,0.16371323713359,-0.25221491417071673
14859,13,4,1353.74,7.211364832983292,1.6094379124341003,1,0.9272075204902094,-0.3915915488266964
14860,19,1,170.32,5.14353315274717,0.6931471805599453,0,-0.9486373152810811,-1.3701671791935113
14861,52,1,125.79,4.842532174539857,0.6931471805599453,0,-1.2552305212977883,-1.1721689728670517
14862,26,2,841.1999999999999,6.736017515727827,1.0986122886681096,1,0.1657479176928281,-0.6492132866510132
14863,29,1,266.76,5.590091056903071,0.6931471805599453,0,-0.7788040908343125,-1.148596742710734
14865,7,2,52.2,3.9740583963475986,1.0986122886681096,0,-1.0918199067411618,-1.6451004019341622
14866,11,12,14389.9,9.574351341358595,2.5649493574615367,3,2.9637274869608174,0.7281624199448539
14867,186,3,710.28,6.567066163812884,1.3862943611198906,2,-0.4276395536088763,0.8271332515928311
14868,3,8,2953.59,7.99111517232888,2.1972245773362196,3,1.893150998746432,0.018123409288018196
14869,9,2,725.7,6.58851373762259,1.0986122886681096,0,0.17586472632006425,-0.8421167943386489
14870,262,1,327.25,5.793775513182905,0.6931471805599453,2,-1.8056829183628362,0.9491095977275683
14871,3,4,522.38,6.260307777673182,1.6094379124341003,1,0.5108894473206119,-0.7647367728495403
14873,210,1,519.68,6.25513564959826,0.6931471805599453,2,-1.3288906576419461,0.6332233193997976
14875,108,2,1465.3200000000002,7.290511139663592,1.0986122886681096,1,0.04024552613659305,0.23409386895882733
14878,13,9,1485.54,7.304206550922399,2.302585092994046,1,1.605394295746925,-0.05373669915030719
14880,77,3,706.19,6.561299370951966,1.3862943611198906,1,0.09648245339243836,-0.12730152993131272
14881,20,1,255.4,5.546738725046515,0.6931471805599453,0,-0.756476118810197,-1.2402852624959324
14882,27,2,589.7,6.38130827431319,1.0986122886681096,0,-0.012387877963393901,-0.7470438975153502
14883,19,6,761.59,6.636720534303131,1.9459101490553132,1,0.924636874569875,-0.361335502843547
14885,132,1,765.3199999999999,6.6415998370746365,0.6931471805599453,0,-0.7629985700080968,0.06758478831423939
14886,253,1,364.8,5.9020867359567655,0.6931471805599453,2,-1.7092561728634448,0.9029877969707031
14887,79,1,1862.0,7.529943370601589,0.6931471805599453,1,-0.07275928606443904,-0.12875639307059264
14888,207,1,369.2,5.914043400139397,0.6931471805599453,2,-1.4810363240292674,0.5045223326912155
14889,336,1,135.9,4.919250732294404,0.6931471805599453,2,-2.590691183555332,1.3331506937819981
14890,254,1,125.65,4.841427376447684,0.6931471805599453,2,-2.2323003943639437,0.5930572471486049
14891,148,2,554.38,6.319652564141498,1.0986122886681096,0,-0.6274624132540771,0.29201870061726043
14893,10,2,1237.8500000000001,7.121938808924836,1.0986122886681096,1,0.43164770181487677,-0.6731109408618281
14894,85,1,655.75,6.4873034285656495,0.6931471805599453,0,-0.6111712371887804,-0.38957114525809095
14895,8,20,11138.710000000001,9.31827148082645,3.044522437723423,3,3.2909553527701756,0.8394581215277096
14896,205,2,468.77000000000004,6.152243213225462,1.0986122886681096,2,-0.9848096861735905,0.7399232718336289
14897,8,4,1366.38,7.220651779074644,1.6094379124341003,1,0.955916412090175,-0.4325032568284184
14898,23,6,1303.52,7.173590436003909,1.9459101490553132,1,1.1675999802001948,-0.16507350293276665
14901,11,9,1421.29,7.260023527685966,2.302585092994046,1,1.5934762621711325,-0.08449208864972275
14902,26,1,332.66,5.810122510427528,0.6931471805599453,0,-0.6567996605798248,-1.108710317787786
14903,21,5,2810.63,7.941519665325918,1.791759469228055,1,1.411722483002972,-0.020765916932292537
14904,2,2,1025.44,6.933851783703411,1.0986122886681096,1,0.3784278500223337,-0.7995440436426333
14905,158,2,616.15,6.425112106189937,1.0986122886681096,0,-0.6242807639215807,0.4111074745473501
14907,3,7,3501.1,8.161118067549472,2.0794415416798357,3,1.8686767933153627,0.016530001296218295
14908,74,1,277.8,5.630494678886369,0.6931471805599453,0,-0.976607790964069,-0.7431402230942799
14910,3,4,434.35,6.076150305274624,1.6094379124341003,1,0.4209150110475524,-0.8200661617867968
14911,1,201,143825.06,11.876359931772127,5.308267697401205,3,6.6413546279035955,2.559142564954687
14912,17,2,867.85,6.767170498168263,1.0986122886681096,1,0.22447720195211032,-0.7185169775235454
14913,36,4,1227.43,7.113492210280828,1.6094379124341003,1,0.7682004931385373,-0.21996809520340405
14915,91,2,307.48,5.731657011422181,1.0986122886681096,0,-0.6391858572447079,-0.38284430554056514
14916,71,4,1268.98,7.146756431297139,1.6094379124341003,1,0.6152517460083691,0.09593955052290169
14918,116,2,1610.15,7.384703488712166,1.0986122886681096,1,0.04759093988618713,0.3323166852416621
14920,213,2,977.77,6.886296681323568,1.0986122886681096,2,-0.6648451713378672,1.0303898470072224
14921,30,2,1316.07,7.1831648514317985,1.0986122886681096,1,0.36487496719470663,-0.47990807913007494
14923,51,1,749.1,6.62020653097559,0.6931471805599453,0,-0.3818718688510144,-0.6468140847213824
14924,246,1,310.05,5.739953670961029,0.6931471805599453,2,-1.7546299183486462,0.7930928464462685
14929,32,1,223.88,5.415566926598276,0.6931471805599453,0,-0.8785748549787245,-1.1748106711928918
14930,109,3,2372.86,7.772272601231864,1.3862943611198906,1,0.5334338840349818,0.5162229991556763
14931,5,5,1257.68,7.137818831761513,1.791759469228055,1,1.096404579679422,-0.4020808645206861
14932,366,1,363.53,5.89860885258863,0.6931471805599453,2,-2.257232112119247,1.889606599418216
14934,82,2,1890.94,7.5453580366354,1.0986122886681096,1,0.29044892538621087,0.08341155853382036
14935,297,1,1784.71,7.487571374232199,0.6931471805599453,2,-1.1473401317875451,1.763917449659816
14936,34,8,8137.02,9.004302186164907,2.1972245773362196,3,2.2383036591718084,0.5934834599509633
14937,57,3,1621.88,7.3919576276276855,1.3862943611198906,1,0.5990061026759176,-0.05254125862379187
14944,30,12,5900.25,8.682919471860497,2.5649493574615367,3,2.4363457764772254,0.6264025685817528
14946,14,1,100.9,4.623991940228679,0.6931471805599453,0,-1.1782997774824149,-1.569963229424761
14947,72,2,290.82,5.676137173835876,1.0986122886681096,0,-0.5744595302925299,-0.5655923735339979
14948,23,6,1101.97,7.005761820334205,1.9459101490553132,1,1.085603388431769,-0.2154969510299136
14950,19,1,371.2,5.91943134420815,0.6931471805599453,0,-0.5695541237454067,-1.1370516164530076
14951,79,1,311.69,5.745212284419341,0.6931471805599453,0,-0.944731361304057,-0.6649718348316374
14952,60,11,8099.49,8.999679832658012,2.4849066497880004,3,2.3730001536687535,0.9479901564582167
14953,25,1,289.82,5.67270451908534,0.6931471805599453,0,-0.7191041238238054,-1.1587374001963475
14954,12,1,336.17,5.820587254198285,0.6931471805599453,0,-0.5840065616535272,-1.227931643136312
14957,253,1,58.49,4.085808231199814,0.6931471805599453,2,-2.596641476603431,0.35729405726414487
14958,147,3,499.68,6.215967174459823,1.3862943611198906,0,-0.410639179599172,0.3807718510786679
14959,64,4,695.42,6.545952926608586,1.6094379124341003,1,0.35555530697752463,-0.14575220985626744
14960,8,2,221.27,5.4038928590966755,1.0986122886681096,0,-0.39807517702139966,-1.2067718692286071
14961,11,9,7044.68,8.860169942031078,2.302585092994046,3,2.375265182869778,0.3962656137814202
14962,271,1,126.7,4.8496837630384935,0.6931471805599453,2,-2.3104497698527062,0.7441244232269207
14963,10,5,1487.8,7.305725705328041,1.791759469228055,1,1.154267869089217,-0.30793196968404235
14964,247,1,206.21,5.333732771768991,0.6931471805599453,2,-1.9579329380639698,0.67978576041724
14965,96,2,599.0,6.396929655216146,1.0986122886681096,0,-0.3383228990466685,-0.13926381943275654
14966,15,1,191.32,5.259160651346843,0.6931471805599453,0,-0.8728075693532922,-1.3703888991658317
14967,50,1,463.8,6.141607205537701,0.6931471805599453,0,-0.6108684451128945,-0.7993477582904608
14968,30,1,147.59,5.001190835268256,0.6931471805599453,0,-1.0713593621224708,-1.3167891133311798
14970,68,4,1592.06,7.373411973984176,1.6094379124341003,1,0.7404925298056321,0.13781615700545663
14971,35,3,1116.57,7.0189119643469615,1.3862943611198906,1,0.5231006902379306,-0.35690987390979895
14972,128,1,114.77,4.751605464217637,0.6931471805599453,0,-1.667062253930869,-0.535218141866762
14973,107,3,1314.45,7.181934091396172,1.3862943611198906,1,0.2546788256880359,0.3213773398198694
14974,37,1,114.39,4.748317695206576,0.6931471805599453,0,-1.2287465953992436,-1.3315811463536396
14975,57,1,279.94,5.638141123402764,0.6931471805599453,0,-0.8906887157428963,-0.8894294560564474
14976,57,7,790.86,6.674384608512411,2.0794415416798357,1,0.8812458215132222,0.041827667820966134
14978,72,5,1931.42,7.566528382450746,1.791759469228055,1,0.9819620512415534,0.3123291571637239
14981,246,1,102.12,4.635893358630932,0.6931471805599453,2,-2.2940443820657124,0.46138226400031107
14984,19,2,213.27,5.3672369020126345,1.0986122886681096,0,-0.4691616829616826,-1.1216407516791
14985,198,2,296.75,5.696254208235409,1.0986122886681096,2,-1.1737536175552272,0.5417404588417899
14987,16,2,326.4,5.791182664937034,1.0986122886681096,0,-0.24753015206713516,-1.0204890737761168
14988,212,1,334.54,5.8157411743422545,0.6931471805599453,2,-1.5532357105133272,0.5186897496899572
14995,39,2,233.23000000000002,5.456303538604819,1.0986122886681096,0,-0.5223322448016812,-0.9200732928537698
14997,46,3,546.1999999999999,6.3048143663083405,1.3862943611198906,1,0.1210342411060397,-0.47531343538514825
14998,170,2,429.87,6.06580642047611,1.0986122886681096,2,-0.8578396414254528,0.40804013587120375
15000,48,1,490.52,6.197502630519253,0.6931471805599453,0,-0.5738908143194019,-0.800034971280014
15002,116,4,1641.76,7.404133033112973,1.6094379124341003,1,0.5234552650951552,0.5665847493369527
15004,147,1,1246.32,7.128752528637921,0.6931471805599453,0,-0.5975033506943108,0.34505370361867643
15005,16,28,6316.57,8.751089919533372,3.367295829986474,3,3.269855469744809,0.8833112547654153
15006,51,1,502.09,6.220769080535664,0.6931471805599453,0,-0.5770263687558577,-0.7668234971207128
15007,159,1,156.91,5.062025250478552,0.6931471805599453,2,-1.665262943813242,-0.1710017432121805
15009,12,3,1261.78,7.141070918737701,1.3862943611198906,1,0.6939733724247431,-0.521236594610239
15010,36,1,308.94,5.736378730359188,0.6931471805599453,0,-0.7411719816386104,-1.043462477810075
15012,54,2,423.04,6.049827790404897,1.0986122886681096,0,-0.3048667141932326,-0.6106454602621381
15014,43,2,260.17,5.56517153628838,1.0986122886681096,0,-0.4884794703253568,-0.8524027831758909
15016,173,1,170.04,5.141897447276735,0.6931471805599453,2,-1.6939198195580414,-0.024639039047793083
15017,34,1,125.58,4.840874519347159,0.6931471805599453,0,-1.1690228739780566,-1.329993972918834
15018,39,3,496.21000000000004,6.209012472065032,1.3862943611198906,0,0.1080681390254213,-0.5652794463046679
15019,267,1,266.0,5.58724865840025,0.6931471805599453,2,-1.930757976178649,0.9307613502151769
15021,9,9,1914.82,7.55790100839738,2.302585092994046,3,1.7486798805877095,-0.01247674386123338
15022,12,4,905.04,6.809083455178767,1.6094379124341003,1,0.7354978608350462,-0.5211957949199193
15023,3,11,6802.76,8.825230679525026,2.4849066497880004,3,2.5633244663665176,0.3973755410297884
15024,10,10,1661.33,7.415975511662447,2.3978952727983707,3,1.7615204682267016,-0.003756595996265537
15025,33,1,377.01,5.934920650296115,0.6931471805599453,0,-0.6296667651555004,-1.0100324988105998
15026,80,3,469.0,6.152732694704104,1.3862943611198906,0,-0.11763526534942409,-0.22383262167429283
15027,31,4,1066.1499999999999,6.972746822489577,1.6094379124341003,1,0.7236075822756427,-0.30595642836964443
15028,8,4,627.13,6.442747151414763,1.6094379124341003,1,0.5758529292659492,-0.6662216454406115
15030,72,2,518.28,6.252443236725213,1.0986122886681096,0,-0.29289173695860804,-0.392443481527632
15031,4,4,668.14,6.505993305798354,1.6094379124341003,1,0.6260905455034091,-0.6821811344507014
15032,256,3,4959.1,8.50918118080606,1.3862943611198906,1,0.18282459939629406,2.0224611593942226
15033,5,10,2586.67,7.8585131358985345,2.3978952727983707,3,2.001904102226632,0.08550015979652303
15034,16,8,4308.61,8.368602691764597,2.1972245773362196,3,2.014735350548926,0.2451630807701273
15035,90,1,252.73000000000002,5.536270709515726,0.6931471805599453,0,-1.0999920315580403,-0.6316032541614613
15036,72,3,465.55,6.145365195680031,1.3862943611198906,0,-0.08256036981859728,-0.2959692529446198
15038,59,6,705.49,6.560309047742739,1.9459101490553132,1,0.6939319606727203,-0.03467755802718923
15039,10,47,19914.44,9.89925058927075,3.8712010109078907,3,4.319875406669097,1.4011651514937138
15041,170,1,180.35,5.200428865728911,0.6931471805599453,2,-1.6508200051437392,-0.03327466504958834
15042,199,1,135.93,4.919469846344143,0.6931471805599453,2,-1.928284014199198,0.1357835214809062
15043,31,1,537.0,6.2878585601617845,0.6931471805599453,0,-0.44756208750096144,-0.9214744644421032
15044,19,17,7700.2300000000005,8.9491353353444,2.8903717578961645,3,2.916692000953228,0.7557639133559423
15045,152,2,735.66,6.602126456028984,1.0986122886681096,0,-0.5087904225861167,0.41184841902613617
15046,9,15,5213.7699999999995,8.559250262914823,2.772588722239781,3,2.667014520417774,0.49855049663382917
15047,270,1,343.62,5.842442360714953,0.6931471805599453,2,-1.8205800521550155,1.033654455971752
15048,65,4,384.05,5.953373195985259,1.6094379124341003,1,0.06120232559543921,-0.315050074493719
15049,274,1,121.17000000000002,4.8054135174159684,0.6931471805599453,2,-2.3465819550460583,0.757044762566253
15050,25,3,1782.09,7.486103093313854,1.3862943611198906,1,0.7997009071252562,-0.3039480039582427
15051,23,3,1391.61,7.238934963295533,1.3862943611198906,1,0.688609756560754,-0.3956894711623914
15052,319,1,215.78,5.378883014387604,0.6931471805599453,2,-2.283943866016807,1.3226588296460908
15053,5,3,697.79,6.549350267911373,1.3862943611198906,1,0.4387145738836399,-0.7601994472374833
15054,12,2,302.1,5.714062784063757,1.0986122886681096,0,-0.2658716422304643,-1.0786209865122436
15057,275,2,1489.5,7.306866913118126,1.0986122886681096,2,-0.7590928171271385,1.6986525078511874
15058,25,11,2124.9900000000002,7.661992855221969,2.4849066497880004,3,1.888642683234138,0.24017381928138182
15059,41,9,1337.72,7.199469212547289,2.302585092994046,1,1.4188618140656188,0.1595262120858778
15060,8,4,303.09,5.717323710222868,1.6094379124341003,0,0.22143035639719297,-0.8841722678027798
15061,4,48,54534.14,10.906600543518254,3.8918202981106265,3,4.859870525321956,1.6605976794579744
15062,71,4,987.86,6.896552764474143,1.6094379124341003,1,0.49300889817469207,0.020766841998663032
15063,213,1,370.79999999999995,5.918356075287344,0.6931471805599453,2,-1.507935110312505,0.5582603803470956
15065,38,4,3158.13,8.058051952218728,1.6094379124341003,1,1.2200186113724532,0.08130194140882942
15066,53,1,893.59,6.796365512756079,0.6931471805599453,0,-0.30547389689998644,-0.5764070370755742
15067,78,3,1744.76,7.464945269906789,1.3862943611198906,1,0.5331454650363953,0.15293571643479775
15068,46,2,553.36,6.317814295200602,1.0986122886681096,0,-0.13526118601125697,-0.6000530630855332
15069,179,1,1109.53,7.012592657827759,0.6931471805599453,2,-0.8089538071686256,0.5898463074390013
15070,373,1,106.2,4.674696248636701,0.6931471805599453,2,-2.889043365363745,1.5830695751594972
15071,94,2,982.07,6.890680328191671,1.0986122886681096,1,-0.0874208556602556,-0.008399143710205517
15073,10,3,1043.41,6.951207411654662,1.3862943611198906,1,0.6108797344090863,-0.5957611130314076
15074,105,1,748.87,6.619899858173064,0.6931471805599453,0,-0.643074301508222,-0.17492533117120754
15075,78,1,773.03,6.651610632528512,0.6931471805599453,0,-0.49705496147728573,-0.40138839971758744
15076,173,1,880.85,6.782021973516374,0.6931471805599453,2,-0.8925986581410469,0.4681299300084818
15078,7,32,9743.11,9.184418278884316,3.4965075614664802,3,3.6430441498695054,0.992620359092107
15079,213,4,895.61,6.798620984904737,1.6094379124341003,2,-0.24130961421592614,1.232478562367193
15081,22,5,504.8,6.226141334235865,1.791759469228055,1,0.5688000093847132,-0.527404209054442
15083,257,1,88.2,4.490881039585964,0.6931471805599453,2,-2.4180709205610382,0.5139581383838652
15087,282,1,306.94,5.7299049588017725,0.6931471805599453,2,-1.9335745184739765,1.1047276784900815
15088,21,2,1160.07,7.057097272731341,1.0986122886681096,1,0.3467904725997089,-0.5964480698008137
15089,10,6,2420.84,7.7922828608243835,1.9459101490553132,1,1.5327226174955848,-0.09281482464192847
15090,308,1,381.32,5.946257954269903,0.6931471805599453,2,-1.9535621999358552,1.3969801450235462
15091,68,1,480.71,6.177342273229703,0.6931471805599453,0,-0.6804267762830551,-0.6312843335601036
15092,215,2,457.81,6.1286361810072245,1.0986122886681096,2,-1.044686527545217,0.8202345006910692
15093,18,6,4597.02,8.433381055030935,1.9459101490553132,3,1.8072716612235173,0.16972370375773801
15095,104,4,1370.6,7.223733220588765,1.6094379124341003,1,0.4933284103560047,0.40749969183467527
15096,43,1,219.39000000000001,5.3953987041986,0.6931471805599453,0,-0.9416058928767718,-1.084725878545851
15097,4,1,248.08,5.517774130004251,0.6931471805599453,0,-0.693278529857224,-1.3888337515384144
15098,182,3,39916.5,10.594570103213856,1.3862943611198906,3,1.559428834697869,2.0022194365810986
15099,84,1,410.48,6.019760416262829,0.6931471805599453,0,-0.8347659933201511,-0.5387829929914063
15100,334,3,876.0,6.776506992372183,1.3862943611198906,2,-1.04078984054681,2.1836361856104256
15101,9,2,317.53,5.763716662099238,1.0986122886681096,0,-0.22710915762461434,-1.089923834648031
15103,31,2,703.36,6.557289589092577,1.0986122886681096,0,0.054254675789675834,-0.6592094554371182
15104,197,2,1027.44,6.93579837000678,1.0986122886681096,2,-0.5633110459810805,0.9054162445776062
15105,18,7,2298.93,7.740633966671485,2.0794415416798357,1,1.5907248493022537,0.02130300886109804
15106,18,5,1422.52,7.2608879564964575,1.791759469228055,1,1.0936868798597188,-0.2514801999919639
15107,311,6,319.5,5.7698822763607245,1.9459101490553132,2,-0.910494977037089,1.9304193213651928
15108,142,4,1300.25,7.171080619929179,1.6094379124341003,1,0.2839000701630085,0.723815126774869
15109,246,1,484.95,6.18610573794948,0.6931471805599453,2,-1.5366519009675792,0.9271374818229989
15110,24,4,996.1,6.904851065834747,1.6094379124341003,1,0.7242756757852408,-0.38753814990758556
15111,29,3,1567.48,7.357862276513416,1.3862943611198906,1,0.7177086298602076,-0.30751590587543853
15113,10,3,3609.33,8.19155445989142,1.3862943611198906,1,1.2168802675100698,-0.22310371631961803
15114,30,10,2760.56,7.923551016427315,2.3978952727983707,3,1.9128221930589453,0.3235502077452629
15115,18,1,340.11,5.832205005910728,0.6931471805599453,0,-0.6073362820864279,-1.1719988139318527
15116,18,4,1352.75,7.2106337983152,1.6094379124341003,1,0.9026788193385795,-0.3481092508582214
15117,15,5,1551.78,7.3478021518130685,1.791759469228055,1,1.1506537631199418,-0.25158833221466886
15118,134,1,244.8,5.504518197131935,0.6931471805599453,0,-1.328214989759329,-0.2565661484711948
15119,246,1,266.4,5.588745664667843,0.6931471805599453,2,-1.8285061230391555,0.7476629951257833
15120,134,1,358.82,5.885603906408473,0.6931471805599453,0,-1.1420266618175292,-0.14207044459142637
15121,50,2,457.72,6.12844000213506,1.0986122886681096,0,-0.2471216515866935,-0.6219882777232145
15122,114,3,1633.78,7.399263517702882,1.3862943611198906,1,0.3270200432426348,0.44785582020665315
15123,7,2,2199.31,7.696353538510563,1.0986122886681096,1,0.7267943623189502,-0.5267514531917029
15124,23,2,184.19,5.221382325073915,1.0986122886681096,0,-0.5597595743158565,-1.1305006386167535
15125,25,15,11528.48,9.35266251250627,2.772588722239781,3,2.9773056956321797,0.8767742795964324
15127,66,1,406.53,6.010114549603027,0.6931471805599453,0,-0.7524611733699618,-0.6990080197888858
15128,60,4,1471.0,7.294377299288821,1.6094379124341003,1,0.7405527520445138,0.04414740442012135
15129,50,11,3447.4,8.14566563433577,2.4849066497880004,3,2.0040946358415423,0.6040010774884713
15130,170,1,330.11,5.802450646452902,0.6931471805599453,2,-1.3566881969729796,0.14760041333055113
15132,18,5,977.9300000000001,6.886460138441978,1.791759469228055,1,0.9107514202466921,-0.3639755666161796
15133,128,3,982.42,6.891036292375263,1.3862943611198906,1,0.01103345293831092,0.41752636392396236
15134,15,8,1387.99,7.236332143304382,2.1972245773362196,1,1.4663724242099263,-0.10376354316167404
15135,239,1,139.05,4.941999501706118,0.6931471805599453,2,-2.1106489212927646,0.49216794359964183
15136,3,4,1286.7,7.160612960279738,1.6094379124341003,1,0.950754581348012,-0.49424361847533804
15139,240,2,178.96,5.192734603972972,1.0986122886681096,2,-1.6228007972504566,0.7575562217962795
15140,52,7,2354.25,7.764402157928777,2.0794415416798357,1,1.4379709023600011,0.32561722286847566
15142,46,1,498.74,6.214087963175304,0.6931471805599453,0,-0.5561190476744692,-0.812532747040161
15143,226,1,259.45,5.562410904191201,0.6931471805599453,2,-1.7446864372926782,0.5649430819751068
15144,8,17,6580.44,8.792008845361094,2.8903717578961645,3,2.893101564343147,0.6124116210511797
15145,4,4,1194.73,7.0865121565162825,1.6094379124341003,1,0.9097165947694889,-0.5077665268953414
15146,165,2,1327.16,7.1915498047067254,1.0986122886681096,1,-0.28365986918912317,0.7025633776043547
15147,240,1,623.5,6.436951329565632,0.6931471805599453,2,-1.3850895812773172,0.9500607327746127
15148,11,1,301.29,5.711386821516136,0.6931471805599453,0,-0.6325246772659313,-1.2694808709260708
15149,134,1,520.8000000000001,6.257284372702628,0.6931471805599453,0,-0.9604334851032594,-0.030400509007909682
15150,17,10,5314.47,8.578376715841037,2.3978952727983707,3,2.2955985859683956,0.406664986402312
15152,10,13,4745.69,8.465202812016113,2.639057329615259,3,2.494320168059976,0.4193222508037711
15153,31,1,329.25,5.799849943402434,0.6931471805599453,0,-0.6859901003175729,-1.0680947357226191
15154,75,1,296.42,5.695145281260538,0.6931471805599453,0,-0.9498555359263912,-0.7149758167624547
15156,1,3,961.49,6.869523676497577,1.3862943611198906,1,0.6144800036764204,-0.6989661523153957
15157,4,3,1936.07,7.568931801112307,1.3862943611198906,1,0.9416892634924363,-0.4626105689147725
15158,45,1,401.40000000000003,5.9974466187855295,0.6931471805599453,0,-0.6571299312297116,-0.8863621745645205
15159,2,30,18641.010000000002,9.83317291504409,3.4339872044851463,3,3.92710033420768,1.1158764099080674
15160,357,1,158.16,5.069909985558728,0.6931471805599453,2,-2.6186035407270865,1.561963799151302
15163,18,2,304.47,5.721851574117079,1.0986122886681096,0,-0.2910720913517179,-1.0238385537924013
15164,69,3,843.05,6.738211734547398,1.3862943611198906,1,0.2215915817986109,-0.14407200060343064
15165,373,1,487.75,6.1918511112995755,0.6931471805599453,2,-2.147801906469285,2.038892792002159
15167,321,1,163.0,5.099866427824199,0.6931471805599453,2,-2.4299325538825336,1.256310166390681
15168,26,1,106.56,4.678048831400664,0.6931471805599453,0,-1.209900709173541,-1.4488374061795513
15171,331,1,1289.5,7.162785019158669,0.6931471805599453,2,-1.4703885468720166,1.9635098198635956
15172,9,5,1624.05,7.393293863521244,1.791759469228055,1,1.2018856463605856,-0.29036284754545183
15174,323,1,135.75,4.91815444130209,0.6931471805599453,2,-2.5283808057210777,1.219196287860256
15175,72,1,224.14,5.416722430926658,0.6931471805599453,0,-1.071382603000846,-0.8248480287626935
15178,260,1,40.5,3.725693427236653,0.6931471805599453,2,-2.806424130651608,0.3102816877274981
15179,18,5,2206.95,7.69981976221305,1.791759469228055,1,1.3081372698835114,-0.11960486374242116
15180,367,1,87.5,4.483002552013883,0.6931471805599453,2,-2.9536939555781596,1.4730336359132854
15181,66,3,689.4799999999999,6.537387007911402,1.3862943611198906,1,0.1379768912605477,-0.23063016125966765
15182,154,2,622.85,6.43590995485703,1.0986122886681096,0,-0.5996679929801398,0.37939009817981534
15184,29,2,406.76,6.010678766031786,1.0986122886681096,0,-0.20313619941632302,-0.8409173031089006
15185,70,1,310.62,5.741784496789209,0.6931471805599453,0,-0.902897320297538,-0.7446651821870921
15186,14,2,411.41,6.022018000151438,1.0986122886681096,0,-0.12508154037966412,-0.9686162781607841
15187,2,16,4777.18,8.471814999842545,2.833213344056216,3,2.713484960092618,0.43820826994275003
15189,1,41,16225.39,9.694394208164745,3.7376696182833684,3,4.141385836396816,1.2012409290816037
15192,120,3,1044.32,6.952078337618801,1.3862943611198906,1,0.07953142981907142,0.3659431114142397
15193,61,1,499.32,6.215247893709531,0.6931471805599453,0,-0.6280669477565796,-0.6810784470833582
15194,3,15,7616.53,8.938207449152076,2.772588722239781,3,2.881168753191692,0.5599643727761617
15195,3,1,3861.0,8.258940462988459,0.6931471805599453,1,0.6508166412573845,-0.5740014850705492
15197,11,3,1079.6100000000001,6.985280975485229,1.3862943611198906,1,0.6226928627850663,-0.5767834577778496
15198,92,2,193.64,5.271151698475267,1.0986122886681096,0,-0.8690107957417904,-0.5124609303722018
15199,59,4,1268.7,7.1465359310757455,1.6094379124341003,1,0.6731557044714538,-0.009011340610746335
15201,87,5,1236.54,7.120880817152784,1.791759469228055,1,0.6917159087016289,0.30954190072319626
15203,26,6,1827.8,7.511415293040546,1.9459101490553132,1,1.318149285671808,-0.03735419143825776
15204,357,1,316.58,5.760729755097951,0.6931471805599453,2,-2.2810874002141626,1.769517884340196
15205,85,2,653.24,6.483474256616332,1.0986122886681096,0,-0.24286213019807557,-0.20940608983439177
15206,10,4,420.29999999999995,6.04334516898497,1.6094379124341003,1,0.3710471432531254,-0.7687396278309045
15208,1,5,870.12,6.769779740037806,1.791759469228055,1,0.935927711264258,-0.5476183109927835
15210,225,1,331.18,5.805676990670853,0.6931471805599453,2,-1.6209987990268107,0.6292910348539562
15211,60,2,894.4100000000001,6.797281713937488,1.0986122886681096,1,0.031313521101096614,-0.3336335446949694
15212,241,1,101.8,4.632785353021065,0.6931471805599453,2,-2.271391333747172,0.4167465414657926
15213,319,2,328.35,5.797121015086702,1.0986122886681096,2,-1.7094239795567883,1.6296323085834008
15214,2,8,1661.44,7.416041681653177,2.1972245773362196,1,1.6170197147850434,-0.16339554813252297
15215,47,3,734.94,6.601148593666668,1.3862943611198906,1,0.2609809447867468,-0.37754059432524945
15216,88,1,96.6,4.580877493419047,0.6931471805599453,0,-1.557103096733612,-0.9361281655146751
15218,11,11,5756.89,8.658326367134135,2.4849066497880004,3,2.4431050052303847,0.41715289135977673
15219,176,1,305.75,5.7260330835910205,0.6931471805599453,2,-1.4230296274265501,0.17708337820501643
15220,52,6,1778.96,7.484346171123521,1.9459101490553132,1,1.1792320408158163,0.1817630564515389
15221,366,1,403.25,6.002033498457216,0.6931471805599453,2,-2.2067015846985214,1.9206801278633523
15222,319,1,585.0,6.373319789577012,0.6931471805599453,2,-1.7980885428984228,1.621433451122688
15223,226,2,755.75,6.629032947901828,1.0986122886681096,2,-0.8533833760931994,1.0667209988168154
15224,358,2,322.08,5.777899970574095,1.0986122886681096,2,-1.9073528592291535,1.9647325100913808
15225,234,1,409.40000000000003,6.01713229385656,0.6931471805599453,2,-1.5611961364143212,0.7714854318161047
15226,311,1,154.41,5.04606678592752,0.6931471805599453,2,-2.407874551880015,1.1527424064641427
15227,37,5,1219.4,7.106933952842515,1.791759469228055,1,0.9266172130795817,-0.13166772447386274
15228,66,4,3386.71,8.127909455886419,1.6094379124341003,1,1.1187885194578084,0.34702118686814154
15230,239,2,429.6,6.065179584930263,1.0986122886681096,2,-1.1917131083202548,1.0109385011689536
15232,113,2,612.06,6.418462810428566,1.0986122886681096,0,-0.40998559899249204,0.015792309606996815
15234,277,1,197.0,5.288267030694535,0.6931471805599453,2,-2.1251755107418355,0.9283373639400397
15235,218,12,2247.51,7.718023053610256,2.5649493574615367,3,1.0560732906878008,1.97969596703681
15236,299,1,321.05,5.7747068129929,0.6931471805599453,2,-1.9938687518235292,1.2667747967038747
15237,2,4,1412.32,7.253696825551129,1.6094379124341003,1,1.001067186195713,-0.47501732381901973
15238,29,3,1071.99,6.978204422922778,1.3862943611198906,1,0.5322179141778778,-0.4215826161251221
15239,10,2,780.59,6.661330306378558,1.0986122886681096,0,0.20660665504438436,-0.8114989554954931
15240,45,5,1706.57,7.442826586212262,1.791759469228055,1,1.0520509484465075,0.03917299247449198
15241,67,8,1756.44,7.471613483699497,2.1972245773362196,1,1.3299406351227936,0.421425929428298
15243,74,1,316.68,5.7610445868229965,0.6931471805599453,0,-0.9128245829350372,-0.7039170162492381
15244,65,2,631.57,6.449790886414747,1.0986122886681096,0,-0.16263277944469337,-0.3943338639006411
15245,134,3,2515.84,7.83075942537543,1.3862943611198906,1,0.44115130319442863,0.7523048079557868
15246,238,2,514.15,6.244458120391077,1.0986122886681096,2,-1.0992880832757155,1.0560616457826155
15247,122,1,356.0,5.877735781779639,0.6931471805599453,0,-1.0878591289576283,-0.2493190344270286
15249,32,13,6688.46,8.808288432375653,2.639057329615259,3,2.555587901464683,0.7146894889217884
15251,9,11,10484.99,9.257795359479534,2.4849066497880004,3,2.7456582038219133,0.5797802207179599
15252,36,2,740.78,6.60905270324689,1.0986122886681096,0,0.05537321765465315,-0.5999554967301687
15253,16,5,918.1999999999999,6.823503726534546,1.791759469228055,1,0.8896612089655467,-0.4003713469719598
15254,127,1,300.36,5.708305563383786,0.6931471805599453,0,-1.1948097582446568,-0.25652174330785554
15255,67,1,890.85,6.793297957004312,0.6931471805599453,0,-0.37465292677252277,-0.4549632556539163
15256,149,1,98.45,4.599655005299981,0.6931471805599453,0,-1.8428216569471765,-0.39732293542078806
15257,283,1,317.15,5.762522969678801,0.6931471805599453,2,-1.9224725345047617,1.1232680185783293
15258,169,2,623.16,6.4364067457583465,1.0986122886681096,2,-0.671939885425223,0.5106451604397105
15260,100,7,1810.77,7.502059546979103,2.0794415416798357,1,1.077750533733124,0.6663359871155666
15261,135,1,254.82,5.544474072171247,0.6931471805599453,0,-1.3135279207927433,-0.23582117592945073
15262,324,1,178.95000000000002,5.19267903452504,0.6931471805599453,2,-2.3990897084140586,1.3104165100449128
15263,107,1,156.51,5.059488948313644,0.6931471805599453,0,-1.4151181278401115,-0.6262638836351162
15264,64,1,393.74,5.978227320325962,0.6931471805599453,0,-0.7583718094960895,-0.726069186309405
15265,151,2,1506.1200000000001,7.317955823857119,1.0986122886681096,1,-0.15422095102348635,0.6181761528535933
15266,338,1,119.3,4.789988622980633,0.6931471805599453,2,-2.6635138223087975,1.311795174757566
15267,22,5,1717.36,7.449125626576209,1.791759469228055,1,1.16631756238405,-0.1599633841249595
15269,24,1,408.8,6.0156692358048,0.6931471805599453,0,-0.5467063901369433,-1.0644353856266877
15270,16,7,2379.49,7.775061627827598,2.0794415416798357,1,1.6172139024503238,0.014165890587548425
15271,7,15,2507.07,7.8272688120491205,2.772588722239781,3,2.3190564935176328,0.2611487722500332
15272,57,2,721.94,6.58332623116324,1.0986122886681096,0,-0.058716507169346774,-0.42413678943577326
15274,4,2,716.57,6.5758705038506235,1.0986122886681096,0,0.19385911611421344,-0.8896173387058893
15275,38,1,615.14,6.4234742104382585,0.6931471805599453,0,-0.4151440445984987,-0.8195465669701631
15276,66,1,135.31,4.914931703582751,0.6931471805599453,0,-1.2875383434852214,-1.0280514023659697
15277,47,1,255.89999999999998,5.548686904115838,0.6931471805599453,0,-0.8860505906503887,-1.0037094936555908
15279,355,1,290.51,5.675074310519458,0.6931471805599453,2,-2.3132677543058175,1.7263022688140108
15280,172,1,113.12,4.737250526345299,0.6931471805599453,2,-1.8867852205825406,-0.15495400327811895
15281,59,9,2332.15,7.754974564853873,2.302585092994046,3,1.6032494007047156,0.4837525763967089
15286,50,1,240.55,5.4870764910004155,0.6931471805599453,0,-0.9306547198530357,-0.9959989395014903
15287,22,2,486.69,6.189679958097341,1.0986122886681096,0,-0.08184083246881542,-0.8483198065828178
15288,43,5,2306.52,7.743928633728395,1.791759469228055,1,1.2088300043226707,0.1121571456885572
15289,29,3,939.78,6.846709318414996,1.3862943611198906,1,0.4679729082779846,-0.4610898035658271
15290,5,18,7943.22,8.98019989919854,2.9444389791664403,3,3.0489117021864742,0.6669094534136029
15291,26,15,4668.3,8.448764446494256,2.772588722239781,3,2.530850867047049,0.6139420444136402
15292,201,1,180.94,5.203676962393915,0.6931471805599453,2,-1.7990966015341108,0.23865320649389066
15296,51,6,3672.86,8.208998159442066,1.9459101490553132,1,1.5381120097736203,0.3907415119369431
15297,10,3,641.94,6.466051407286527,1.3862943611198906,1,0.3738454320320366,-0.7415243281282937
15298,2,12,4799.9,8.476558679320053,2.5649493574615367,3,2.470883996996264,0.3196714463688891
15299,67,7,4507.01,8.413611093435822,2.0794415416798357,3,1.6826424863548406,0.6517752998674747
15300,64,1,496.44,6.2094749463104435,0.6931471805599453,0,-0.6453903783521636,-0.6565917457675308
15301,51,12,5070.35,8.53136233333043,2.5649493574615367,3,2.2607785393268323,0.7644159465926292
15303,290,1,574.02,6.354404822801145,0.6931471805599453,2,-1.6671349768151917,1.3622793038019687
15304,61,8,694.4000000000001,6.544487219573761,2.1972245773362196,1,0.9059772795011897,0.09043216515052975
15306,64,3,1174.35,7.069321254563527,1.3862943611198906,1,0.4075344117866972,-0.08829338086794127
15307,96,1,205.3,5.329331420077207,0.6931471805599453,0,-1.2301029013787175,-0.6413350291531674
15308,274,1,310.47,5.741303025403381,0.6931471805599453,2,-1.889331267369385,1.038229087672894
15311,1,91,60767.9,11.014833423928879,4.5217885770490405,3,5.5023991099732426,1.9486032994726088
15312,75,4,924.85,6.830712234483825,1.6094379124341003,1,0.441503739112846,0.03594686105228396
15313,110,1,52.0,3.970291913552122,0.6931471805599453,0,-1.9617737122465364,-0.9272876920635456
15314,199,1,327.97,5.795966561197395,0.6931471805599453,2,-1.5000510634154551,0.3991235152737571
15315,64,2,570.5,6.348264483234865,1.0986122886681096,0,-0.2074015686278392,-0.4335774596814636
15316,327,1,165.0,5.111987788356544,0.6931471805599453,2,-2.4530162244588487,1.3123943028861542
15318,4,1,312.62,5.748182061952885,0.6931471805599453,0,-0.5807073508553005,-1.3196085937700415
15319,284,1,204.5,5.32544603393629,0.6931471805599453,2,-2.1408509918772736,1.0006903576161885
15320,44,1,267.13,5.591471937527057,0.6931471805599453,0,-0.8506440405872201,-1.017076059167684
15321,71,3,2748.31,7.919105250086756,1.3862943611198906,1,0.7888760874406692,0.22820358961623316
15322,86,1,679.68,6.523092298503236,0.6931471805599453,0,-0.5985200559333562,-0.3700781330249568
15325,104,1,162.29,5.0955277611142185,0.6931471805599453,0,-1.3830076014924657,-0.641657324620473
15326,334,1,311.71,5.74527624348556,0.6931471805599453,2,-2.177448503827693,1.5638460389758828
15327,53,1,208.75,5.345916345347316,0.6931471805599453,0,-1.014124729693205,-1.0121887898984805
15329,39,3,1049.7,6.957211887694729,1.3862943611198906,1,0.4736184464026953,-0.34048587192061885
15330,32,2,714.96,6.5736242994783,1.0986122886681096,0,0.057401072818604425,-0.6455613689964221
15332,366,4,1661.06,7.415813075846797,1.6094379124341003,2,-0.6794150312416267,2.7551906953752145
15333,208,1,1028.56,6.936886805488385,0.6931471805599453,2,-0.9861365853967974,0.8205720014680801
15334,157,3,351.67,5.8655327755013085,1.3862943611198906,0,-0.6301951678338894,0.36288908186376134
15335,54,1,173.97,5.164614530656529,0.6931471805599453,0,-1.10753827508269,-1.057919820806333
15339,66,2,574.07,6.354491772518179,1.0986122886681096,0,-0.2140276957710384,-0.4142257213015971
15341,81,1,2020.52,7.611604982675218,0.6931471805599453,1,-0.04253021216529463,-0.08674070882676982
15342,130,1,406.09,6.0090342912180414,0.6931471805599453,0,-1.0623846335050278,-0.1399478180633446
15343,87,1,364.5,5.901266279189834,0.6931471805599453,0,-0.9071619950411085,-0.5481629301763514
15344,1,3,563.94,6.3367195308171205,1.3862943611198906,1,0.35416608848650044,-0.8590450642366889
15345,46,1,393.54,5.9777205293157225,0.6931471805599453,0,-0.6716018805882429,-0.8835484137398767
15346,333,1,252.42000000000002,5.5350481913707625,0.6931471805599453,2,-2.275326023585204,1.4919434599145744
15347,366,1,201.60000000000002,5.311233591814583,0.6931471805599453,2,-2.5442080207291884,1.7131320104036878
15348,72,1,158.04,5.069155742908264,0.6931471805599453,0,-1.2411944298816446,-0.929273074418101
15349,158,2,473.81,6.1629147240133015,1.0986122886681096,0,-0.7523834216435462,0.33233130137429123
15350,373,1,115.65,4.759177998467439,0.6931471805599453,2,-2.8477678324332563,1.608451784925977
15351,12,7,1960.1100000000001,7.581265918452825,2.0794415416798357,1,1.5418677099559668,-0.07902081634538695
15353,255,2,777.02,6.656752230788848,1.0986122886681096,2,-0.9800353878134538,1.3285203683166609
15355,29,2,277.05,5.627800953633573,1.0986122886681096,0,-0.39020010121356175,-0.9559514373295255
15356,31,10,2766.5,7.925699664582792,2.3978952727983707,3,1.9090376579053423,0.33293614753286715
15358,5,22,8347.2,9.029801225744318,3.1354942159291497,3,3.2475744473182786,0.7672478825768361
15360,40,1,427.93,6.061293735451147,0.6931471805599453,0,-0.6017643934103774,-0.9108814937108325
15361,362,1,418.92,6.040064216944044,0.6931471805599453,2,-2.1687835588672577,1.8971447602218756
15363,373,1,326.0,5.7899601708972535,0.6931471805599453,2,-2.3441551162249588,1.9181462381845902
15364,96,2,913.19,6.818038427312331,1.0986122886681096,1,-0.13258036856170263,-0.01274334359903835
15365,26,7,2314.32,7.74730318590928,2.0794415416798357,1,1.555308792865421,0.09322984471352086
15366,75,2,602.51,6.40276261040859,1.0986122886681096,0,-0.23395261674358397,-0.3210594557057453
15367,57,4,1877.59,7.538276774433291,1.6094379124341003,1,0.8742184619758107,0.09120488264965704
15368,21,1,446.94000000000005,6.104659294874325,0.6931471805599453,0,-0.48872529513437035,-1.063919832741915
15370,41,7,2386.05,7.77781357291459,2.0794415416798357,1,1.497700744112435,0.23350237398474444
15372,137,1,2007.3999999999999,7.605093664160551,0.6931471805599453,1,-0.3164326842996992,0.4007646570850473
15373,8,12,2415.91,7.79024514376692,2.5649493574615367,3,2.106563637893288,0.16591356282820743
15374,129,1,168.0,5.1298987149230735,0.6931471805599453,0,-1.4870725542907735,-0.41282103429936207
15376,40,3,1233.3600000000001,7.118307896116917,1.3862943611198906,1,0.5474913581657029,-0.28334482232289554
15379,169,7,3703.29,8.217246886437776,2.0794415416798357,1,1.093604808175422,1.4842979085090002
15380,9,5,1690.2600000000002,7.433229092253918,1.791759469228055,1,1.2213969355081782,-0.2783644649977896
15381,214,2,596.85,6.393339886365589,1.0986122886681096,2,-0.9105250396520347,0.8910233019231253
15382,15,6,5955.71,8.692273594221074,1.9459101490553132,3,1.9482625829311546,0.22128578916470457
15384,170,2,642.41,6.46678215711498,1.0986122886681096,2,-0.6619335758536077,0.528511720314327
15385,40,1,316.88,5.761673953071979,0.6931471805599453,0,-0.7481506391852927,-1.0009010799738063
15386,186,1,394.14,5.979240132485259,0.6931471805599453,2,-1.3476624812686484,0.34056230999462067
15388,270,1,140.54,4.952582362647639,0.6931471805599453,2,-2.255341947207391,0.7662995162481198
15389,172,1,500.0,6.2166061010848646,0.6931471805599453,2,-1.1640114870435978,0.28951256603989706
15392,5,4,1535.53,7.337281906274171,1.6094379124341003,1,1.0274017082318885,-0.4236833540853493
15393,16,2,231.86,5.45043741460887,1.0986122886681096,0,-0.4140092061706127,-1.122864645282264
15394,10,4,2183.54,7.6891605590501255,1.6094379124341003,1,1.1751487091681758,-0.27426086110044395
15395,326,1,107.45,4.6862892372728835,0.6931471805599453,2,-2.6561668912990952,1.1757544590987568
15396,113,1,288.18,5.66704933159998,0.6931471805599453,0,-1.1472861504685377,-0.39128243252470996
15397,290,1,94.0,4.553876891600541,0.6931471805599453,2,-2.546824969806979,0.8213177620286984
15398,16,2,1345.53,7.2052861919886055,1.0986122886681096,1,0.443363168855784,-0.5956272257787095
15399,1,3,815.77,6.705357537478585,1.3862943611198906,1,0.5342728004553027,-0.7482892236945001
15400,92,5,716.2,6.575354741730978,1.791759469228055,1,0.40101486038567136,0.1893426694637162
15402,149,2,626.77,6.4421738573469876,1.0986122886681096,0,-0.5724360799698659,0.3375701286070728
15405,189,1,349.1,5.85821882796062,0.6931471805599453,2,-1.4212931896993999,0.3304230952793077
15406,31,2,510.71000000000004,6.237758058320892,1.0986122886681096,0,-0.10185991993212867,-0.7552114482616138
15407,34,4,1056.44,6.963606171722143,1.6094379124341003,1,0.7046387815076982,-0.2824815402974811
15408,264,1,267.18,5.591658396851496,0.6931471805599453,2,-1.9141005731680816,0.9058650781276861
15410,84,8,3450.84,8.146662701187065,2.1972245773362196,3,1.5775684778454773,0.7728283913939874
15411,26,4,1358.88,7.215151739543018,1.6094379124341003,1,0.8662117057619342,-0.2768287580304716
15412,171,1,190.53,5.25504445431457,0.6931471805599453,2,-1.6289705905765233,-0.008125239178037815
15414,10,3,774.9000000000001,6.654023645899904,1.3862943611198906,1,0.4656836614774362,-0.6850488076718794
15415,313,1,572.8100000000001,6.3522983310705525,0.6931471805599453,2,-1.7793532231523304,1.562675315163735
15416,65,4,3984.32,8.290372889129587,1.6094379124341003,1,1.202998133402263,0.3870923000952828
15417,85,1,508.8,6.234018491942015,0.6931471805599453,0,-0.7349195113823375,-0.46566960918611355
15419,25,1,135.86,4.918958505524352,0.6931471805599453,0,-1.087364351225509,-1.3851974281335533
15421,59,4,950.36,6.857892539809733,1.6094379124341003,1,0.5321322310557366,-0.09573311329538839
15422,323,2,97.7,4.592084946439436,1.0986122886681096,2,-2.317509738148225,1.3025455045046714
15423,38,1,43.5,3.7954891891721947,0.6931471805599453,0,-1.6991075337949892,-1.609114339969492
15424,254,2,383.34,5.951527577504281,1.0986122886681096,2,-1.319755063456675,1.1078980055179388
15426,19,5,1447.39,7.278207873697534,1.791759469228055,1,1.0973146226992156,-0.23753611203495467
15427,33,3,1483.14,7.302590758900265,1.3862943611198906,1,0.6713672087570394,-0.2891604685839228
15428,15,1,93.78,4.551558416539442,0.6931471805599453,0,-1.2185231754220234,-1.5829852100980253
15429,27,2,397.35,5.987331015826375,1.0986122886681096,0,-0.2048746735034604,-0.8654128166981363
15432,23,1,171.19,5.148598518298094,0.6931471805599453,0,-0.9654997422470362,-1.33368376244851
15433,214,2,533.3,6.2809574789637255,1.0986122886681096,2,-0.9654320907822129,0.8572584492247471
15434,8,5,1041.48,6.94935776883665,1.791759469228055,1,0.9898246014448404,-0.4324820896435106
15435,22,1,149.29,5.012566760946003,0.6931471805599453,0,-1.0271269284835896,-1.383294356301939
15436,12,3,1122.53,7.024230793538577,1.3862943611198906,1,0.636888399103035,-0.5563407511042477
15437,262,1,200.16,5.304100611303764,0.6931471805599453,2,-2.0449250337101277,0.8019886976304612
15438,131,1,156.57999999999998,5.059933265817542,0.6931471805599453,0,-1.5309244241385664,-0.41636110476984367
15440,55,3,383.68,5.952411819844281,1.3862943611198906,0,-0.09464902416486519,-0.5025279136766624
15442,249,1,594.0,6.38856140554563,0.6931471805599453,2,-1.4522403761138982,1.0141856522819488
15443,2,7,3236.91,8.08268333891615,2.0794415416798357,3,1.8351899813057047,-0.015775791605587314
15444,9,2,1418.26,7.257890888001,1.0986122886681096,1,0.5029045742010133,-0.6410050598180704
15445,264,1,113.5,4.740574822994295,0.6931471805599453,2,-2.3299173400996755,0.650160362686423
15447,331,1,155.17,5.050945157499754,0.6931471805599453,2,-2.502177257788452,1.3290158318811487
15448,313,1,494.64,6.2058498567482925,0.6931471805599453,2,-1.8509040472843963,1.5186754465213828
15449,26,3,974.52,6.882970662159506,1.3862943611198906,1,0.5001921573180799,-0.4764163860035116
15450,30,1,429.84,6.0657367914825695,0.6931471805599453,0,-0.5512505604016551,-0.9969504639089543
15452,30,3,538.73,6.291069014516638,1.3862943611198906,1,0.19166754697094032,-0.6192893625968586
15453,2,7,1388.37,7.236605685971544,2.0794415416798357,1,1.4218189740072769,-0.2699764977793755
15454,362,1,179.1,5.19351225218191,0.6931471805599453,2,-2.5823863022871905,1.6428015489263144
15456,283,3,447.22,6.105284183307442,1.3862943611198906,2,-1.1221817498617335,1.536210198678556
15457,262,1,237.07,5.472564748074418,0.6931471805599453,2,-1.9626179432578708,0.8526030855451147
15458,25,1,161.64,5.091539169320091,0.6931471805599453,0,-1.0030460353059336,-1.3333462458500633
15460,354,1,216.76,5.383393538903156,0.6931471805599453,2,-2.4509409034483505,1.629927540246097
15462,94,3,234.6,5.462135451777431,1.3862943611198906,0,-0.5227229891177809,-0.3089544331235146
15463,29,1,126.14,4.845288841508263,0.6931471805599453,0,-1.1426946166558352,-1.3723696416334736
15464,338,1,1048.85,6.956402575803658,0.6931471805599453,2,-1.6050616639435484,1.9626857339819408
15465,20,18,7354.62,8.903219925879805,2.9444389791664403,3,2.938786726213652,0.7748869263077302
15466,85,1,334.53,5.815711371192059,0.6931471805599453,0,-0.9392932296370562,-0.5913483398819175
15467,9,3,524.88,6.265073049828404,1.3862943611198906,1,0.28048706673289625,-0.8106478727765845
15468,51,2,467.51,6.149557446167864,1.0986122886681096,0,-0.2416385382782913,-0.6069032377519551
15469,50,2,538.55,6.290735458809743,1.0986122886681096,0,-0.16782841393636097,-0.5732272455036305
15471,2,1,469.48,6.153753450151701,0.6931471805599453,0,-0.3728873574960258,-1.2152370376590618
15472,113,1,371.56,5.920398098674122,0.6931471805599453,0,-1.023506690416885,-0.31516479098865346
15473,14,7,1771.2,7.479976991613202,2.0794415416798357,1,1.4827120231382211,-0.09197190261579352
15475,77,1,454.10999999999996,6.120539147973894,0.6931471805599453,0,-0.7516880371712406,-0.5696871273044783
15478,40,2,1441.42,7.274077537572236,1.0986122886681096,1,0.36094941016288395,-0.36518985089582423
15480,116,1,905.5,6.809591030194905,0.6931471805599453,0,-0.603573628562536,-0.021789108110549477
15482,16,12,11054.96,9.3107249280559,2.5649493574615367,3,2.8107551056078823,0.692658834447243
15483,161,4,233.81,5.458776676484857,1.6094379124341003,0,-0.6445378730308412,0.37542748640298035
15484,1,4,3594.31,8.187385497313695,1.6094379124341003,1,1.4620769113252416,-0.20323461820035296
15485,30,3,2575.0,7.853993087224244,1.3862943611198906,1,0.9552706229032669,-0.14971496644589627
15488,93,1,91.32000000000001,4.52526080275979,0.6931471805599453,0,-1.6084474676105225,-0.9091360472161264
15489,23,3,1134.28,7.034634595526282,1.3862943611198906,1,0.5887940380835003,-0.4570707138624729
15491,95,6,3100.09,8.039508941575132,1.9459101490553132,1,1.2425945656709751,0.7243961656997643
15492,28,2,659.4599999999999,6.492936561946857,1.0986122886681096,0,0.03731642291627348,-0.7047652302456386
15493,33,5,2001.8,7.60230148045579,1.791759469228055,1,1.1879778234127496,-0.01779804491357725
15494,21,2,1299.23,7.170296450877509,1.0986122886681096,1,0.4020965761621667,-0.5624378215418016
15497,18,2,1262.2,7.141403462941432,1.0986122886681096,1,0.402483154024947,-0.5973397669096433
15498,3,27,13316.4,9.496826729846124,3.332204510175204,3,3.6650110751310114,0.9780478152557277
15500,8,4,1131.56,7.032235836086242,1.6094379124341003,1,0.863861400504497,-0.4891120865207774
15502,16,12,10384.93,9.248207284539456,2.5649493574615367,3,2.7802106500435797,0.6738756541151637
15503,363,1,147.09,4.997820197049412,0.6931471805599453,2,-2.682830535895368,1.5927470268240511
15504,81,1,52.83,3.985830932572866,0.6931471805599453,0,-1.8139868463301005,-1.176090274738255
15505,53,5,3610.96,8.192005840278435,1.791759469228055,1,1.3794055194550174,0.3341840506055709
15506,23,3,979.26,6.88781784259962,1.3862943611198906,1,0.5170632828338375,-0.5011812303643707
15507,172,1,492.36,6.201239130683238,0.6931471805599453,2,-1.1715193795070586,0.28489562016708014
15508,189,6,1000.27,6.909024473214282,1.9459101490553132,1,0.23584506592699217,1.2063429172917206
15510,331,1,250.0,5.5254529391317835,0.6931471805599453,2,-2.2703453934418154,1.4715798302990537
15511,12,5,909.23,6.813697314828437,1.791759469228055,1,0.9042072870502893,-0.4382791924043943
15512,156,2,121.0,4.804021044733257,1.0986122886681096,0,-1.4066340665385346,-0.09342373859145264
15513,33,19,14758.220000000001,9.599623251229634,2.995732273553991,3,3.2630143969822414,1.1206808868305291
15514,12,11,4139.46,8.328562171758088,2.4849066497880004,3,2.2771566946970596,0.3268169215564329
15516,45,3,62.43,4.149936935645806,1.3862943611198906,0,-0.9269471723719335,-1.1314782787514308
15517,233,1,267.03,5.591098914544516,0.6931471805599453,2,-1.7645103914093396,0.6347449902031932
15518,64,8,1942.45,7.572220023179759,2.1972245773362196,1,1.3935972330676043,0.42543160820563675
15520,2,1,343.5,5.842094090453713,0.6931471805599453,0,-0.5251558200939559,-1.3088738676180798
15521,40,8,3000.2,8.006767487671574,2.1972245773362196,3,1.721928928736085,0.34622040094525164
15522,33,2,398.84,5.991064467086642,1.0986122886681096,0,-0.23205645315151288,-0.8118487945832555
15523,84,1,412.01000000000005,6.023471805742962,0.6931471805599453,0,-0.8329527072671041,-0.5376679206059672
15524,25,1,440.0,6.089044875446846,0.6931471805599453,0,-0.5156913142676472,-1.0336495761326727
15525,2,3,825.92,6.717707955157117,1.3862943611198906,1,0.5354725781827863,-0.7358382023414425
15526,33,2,148.44,5.006894974480533,1.0986122886681096,0,-0.7128954554524114,-1.1075386513528815
15527,19,8,2429.78,7.795967472483399,2.1972245773362196,3,1.7204581113852233,0.09933823997843061
15528,254,1,229.33,5.4395130632148145,0.6931471805599453,2,-1.9400916568689144,0.7727497415662463
15529,23,11,3995.23,8.293106695669628,2.4849066497880004,3,2.2066567117983187,0.4123087189037847
15530,22,4,1502.35,7.315451230241661,1.6094379124341003,1,0.9345525952663498,-0.2816557177454072
15531,8,2,2007.44,7.605113580313547,1.0986122886681096,1,0.6773826413582618,-0.545423753213139
15532,25,4,1580.93,7.366400899561026,1.6094379124341003,1,0.9449423244828766,-0.24012692912745856
15533,19,3,807.57,6.695267255355902,1.3862943611198906,1,0.44232542385086965,-0.5939938452457254
15535,173,4,536.4,6.286742696181391,1.6094379124341003,1,-0.29802741636151076,0.7290712662454454
15537,163,1,110.92,4.717784330357226,0.6931471805599453,2,-1.8527871187422578,-0.23946602740195677
15539,7,1,538.46,6.290568639224737,0.6931471805599453,0,-0.3302146370522701,-1.130429517254034
15540,11,1,213.3,5.367376902479531,0.6931471805599453,0,-0.8005987615511031,-1.372837299317187
15541,114,1,85.13000000000001,4.455857782801083,0.6931471805599453,0,-1.7438763904710084,-0.7464397871042469
15543,288,1,127.86,4.858726543710496,0.6931471805599453,2,-2.3882149341377517,0.895427868316804
15544,9,9,3546.71,8.174057603899483,2.302585092994046,3,2.049717582800783,0.1726450840763808
15545,54,2,292.71999999999997,5.68262693258341,1.0986122886681096,0,-0.4842712735149914,-0.7209695150826171
15547,7,14,4954.84,8.50832195812781,2.70805020110221,3,2.5928787969325673,0.4369082371203625
15549,77,3,1693.26,7.435001346315463,1.3862943611198906,1,0.5233499688949204,0.13519879536374124
15550,4,4,575.63,6.357200812987149,1.6094379124341003,1,0.5533944963668429,-0.7268852542372606
15551,37,1,436.06,6.080070485442007,0.6931471805599453,0,-0.5780876512040176,-0.9314612536362702
15552,217,1,90.12,4.512177319138926,0.6931471805599453,2,-2.2142938289019853,0.17074104619676295
15553,60,1,437.23,6.082743886707506,0.6931471805599453,0,-0.6879705691281003,-0.7296291422063683
15554,278,1,217.2,5.38541207339897,0.6931471805599453,2,-2.0825473375964374,0.9662645971825249
15555,12,16,4805.17,8.477655788121927,2.833213344056216,3,2.6679955395203465,0.5273669807537926
15556,24,1,279.77,5.637535828837275,0.6931471805599453,0,-0.7314523018004273,-1.1780440818787545
15557,29,1,473.65000000000003,6.162577690327808,0.6931471805599453,0,-0.4991023690123755,-0.9765953832785984
15561,12,4,800.59,6.686597255202886,1.6094379124341003,1,0.6756543657516211,-0.557996292394412
15562,352,1,134.55,4.909340575944674,0.6931471805599453,2,-2.6728819406713646,1.4700194165266904
15563,22,4,1400.44,7.245255558414779,1.6094379124341003,1,0.9002568595616178,-0.30274573151262485
15565,50,2,173.16,5.159974416926292,1.0986122886681096,0,-0.7202881429818048,-0.9129599572236516
15567,19,1,186.01,5.231162091360629,0.6931471805599453,0,-0.9058241497317139,-1.3438394089241088
15568,3,3,758.29,6.6323837861074395,1.3862943611198906,1,0.4889511542418684,-0.752733126759593
15569,104,5,1375.71,7.227451873789157,1.791759469228055,1,0.6616004625425276,0.490147333090219
15570,7,12,4165.52,8.334836434002748,2.5649493574615367,3,2.3774707453976953,0.32079348912131705
15571,12,4,650.4300000000001,6.47916994643317,1.6094379124341003,1,0.5743109071826313,-0.620317012230801
15572,5,7,2552.86,7.845361219115093,2.0794415416798357,1,1.7047377920178186,-0.0608571292678448
15573,32,2,607.45,6.410914739782809,1.0986122886681096,0,-0.022094484538720243,-0.6944468168413941
15574,178,4,702.25,6.555712447369967,1.6094379124341003,1,-0.19078749659431424,0.8535841055380973
15576,38,1,940.6700000000001,6.8476548947291755,0.6931471805599453,0,-0.2079006596306736,-0.6921031471885849
15577,151,3,258.88,5.5602199860123305,1.3862943611198906,0,-0.7503570207591908,0.21871673263096625
15578,162,1,127.1,4.852811208902689,0.6931471805599453,2,-1.7819822746941796,-0.20763811922208225
15579,69,2,348.6,5.85678964378138,1.0986122886681096,0,-0.47169462261822975,-0.5375372094880362
15581,121,13,3679.9700000000003,8.210931583386559,2.639057329615259,3,1.8334818946237263,1.3131104043725927
15582,25,3,682.9100000000001,6.527826330017913,1.3862943611198906,1,0.331512402753713,-0.5918584919518419
15584,24,4,725.11,6.58770151849905,1.6094379124341003,1,0.5693248537299265,-0.48282448516871773
15585,177,1,455.3,6.123150487933357,0.6931471805599453,2,-1.2338429476708066,0.3051361287633052
15587,50,4,913.6800000000001,6.818574277330894,1.6094379124341003,1,0.5564311419367942,-0.18620961278788584
15589,256,3,478.53000000000003,6.172806457538428,1.3862943611198906,2,-0.9586658647738531,1.3205065545488617
15592,47,1,388.58,5.965069235748451,0.6931471805599453,0,-0.6826172730947127,-0.8786090582866538
15593,71,1,199.8,5.302309387817574,0.6931471805599453,0,-1.1224474612382767,-0.8679633648723258
15594,16,5,1771.78,7.48030421490088,1.791759469228055,1,1.2105564347467508,-0.2030382211330456
15596,101,5,1406.59,7.249634301131203,1.791759469228055,1,0.6869411279978868,0.47059079554237127
15597,35,1,324.57,5.785577492291319,0.6931471805599453,0,-0.7123004694726629,-1.0374212900059765
15598,53,1,240.68,5.487614537078416,0.6931471805599453,0,-0.944894767118971,-0.9696161249944557
15599,27,2,761.74,6.636917213055248,1.0986122886681096,0,0.11249584176913102,-0.6702471962829896
15601,11,14,6776.56,8.821372434155471,2.70805020110221,3,2.7264896922528132,0.5659245700837813
15602,8,9,1297.8700000000001,7.16924993468027,2.302585092994046,1,1.563629624488224,-0.13798581865153195
15603,79,1,48.480000000000004,3.9015685475242874,0.6931471805599453,0,-1.8454865886373604,-1.2188873510026905
15604,52,1,216.39,5.381692975469088,0.6931471805599453,0,-0.9918109136527019,-1.0101802288546753
15605,36,5,1198.23,7.089434963153261,1.791759469228055,1,0.9229019801916718,-0.14566561405628142
15606,61,9,2920.16,7.9797360766493295,2.302585092994046,3,1.703393274370104,0.5687620632023733
15607,337,1,104.76,4.6611723761033765,0.6931471805599453,2,-2.7216157023009724,1.2643524526730268
15608,28,4,1093.68,6.998217362097996,1.6094379124341003,1,0.7505547318107203,-0.3245250655076635
15609,184,1,298.48,5.702047637362485,0.6931471805599453,2,-1.4734227369720567,0.2398001402752723
15610,52,1,112.46000000000001,4.731450351898421,0.6931471805599453,0,-1.3095021413530241,-1.2055430699847935
15611,10,13,1591.45,7.373028989779162,2.639057329615259,3,1.9607131268246942,0.09118291759845909
15612,36,2,195.15,5.278879672655561,1.0986122886681096,0,-0.5945138980528458,-0.9996007568701171
15615,10,23,10399.74,9.249632236444302,3.1780538303479458,3,3.369662396465035,0.8960289497134726
15618,33,4,776.851,6.656534989127213,1.6094379124341003,1,0.5594462874600836,-0.38348025736746205
15619,11,1,336.40000000000003,5.821269170111868,0.6931471805599453,0,-0.578839088283346,-1.2364671510720397
15620,57,3,1553.18,7.348703354335633,1.3862943611198906,1,0.5778732167540769,-0.06553683506716779
15621,4,4,1293.03,7.165516658717914,1.6094379124341003,1,0.9483160903861608,-0.48402993465623845
15622,43,9,3709.56,8.2189380876069,2.302585092994046,3,1.907278539657388,0.4833024033898627
15623,141,1,301.03,5.7105263501895465,0.6931471805599453,0,-1.2614050447901637,-0.13348910014527615
15624,117,4,588.13,6.3786468723710446,1.6094379124341003,1,0.017595731730176443,0.2672218488717234
15625,104,4,1534.26,7.336455026785429,1.6094379124341003,1,0.5484012826979762,0.44136651556728707
15626,75,2,675.8,6.517375808292013,1.0986122886681096,0,-0.17795566079766628,-0.2866243707730509
15628,5,9,2870.2400000000002,7.962499271193586,2.302585092994046,3,1.9656930456260118,0.0741216667616546
15630,45,2,1186.35,7.079479212140812,1.0986122886681096,1,0.241702314090708,-0.3799542186376713
15632,16,8,3285.31,8.097520633770152,2.1972245773362196,3,1.8822918768515637,0.16371754165984978
15634,17,1,243.55,5.499419786985366,0.6931471805599453,0,-0.7650919694327015,-1.280723212174271
15636,90,2,724.76,6.587219381659278,1.0986122886681096,0,-0.21634656227095395,-0.13453434021872868
15637,53,1,223.36,5.413251904640136,0.6931471805599453,0,-0.9812263687980751,-0.9919580857033391
15639,134,1,425.32,6.055190237988527,0.6931471805599453,0,-1.0591712968692697,-0.09111889765594153
15640,4,15,12515.66,9.43481583590086,2.772588722239781,3,3.1189640771674196,0.7179087980496778
15641,105,4,1887.2,7.543379273298417,1.6094379124341003,1,0.644664651030041,0.5122764792178018
15643,192,3,664.0,6.499787040655854,1.3862943611198906,2,-0.48951618581043815,0.8593618247672145
15644,166,4,813.0,6.70196036600254,1.6094379124341003,1,-0.061322969632162376,0.792639075302981
15645,19,1,612.01,6.418381249016855,0.6931471805599453,0,-0.3257804889916559,-0.9871440781717415
15646,158,3,447.64000000000004,6.106220784406171,1.3862943611198906,0,-0.517435724441173,0.44394323525055845
15648,204,2,657.35,6.489736704802353,1.0986122886681096,2,-0.8150850473740224,0.8325814783083265
15649,336,2,816.0,6.705639094860003,1.0986122886681096,2,-1.3477294687924775,2.05117957280935
15651,37,3,646.3,6.472809865551464,1.3862943611198906,1,0.24662113449269887,-0.5035033298055726
15652,91,1,337.74,5.825232851462975,0.6931471805599453,0,-0.9636471324654363,-0.5360453271947875
15653,93,2,877.4399999999999,6.7781476070590925,1.0986122886681096,0,-0.13756703865934555,-0.0509495444707026
15654,9,2,922.53,6.828203284222655,1.0986122886681096,1,0.29297065503965825,-0.7701030119202628
15655,243,1,560.67,6.330914488818843,0.6931471805599453,2,-1.4513992797935305,0.9444235413200588
15656,45,4,748.5,6.619406317542652,1.6094379124341003,1,0.4832945183882957,-0.2897507781397273
15657,23,1,30.0,3.4339872044851463,0.6931471805599453,0,-1.8032131642354357,-1.8488319941361215
15658,190,5,1024.1000000000001,6.932545447789356,1.791759469228055,1,0.10176659933863685,1.15321712897519
15659,44,1,306.45,5.7283124723994785,0.6931471805599453,0,-0.7837873997781857,-0.9759628581787367
15660,25,9,1600.86,7.378920733047961,2.302585092994046,1,1.5838859662416833,0.07359552598929264
15661,317,2,309.8,5.739149618493492,1.0986122886681096,2,-1.7280786451233454,1.5947342564902123
15663,106,1,138.14,4.935480620495495,0.6931471805599453,0,-1.47087098663127,-0.6722620853310146
15664,51,1,386.43,5.959535187313809,0.6931471805599453,0,-0.7046582914355108,-0.8453101938233278
15665,168,2,2242.01,7.7155739928250275,1.0986122886681096,1,-0.04213852967353682,0.8862255464539973
15667,40,1,301.32,5.711486059041233,0.6931471805599453,0,-0.7726711075341174,-1.0159798355225313
15668,218,1,76.32000000000001,4.34795265434013,0.6931471805599453,2,-2.2993639336769234,0.13014077786947473
15669,40,4,684.34,6.529915065486092,1.6094379124341003,1,0.46374301317312444,-0.36034000762707796
15670,297,1,173.05,5.159342614257448,0.6931471805599453,2,-2.2848506952475445,1.0644102674763223
15671,19,7,2657.13,7.885378147031288,2.0794415416798357,1,1.6566086933788686,0.07353121597181764
15673,88,4,2881.02,7.966246716160649,1.6094379124341003,1,0.9334496472932335,0.490738763602007
15674,73,5,2446.6,7.802863231588385,1.791759469228055,1,1.0925946567114795,0.39207542080415536
15675,81,3,323.69,5.782870880975165,1.3862943611198906,0,-0.3031742042737917,-0.3262157633485851
15676,19,3,3435.76,8.142284446073054,1.3862943611198906,1,1.1492994842377982,-0.15924321633389657
15677,49,1,657.23,6.489554414321968,0.6931471805599453,0,-0.43603639850390585,-0.7035487735585811
15678,53,1,352.7,5.868449096211435,0.6931471805599453,0,-0.7588291444483108,-0.8551958781884157
15679,24,4,781.28,6.6622127327244485,1.6094379124341003,1,0.6057290485129773,-0.4604378836457452
15680,9,3,1333.68,7.1964468417270915,1.3862943611198906,1,0.7355314957975223,-0.5308202768243412
15681,25,5,1426.16,7.263441734527154,1.791759469228055,1,1.0610944358738665,-0.1895302191710119
15683,117,1,193.75,5.271716684750857,0.6931471805599453,0,-1.3597723823300132,-0.47509702524543895
15687,9,9,2993.1,8.004398964555403,2.302585092994046,3,1.9668268902048223,0.121671812557327
15689,120,2,254.1,5.541655625147766,1.0986122886681096,0,-0.8722103892740909,-0.18645825555914664
15690,4,2,239.76,5.48380058667957,1.0986122886681096,0,-0.3396971598732165,-1.2177254540424465
15691,252,1,136.8,4.925803358579558,0.6931471805599453,2,-2.1814079218810676,0.6009269056408102
15692,28,1,191.04,5.25770368366274,0.6931471805599453,0,-0.9363654013748661,-1.2572016097804153
15694,1,14,6479.4,8.776537515836264,2.70805020110221,3,2.7529276194341543,0.46505022612930536
15695,267,2,409.98,6.018544551511725,1.0986122886681096,2,-1.3498583512621032,1.241658021616932
15696,33,8,2736.46,7.914785762145856,2.1972245773362196,3,1.7108292593467738,0.25740214470561845
15699,18,1,309.65,5.738666876509702,0.6931471805599453,0,-0.6530365208727182,-1.200101977353275
15700,172,2,696.68,6.54776054491873,1.0986122886681096,2,-0.6320383071361366,0.5703221325109873
15701,2,4,1542.14,7.34157458058683,1.6094379124341003,1,1.0440019168221586,-0.4486147976332764
15703,265,1,211.5,5.358941988364472,0.6931471805599453,2,-2.0326339197406167,0.8446867345468707
15704,140,4,2293.62,7.738322531443156,1.6094379124341003,1,0.5707079753772579,0.8767599563332337
15705,201,1,143.1,4.970507503005476,0.6931471805599453,2,-1.9130169892942395,0.16859835865762188
15706,64,4,1060.56,6.967494803332995,1.6094379124341003,1,0.5615094408487892,-0.01910160943887939
15707,35,4,945.58,6.852855489000475,1.6094379124341003,1,0.6456946401813276,-0.3070157608351578
15708,41,7,3364.2400000000002,8.121254561972354,2.0794415416798357,3,1.6654968643624886,0.3366878695993222
15709,284,1,133.25,4.899703733388974,0.6931471805599453,2,-2.3488573409568136,0.8727777563667302
15712,9,5,1072.3600000000001,6.978549194282216,1.791759469228055,1,0.9992524470338865,-0.4149712536834138
15713,143,2,356.7,5.879694646264972,1.0986122886681096,0,-0.8182425972676065,0.11613313853945313
15714,12,2,330.88,5.804773457796085,1.0986122886681096,0,-0.22155282297912282,-1.0513673210360235
15716,146,4,1118.81,7.0209143070410205,1.6094379124341003,1,0.19119557946015628,0.7136597957141287
15717,234,1,150.3,5.01926462079431,0.6931471805599453,2,-2.0487277048568773,0.4716800105552902
15719,33,13,5045.61,8.526472009726604,2.639057329615259,3,2.413065595673233,0.6387592390239922
15720,24,1,598.73,6.3964795539357615,0.6931471805599453,0,-0.3606526109742678,-0.9500224219344612
15721,12,1,507.08,6.230638915494719,0.6931471805599453,0,-0.3836662410167897,-1.1047332327935762
15722,36,5,2222.56,7.706864794070598,1.791759469228055,1,1.2245617513180318,0.0398387524586745
15723,365,1,203.1,5.318610069815799,0.6931471805599453,2,-2.5357697626219844,1.7066078573409766
15724,201,2,218.25,5.390212631252292,1.0986122886681096,2,-1.33778030338901,0.47601263030158136
15725,15,1,415.25,6.031286041294654,0.6931471805599453,0,-0.49556766815439485,-1.138406859814775
15727,17,7,5178.96,8.552552613215992,2.0794415416798357,3,1.9922409832608552,0.25650038889705834
15729,213,1,85.0,4.454347296253507,0.6931471805599453,2,-2.2232108082070816,0.11840469549379015
15730,66,3,1120.88,7.022761128491225,1.3862943611198906,1,0.3751177594094506,-0.08480141400406496
15732,212,2,294.12,5.68738205328842,1.0986122886681096,2,-1.2457686199982971,0.6614402712443561
15733,283,1,162.3,5.095588999976419,0.6931471805599453,2,-2.2483187093776285,0.9228903280914097
15734,115,2,1339.45,7.200760657465263,1.0986122886681096,1,-0.03744432102025004,0.26831139750260813
15737,15,8,1205.1200000000001,7.095163874824649,2.1972245773362196,1,1.397401368022649,-0.1461769947071536
15738,19,16,4812.42,8.479163129156776,2.833213344056216,3,2.634891834288505,0.5890025636913057
15739,66,1,449.12,6.109514213881797,0.6931471805599453,0,-0.7038971447550484,-0.6691437812462858
15740,49,1,154.88,5.049086480470509,0.6931471805599453,0,-1.1398106664152794,-1.1363317039803498
15743,16,4,784.46,6.666269533420063,1.6094379124341003,1,0.6463855526188215,-0.5291421289569602
15744,78,1,34.8,3.5779478934066544,0.6931471805599453,0,-1.9987647137021602,-1.32485829176069
15745,19,4,1094.59,6.999048309928502,1.6094379124341003,1,0.7944694775386728,-0.4029388925286268
15746,134,1,196.88,5.287660786359508,0.6931471805599453,0,-1.4341657450111003,-0.3217201053988095
15747,13,3,974.04,6.882478495797344,1.3862943611198906,1,0.5627976943567289,-0.590189285054026
15748,40,1,149.31,5.012699828145135,0.6931471805599453,0,-1.1140794488920045,-1.2259274127219706
15749,235,3,44534.3,10.70403741211812,1.3862943611198906,3,1.3566933532640382,2.4983489646869668
15750,3,8,2465.48,7.810547311984927,2.1972245773362196,3,1.8049303513196544,-0.03612749481277582
15752,40,7,2637.38,7.877920371424875,2.0794415416798357,1,1.5514445670960222,0.2548386813361446
15753,305,1,79.2,4.384523514872469,0.6931471805599453,2,-2.7020811304671732,0.9015420088488272
15754,51,3,458.57,6.130291269692714,1.3862943611198906,0,0.011595367161527028,-0.48404627951469364
15755,10,6,2364.25,7.768639003584553,1.9459101490553132,1,1.521170858564672,-0.09991852864134204
15756,61,4,532.96,6.280320929787532,1.6094379124341003,1,0.24027751026543165,-0.2517814601801049
15757,66,2,714.42,6.572869782822179,1.0986122886681096,0,-0.10733401608688597,-0.34861490621990127
15758,25,1,205.25,5.32908902521479,0.6931471805599453,0,-0.8869855024777284,-1.2619753250962118
15759,218,3,253.04,5.537491734934774,1.3862943611198906,2,-1.085360035813698,0.7974940406947346
15762,65,2,583.75,6.371184405464288,1.0986122886681096,0,-0.20103781247870406,-0.4179508722188496
15763,32,2,1086.92,6.992022895300703,1.0986122886681096,1,0.26181948335742816,-0.5198551549745516
15764,88,6,3279.97,8.095894389365505,1.9459101490553132,1,1.303983145640625,0.680154243675672
15766,64,1,315.06,5.755932068980957,0.6931471805599453,0,-0.8669793488234021,-0.7928569210691121
15768,116,3,621.8299999999999,6.434273608356567,1.3862943611198906,1,-0.1541169403282687,0.17540916764622141
15769,7,26,56252.72,10.937627451213288,3.295836866004329,3,4.31640791586718,1.4296294281900686
15773,6,1,635.6800000000001,6.4562671745616536,0.6931471805599453,0,-0.24442443838659975,-1.0893864303151262
15774,69,1,270.8,5.605066501717044,0.6931471805599453,0,-0.9648597840072708,-0.7944819534669533
15775,245,1,104.9,4.662495252607361,0.6931471805599453,2,-2.2762130977513446,0.4606343116212786
15776,133,1,241.62,5.491496433342773,0.6931471805599453,0,-1.3297427693162325,-0.2692188731251438
15777,241,4,1047.11,6.954743821204941,1.6094379124341003,2,-0.30039276214602106,1.5241158880372079
15780,184,3,475.28000000000003,6.166005916582974,1.3862943611198906,2,-0.6139182939716009,0.6891555024899493
15781,25,3,345.46,5.847767371850795,1.3862943611198906,0,-0.0007462919198670676,-0.7961795336484844
15782,10,3,2614.7400000000002,7.869302319258532,1.3862943611198906,1,1.0594364542691914,-0.31992310568630317
15783,11,1,246.3,5.510602174527371,0.6931471805599453,0,-0.7306227082054617,-1.329805829132644
15785,33,5,2328.9700000000003,7.753610670940375,1.791759469228055,1,1.261903464004297,0.027662206799611806
15786,46,3,4932.2,8.503743143691834,1.3862943611198906,1,1.195372276770985,0.1853460751117513
15787,26,3,948.05,6.855461484261003,1.3862943611198906,1,0.48675190565999654,-0.4846814104060858
15789,358,1,351.3,5.864483085347192,0.6931471805599453,2,-2.235230593775582,1.8094305516083207
15790,10,1,220.85,5.402001477824919,0.6931471805599453,0,-0.7788478087911981,-1.3711748686039593
15791,44,2,1612.69,7.386278760989393,1.0986122886681096,1,0.39643070995748636,-0.2965178866441626
15793,15,3,965.61,6.873795104898541,1.3862943611198906,1,0.5488866059987579,-0.5753174019435124
15795,150,1,610.01,6.415113325649775,0.6931471805599453,0,-0.9606713808807711,0.15686476999592797
15796,1,8,2711.56,7.9056481174197435,2.1972245773362196,3,1.861062686829766,-0.025035605302284172
15797,113,4,2207.4,7.70002355040989,1.6094379124341003,1,0.682522413523563,0.629262731882927
15799,76,3,884.14,6.785745824587275,1.3862943611198906,1,0.2109753202814971,-0.06860786178899268
15800,107,2,699.08,6.551194614227576,1.0986122886681096,0,-0.3161305302571274,0.003228737135862409
15801,46,3,1063.95,6.97068312868461,1.3862943611198906,1,0.4463599840494681,-0.27525578225363817
15802,143,1,451.42,6.11461095192969,0.6931471805599453,0,-1.073648685362603,0.005397304386035347
15803,51,1,415.82000000000005,6.032654473932845,0.6931471805599453,0,-0.6689341554091545,-0.8233417914801218
15804,1,13,4206.39,8.344597781932357,2.639057329615259,3,2.4789045292328193,0.30442346139989207
15805,23,17,5528.4800000000005,8.617849057545314,2.8903717578961645,3,2.7354971192366,0.6911918005467497
15806,46,3,784.58,6.666422298467717,1.3862943611198906,1,0.2977062459079556,-0.36666975310250666
15807,50,3,903.9,6.807824440357088,1.3862943611198906,1,0.3474543367481411,-0.2892244876405768
15808,306,4,3734.9700000000003,8.225762769337907,1.6094379124341003,2,0.0063632622713912625,2.474113684552726
15809,36,5,515.77,6.247597901247849,1.791759469228055,1,0.5116028127336076,-0.39859225131570286
15810,79,4,1391.98,7.239200616174941,1.6094379124341003,1,0.6217430533036914,0.19363713775002098
15811,22,6,2218.62,7.705091289043697,1.9459101490553132,1,1.4321114487335558,-0.014126547056469402
15812,107,5,1801.14,7.496730126604398,1.791759469228055,1,0.7786597228211614,0.5972720866995846
15813,208,2,1303.9099999999999,7.173889351861321,1.0986122886681096,2,-0.5001635150029611,1.0730940003159453
15814,17,4,1945.33,7.573700826991937,1.6094379124341003,1,1.084898007254715,-0.24776757565282573
15815,64,5,2100.6,7.65045423837133,1.791759469228055,1,1.0616404485452802,0.2676212556502216
15819,49,4,1905.45,7.552998152884997,1.6094379124341003,1,0.9200853947392439,0.02570476781891154
15820,320,1,206.98,5.337441921232086,0.6931471805599453,2,-2.3090251878316503,1.318948402942246
15821,44,2,570.96,6.349069058864647,1.0986122886681096,0,-0.11032232607274202,-0.6081434659427066
15822,3,2,885.47,6.787247283994098,1.0986122886681096,1,0.30196648862509257,-0.8348504026070437
15823,372,1,15.0,2.772588722239781,0.6931471805599453,2,-3.8135281357412234,1.0028484562730846
15825,172,1,532.94,6.2802834730968256,0.6931471805599453,2,-1.1329004190239056,0.3086441822413136
15826,56,3,1654.31,7.411743581448863,1.3862943611198906,1,0.6135073001621368,-0.05533703343930271
15827,73,14,1836.0900000000001,7.515938076938256,2.70805020110221,3,1.7889621736547292,0.7156159344764051
15829,99,2,636.14,6.456989411643809,1.0986122886681096,0,-0.3234822239016835,-0.0949979409411134
15830,38,1,576.0,6.3578422665081,0.6931471805599453,0,-0.44721006440051314,-0.839265426623932
15831,58,3,801.76,6.688055790070482,1.3862943611198906,1,0.25026410473289895,-0.2552854128504546
15832,254,1,836.79,6.7307674724187825,0.6931471805599453,2,-1.3092191430358049,1.160702054840684
15834,70,4,2233.75,7.711884643967962,1.6094379124341003,1,0.8961926468463056,0.2569897144619804
15835,44,4,954.09,6.861805576878038,1.6094379124341003,1,0.6065586479980346,-0.22566326007018428
15836,50,1,137.37,4.929931256681293,0.6931471805599453,0,-1.2028610426656925,-1.1633910358562136
15837,65,1,391.98,5.97375871998905,0.6931471805599453,0,-0.7653893560232029,-0.7186713728289292
15838,11,19,33643.08,10.423592390918046,2.995732273553991,3,3.7719385366927933,1.1759506654392657
15839,33,3,1048.49,6.9560596108684605,1.3862943611198906,1,0.5020613191337305,-0.39327439031950323
15840,59,2,355.56,5.876502528638301,1.0986122886681096,0,-0.41372035793293194,-0.619018419618172
15841,73,4,1224.06,7.110745101371203,1.6094379124341003,1,0.5879889544778578,0.10260086173756781
15843,304,1,118.95000000000002,4.787074989285704,0.6931471805599453,2,-2.5005708939694897,1.013746630622031
15844,46,1,130.73999999999998,4.880830283212546,0.6931471805599453,0,-1.2075132409101268,-1.2131047779626571
15845,18,8,3711.77,8.219533507739182,2.1972245773362196,3,1.9322355026212286,0.217856603980278
15847,38,2,389.27,5.966838807281578,1.0986122886681096,0,-0.2680640024031589,-0.7754253644152967
15850,19,2,238.85,5.480013727948073,1.0986122886681096,0,-0.41406192944070896,-1.0877573974821728
15852,187,2,160.71,5.085804607589853,1.0986122886681096,2,-1.4188256524960707,0.2621890192670461
15853,52,1,110.8,4.716711560720999,0.6931471805599453,0,-1.3167031221780918,-1.209971281878122
15854,4,12,2974.65,7.998217781509793,2.5649493574615367,3,2.227510759340789,0.19343657704218903
15855,137,5,712.24,6.569817969665846,1.791759469228055,1,0.1807659072730547,0.5809965782106244
15856,4,27,16387.57,9.704339419609372,3.332204510175204,3,3.7615619411629053,1.0491345743685019
15857,19,1,297.0,5.697093486505405,0.6931471805599453,0,-0.6781824794043593,-1.2038521521254768
15858,16,5,1438.85,7.272294220477655,1.791759469228055,1,1.1089282914863612,-0.2655340065843738
15860,41,8,977.21,6.885724370911315,2.1972245773362196,1,1.1693828116678309,0.018147788534388722
15861,12,8,3165.36,8.06033794212576,2.1972245773362196,3,1.883462633682061,0.11758460049476777
15862,8,4,832.88,6.726089507114236,1.6094379124341003,1,0.7142864578884915,-0.5810925480615717
15863,26,2,68.84,4.246206911531347,1.0986122886681096,0,-1.0507072313789214,-1.3972670989967335
15864,22,6,1936.3200000000002,7.569060853685924,1.9459101490553132,1,1.3656506009716685,-0.0549963568295183
15865,41,3,895.13,6.798085491736212,1.3862943611198906,1,0.38620491258230066,-0.3708139985160583
15866,101,1,230.53,5.444709454763107,0.6931471805599453,0,-1.197903803624063,-0.5629682175466773
15867,5,15,3812.64,8.246339392612617,2.772588722239781,3,2.533471832736809,0.3695761076620438
15869,277,2,149.64,5.014892884348897,1.0986122886681096,2,-1.8885588993402223,1.0275186909805638
15870,33,1,354.09000000000003,5.872371278471126,0.6931471805599453,0,-0.6602267223263255,-1.0288252117883054
15872,15,2,360.93,5.8914508229616045,1.0986122886681096,0,-0.19370749312242214,-0.9991042865927103
15874,64,7,4405.88,8.390922235063499,2.0794415416798357,3,1.6860602366853645,0.6187373608479996
15877,2,2,493.28,6.20310215823599,1.0986122886681096,0,0.02140304537098806,-1.019094897141197
15880,369,1,343.28000000000003,5.8414552797812735,0.6931471805599453,2,-2.299658747848214,1.8986561937297668
15881,312,5,501.39000000000004,6.219376710497294,1.791759469228055,2,-0.8364541564081278,2.0052755851155943
15882,199,4,516.36,6.248738957138337,1.6094379124341003,2,-0.4422870239191742,0.9449032513871917
15883,2,2,396.48,5.9851446183631625,1.0986122886681096,0,-0.08508520365905317,-1.0845793835340811
15885,93,3,379.35,5.9410918814433105,1.3862943611198906,0,-0.2838833264079095,-0.173794242777138
15886,60,1,181.09,5.204501070343752,0.6931471805599453,0,-1.1170566186052426,-0.9934937453367617
15888,81,1,168.31,5.131731354140141,0.6931471805599453,0,-1.254130419584398,-0.8318089958822655
15889,157,2,446.87,6.104503011733608,1.0986122886681096,0,-0.7760875211439612,0.3060413450556968
15891,227,1,524.52,6.2643882485842175,0.6931471805599453,2,-1.4065533102869692,0.7845898035776295
15894,253,2,263.55,5.5780302693501405,1.0986122886681096,2,-1.4974015932984968,0.9869418200444686
15895,150,1,179.17,5.1939008496276085,0.6931471805599453,0,-1.5573232716165515,-0.21004371968309207
15897,194,2,222.05,5.407395961574274,1.0986122886681096,2,-1.2955448339284747,0.4199925861284275
15898,1,5,1388.88,7.236972691462756,1.791759469228055,1,1.164185744390564,-0.40725202456704546
15899,369,1,56.25,4.047427642434349,0.6931471805599453,2,-3.1761728703880636,1.3596476397019972
15900,24,1,351.11,5.863943626780142,0.6931471805599453,0,-0.6208354817365253,-1.1100207486539289
15901,17,3,363.88,5.899568532403445,1.3862943611198906,0,0.06323683481716721,-0.8505391736516228
15903,10,7,5126.76,8.54242419563319,2.0794415416798357,3,2.0211326601000055,0.19227463738714434
15904,8,1,164.68,5.110058217087329,0.6931471805599453,0,-0.911814895710864,-1.4763688478892976
15906,20,7,1567.69,7.357996155136706,2.0794415416798357,1,1.394109590701751,-0.07617824425842491
15907,4,3,967.45,6.875696855288249,1.3862943611198906,1,0.6029931321711143,-0.670890284328035
15909,174,1,191.94,5.262379259742407,0.6931471805599453,2,-1.6398899222449848,0.02029963496785948
15910,1,8,1232.18,7.117351477910972,2.1972245773362196,1,1.4759219437908513,-0.26187623303917285
15912,178,2,264.62,5.582066715972105,1.0986122886681096,2,-1.1328564367421698,0.3326255376422151
15916,16,8,1528.09,7.33242806619807,2.1972245773362196,1,1.5084880253574287,-0.06615151384382213
15917,248,1,123.1,4.821087692210561,0.6931471805599453,2,-2.213231977867825,0.534503947589849
15918,191,2,334.23,5.814816863409831,1.0986122886681096,2,-1.0819869100485882,0.5161794344515397
15919,20,2,639.89,6.462857835330253,1.0986122886681096,0,0.061295217522752486,-0.7837253606026069
15920,154,4,167.5,5.126935749792416,1.6094379124341003,0,-0.7728263598425361,0.21454447569706467
15921,173,1,336.03000000000003,5.820171947161762,0.6931471805599453,2,-1.3625329636748877,0.1791458691700054
15922,373,1,369.5,5.914853444736142,0.6931471805599453,2,-2.2831355889606453,1.9556699315426518
15923,373,1,127.08,4.852655068688459,0.6931471805599453,2,-2.8020974255361026,1.6365366033566981
15925,194,1,207.15,5.3382589736409845,0.6931471805599453,2,-1.6995032633004035,0.21790513468777237
15930,67,1,426.63,6.058258335716989,0.6931471805599453,0,-0.7337737091242688,-0.6758030215390753
15932,4,8,2495.87,7.822793226449505,2.1972245773362196,3,1.8060790715600767,-0.02370787103970612
15933,21,3,1107.46,7.010726943606016,1.3862943611198906,1,0.5867820109305746,-0.4817344477218091
15935,239,2,416.86,6.035146448194105,1.0986122886681096,2,-1.2063864990447937,1.0019151632514762
15937,64,1,145.35,4.986001013137895,0.6931471805599453,0,-1.2431471568213122,-1.0241796813610102
15938,112,5,404.58,6.0053181413965175,1.791759469228055,1,0.025824011147939762,0.1928851506938137
15939,90,15,6115.01,8.718665202103209,2.772588722239781,3,2.353321513201843,1.2544174269765582
15940,311,1,35.8,3.6054978451748854,0.6931471805599453,2,-3.111698169073145,0.7199291289158213
15942,134,1,337.44,5.8243468240563,0.6931471805599453,0,-1.171955240770008,-0.16047489427506298
15944,277,1,325.1,5.787204082795274,0.6931471805599453,2,-1.8814081554788862,1.0782410406757021
15945,365,1,181.0,5.204006687076795,0.6931471805599453,2,-2.59176192314975,1.6721757213298545
15947,83,1,1708.24,7.443804106257556,0.6931471805599453,1,-0.1341818661070609,-0.11967504898987795
15948,8,2,955.24,6.863008927569726,1.0986122886681096,1,0.31481007280272777,-0.7683861800374343
15949,17,2,364.72,5.901868013296226,1.0986122886681096,0,-0.1982865462032915,-0.9784937089061515
15950,32,4,1765.51,7.476761127694584,1.6094379124341003,1,0.9650212407642418,-0.14578692399743665
15951,9,2,708.22,6.56416577459204,1.0986122886681096,0,0.16396896005254138,-0.8494320441561078
15952,34,4,806.57,6.694029738646186,1.6094379124341003,1,0.5729309160455885,-0.3634747203173367
15953,15,8,1659.3799999999999,7.414801770816047,2.1972245773362196,1,1.553567930957937,-0.05014304487035632
15955,24,14,4416.26,8.393274873346142,2.70805020110221,3,2.4544866293227234,0.5509293697445377
15957,32,1,428.89,6.063529362008149,0.6931471805599453,0,-0.5619976664845875,-0.9801329036357086
15958,74,1,104.35,4.657288140250198,0.6931471805599453,0,-1.4520905859360682,-1.0355363034224525
15963,20,2,470.76,6.156470381692249,1.0986122886681096,0,-0.08839753218308809,-0.8757782671018033
15965,17,4,845.64,6.741275574785469,1.6094379124341003,1,0.6781971993469988,-0.4978664716718086
15967,23,2,418.83,6.039849867434441,1.0986122886681096,0,-0.15987813169750323,-0.8845952816743069
15969,3,3,666.1,6.502939959715469,1.3862943611198906,1,0.4257083481968365,-0.7916240157508786
15970,304,1,314.1,5.752890048763229,0.6931471805599453,2,-2.0286993788541334,1.30392197008173
15971,18,12,4199.85,8.343042164747578,2.5649493574615367,3,2.3283024653110176,0.41940312449546846
15973,367,1,307.82000000000005,5.732758582892719,0.6931471805599453,2,-2.343096444151519,1.8485179244873866
15974,39,7,3442.15,8.14414202904651,2.0794415416798357,3,1.6863476860367979,0.3260835453609224
15975,84,1,371.01,5.91892073563227,0.6931471805599453,0,-0.8840335755720078,-0.5690798787883721
15976,165,2,430.94,6.068286689709266,1.0986122886681096,2,-0.8324563108534082,0.36508338855420336
15977,17,2,1054.73,6.961987749755856,1.0986122886681096,1,0.3196597224306971,-0.6599848998164356
15978,77,1,1098.78,7.002865438783795,0.6931471805599453,0,-0.3206069108365475,-0.3045956603227111
15980,89,3,2398.86,7.783165681301249,1.3862943611198906,1,0.6354421011680262,0.34468804441063755
15981,25,8,3408.48,8.134315065980752,2.1972245773362196,3,1.8567598897196433,0.25343576626562014
15983,22,4,1475.02,7.2971045552041165,1.6094379124341003,1,0.9255888984774652,-0.28716790416736687
15984,3,10,2837.67,7.951090911604787,2.3978952727983707,3,2.0568037526082446,0.09583401493928692
15985,123,2,1142.42,7.04177905036834,1.0986122886681096,1,-0.15379295935838344,0.2904690935059799
15986,30,1,168.12,5.1306085221219275,0.6931471805599453,0,-1.0081293271596665,-1.277906077861461
15987,12,7,1451.28,7.280890014259552,2.0794415416798357,1,1.3951120432007798,-0.16926757643623566
15988,19,1,158.03,5.069092863667825,0.6931471805599453,0,-0.9850068579267487,-1.3925324715350518
15990,44,2,792.11,6.675961925760257,1.0986122886681096,0,0.04938882242175256,-0.5099297886060724
15992,4,1,41.989999999999995,3.76096753050819,0.6931471805599453,0,-1.5516074446261845,-1.9166593910035767
15993,9,7,2797.57,7.93686385141862,2.0794415416798357,1,1.7301063114682982,0.0015960246186270087
15994,55,1,427.07,6.059286733610594,0.6931471805599453,0,-0.6752595723046072,-0.7803786861416042
15996,88,6,1060.68,6.967607838128994,1.9459101490553132,1,0.7527323868211602,0.34116498294703845
15998,37,5,3089.97,8.036240236488123,1.791759469228055,1,1.380651512676541,0.147538696747995
16000,3,3,12393.7,9.4250242408686,1.3862943611198906,1,1.8533609029089226,0.08630472422150859
16003,30,5,2735.37,7.914387503517288,1.791759469228055,1,1.3549576646162385,0.04974581369929234
16005,12,4,615.39,6.423879880082695,1.6094379124341003,1,0.5472976533266178,-0.6369286954040552
16006,211,1,101.4,4.628886712605407,0.6931471805599453,2,-2.128266883123722,0.15336360350111652
16007,48,4,1701.94,7.4401114480984,1.6094379124341003,1,0.8697662647545913,-0.016951985939460238
16008,24,3,478.78,6.173327665501776,1.3862943611198906,0,0.1631481041948158,-0.707106609599248
16009,22,4,992.71,6.9014454135860985,1.6094379124341003,1,0.7322803796337704,-0.40604213852798066
16010,246,3,407.5,6.012491914300058,1.3862943611198906,2,-0.9886482067121887,1.1849368110634195
16011,8,16,3362.71,8.120799810480259,2.833213344056216,3,2.51298244280124,0.3851894569637123
16012,35,3,1415.29,7.255796055544432,1.3862943611198906,1,0.638835948166652,-0.28573897954311417
16013,4,47,37130.6,10.522223638082181,3.8712010109078907,3,4.653249290923027,1.535892634688641
16014,38,3,662.38,6.497347978334654,1.3862943611198906,1,0.253775495448477,-0.4873905633497426
16015,4,3,705.39,6.560167492904158,1.3862943611198906,1,0.4488338893321101,-0.765689841386957
16016,3,8,1508.76,7.319705976779256,2.1972245773362196,1,1.565118347715113,-0.1835988452193513
16017,47,1,211.88,5.360728626669434,0.6931471805599453,0,-0.9778819990414394,-1.0601808195342488
16018,39,2,408.90000000000003,6.015913227510292,1.0986122886681096,0,-0.24892185511495493,-0.7519407608026262
16019,47,9,3786.2400000000002,8.239392800596635,2.302585092994046,3,1.8979349379792858,0.5244094891005727
16020,17,3,851.01,6.747598263849638,1.3862943611198906,1,0.47756157568096974,-0.595751973162705
16022,260,1,628.28,6.4445763086835,0.6931471805599453,2,-1.4780503678904737,1.1271593656359387
16023,46,3,719.81,6.58037557967181,1.3862943611198906,1,0.25566611082154006,-0.39252215164504206
16024,12,1,251.24,5.530381015236806,0.6931471805599453,0,-0.7257936008292909,-1.3151229672698632
16025,30,1,439.65999999999997,6.0882736030360425,0.6931471805599453,0,-0.540239674508698,-0.9901793674358821
16026,43,1,236.09,5.468439815884993,0.6931471805599453,0,-0.9059199510404398,-1.0627809635539698
16027,92,6,934.62,6.841209411138237,1.9459101490553132,1,0.6716402521480049,0.33815061980850986
16029,39,63,81024.84,11.302523395126636,4.1588830833596715,3,5.127929056736554,2.20488957699914
16030,310,1,331.24,5.805857599322498,0.6931471805599453,2,-2.0318266888564884,1.3722781838661104
16031,92,2,548.94,6.30980918136658,1.0986122886681096,0,-0.3615504125883517,-0.2004003710313824
16033,6,20,8816.4,9.084482320962824,3.044522437723423,3,3.186400810695703,0.7517363133340137
16034,196,3,437.7,6.083815808172169,1.3862943611198906,2,-0.7120858809371147,0.7693464500916904
16036,87,2,758.92,6.633213164581927,1.0986122886681096,0,-0.17937230265643136,-0.14693684954886052
16037,270,3,855.02,6.752293740354778,1.3862943611198906,2,-0.7432241159420003,1.6169766480750754
16038,8,3,471.78000000000003,6.158630164012735,1.3862943611198906,0,0.23331621507658734,-0.851368606446061
16040,65,3,1313.55,7.181249680723068,1.3862943611198906,1,0.457385352356395,-0.0459245381575223
16041,31,3,3166.4,8.060666341057626,1.3862943611198906,1,1.0514113628968667,-0.07888041255969579
16042,22,5,1197.27,7.088634128908167,1.791759469228055,1,0.9901910177401463,-0.26827163805169757
16043,38,4,773.99,6.652850126044293,1.6094379124341003,1,0.5334744244154827,-0.340885425539184
16045,120,4,1340.7,7.201692745596426,1.6094379124341003,1,0.4052111026229033,0.5407239080091577
16048,373,2,256.44,5.550786683244073,1.0986122886681096,2,-2.090828973866265,2.027603018738127
16049,40,3,1111.79,7.014625654228094,1.3862943611198906,1,0.4968349761901488,-0.31449574448009154
16050,174,1,137.9,4.933754249760298,0.6931471805599453,2,-1.8004473497186713,-0.07843445795267495
16052,54,1,362.06,5.894568109862285,0.6931471805599453,0,-0.75090239743337,-0.838608136279031
16053,33,2,1511.95,7.321816666315659,1.0986122886681096,1,0.4181136289271265,-0.41202952550195093
16054,145,1,783.9,6.665556321132768,0.6931471805599453,0,-0.8141400663552133,0.1884074494137133
16055,221,1,134.8,4.911183215124596,0.6931471805599453,2,-2.0386874046759216,0.3255823473256288
16056,45,1,664.85,6.501064419948154,0.6931471805599453,0,-0.4110756866394181,-0.7350521851661699
16057,16,7,2263.12,7.724941441452005,2.0794415416798357,1,1.5927265142585212,-0.0008925224622425782
16059,66,6,1459.8600000000001,7.286780582381662,1.9459101490553132,1,1.0150264521695536,0.24477066813933995
16062,10,4,1153.62,7.051526564493091,1.6094379124341003,1,0.863617721793169,-0.46583548918889406
16063,260,1,335.32,5.818063087688587,0.6931471805599453,2,-1.7841480414871145,0.9389259302652625
16065,365,1,372.09,5.921819677402093,0.6931471805599453,2,-2.2410576138821794,1.8878398136343417
16066,17,5,1521.87,7.328351991405618,1.791759469228055,1,1.131482317935798,-0.2399512826951187
16070,22,2,852.15,6.748935381973274,1.0986122886681096,1,0.19139647275976202,-0.6802937120677188
16071,45,1,326.24,5.790693846645498,0.6931471805599453,0,-0.7581438291666459,-0.9484802325211055
16072,288,1,584.3199999999999,6.3721587062242255,0.6931471805599453,2,-1.6487922873879761,1.3501326145279673
16073,297,1,122.39999999999999,4.8154311114712876,0.6931471805599453,2,-2.452876695973909,0.9610834078609265
16076,3,10,2234.73,7.712323075642278,2.3978952727983707,3,1.9401481471578659,0.024097156860101974
16078,284,1,79.2,4.384523514872469,0.6931471805599453,2,-2.600560674719649,0.7179938841088059
16079,17,3,1352.0,7.210079628170788,1.3862943611198906,1,0.7035176528339749,-0.45680126456817083
16080,82,2,217.16,5.385228738537333,1.0986122886681096,0,-0.7649327180621901,-0.5655908008739269
16081,56,5,2806.9,7.940192151975948,1.791759469228055,1,1.2418731357571715,0.28474877813152766
16083,101,2,1317.62,7.184341014166175,1.0986122886681096,1,0.02221378240653776,0.14101276370086857
16084,299,1,436.18,6.0803450096018565,0.6931471805599453,2,-1.8445420691468137,1.358602591872892
16085,23,5,981.51,6.890110521808668,1.791759469228055,1,0.8883633632547676,-0.31917688881589157
16086,59,5,1121.39,7.023215619268875,1.791759469228055,1,0.7793599018358615,0.03546794280666933
16091,155,2,315.06,5.755932068980957,1.0986122886681096,0,-0.9367213853080955,0.1838338012268266
16092,115,3,817.86,6.707913129070193,1.3862943611198906,1,-0.015589651043711057,0.24888269948857164
16093,107,1,17.0,2.8903717578961645,0.6931471805599453,0,-2.474891016097585,-1.2779666199724007
16094,12,4,1078.23,6.984003102876341,1.6094379124341003,1,0.8209589419939481,-0.4686418741141363
16096,264,1,320.62,5.773370724425878,0.6931471805599453,2,-1.8253207695335776,0.9604598329106905
16097,240,1,185.04999999999998,5.226015454792631,0.6931471805599453,2,-1.9767205983436564,0.5862398075591059
16098,88,7,2005.63,7.604211977042565,2.0794415416798357,1,1.1856711793934926,0.5921426406126291
16099,50,3,731.9,6.597009266931805,1.3862943611198906,1,0.24445565773881894,-0.3525630781001516
16101,71,1,1290.7,7.16371445923797,0.6931471805599453,0,-0.2130145189007383,-0.30871152553611436
16102,42,3,1842.14,7.519225917888408,1.3862943611198906,1,0.7337006109573928,-0.14540980430012215
16103,7,6,1429.64,7.265877175579781,1.9459101490553132,1,1.2900377419114697,-0.27719250494509967
16104,62,1,302.36,5.7149202190666575,0.6931471805599453,0,-0.8773480315731494,-0.8226595440049859
16105,249,1,336.96,5.822927545284644,0.6931471805599453,2,-1.7285940154807218,0.8442431816189605
16106,66,1,108.38,4.694828057918627,0.6931471805599453,0,-1.395075122646782,-1.0941806778107486
16107,18,7,3204.1600000000003,8.072517290105589,2.0794415416798357,3,1.7528742019485972,0.12101604925477517
16108,85,1,842.5,6.737559901986023,0.6931471805599453,0,-0.4889025894580443,-0.3143825711991732
16109,219,2,611.88,6.418169158208565,1.0986122886681096,2,-0.9225656558003978,0.9421850935438895
16110,45,3,1337.48,7.199289920749408,1.3862943611198906,1,0.5628854814911891,-0.21531215677818524
16112,143,4,195.73999999999998,5.281883060084612,1.6094379124341003,0,-0.6439458492264787,0.16495353039429417
16113,183,1,161.38,5.089939267434301,0.6931471805599453,2,-1.767648276571203,0.04715419891149935
16114,171,1,135.75000000000003,4.918154441302091,0.6931471805599453,2,-1.7935660784056604,-0.10934251978180246
16115,10,8,1667.97,7.419961948665055,2.1972245773362196,1,1.5802605935045904,-0.09229462417439752
16116,212,1,612.78,6.419636557751217,0.6931471805599453,2,-1.2581885099711125,0.7001277446344941
16117,190,1,232.21,5.451939335203601,0.6931471805599453,2,-1.624624836670027,0.21709840504392355
16119,8,2,423.36,6.050582151591071,1.0986122886681096,0,-0.0821200122476317,-1.0124766124575768
16120,59,4,1309.14,7.1778892807139885,1.6094379124341003,1,0.6884741160581842,0.00040865008539945204
16121,57,2,867.11,6.7663184347416205,1.0986122886681096,1,0.03068860979325268,-0.3691575009366271
16122,73,4,684.4200000000001,6.530031789055632,1.6094379124341003,1,0.30426789645434493,-0.07187217104066895
16123,52,1,307.78,5.732629049213781,0.6931471805599453,0,-0.8203528946442542,-0.9047428644977679
16124,317,1,249.0,5.521460917862246,0.6931471805599453,2,-2.2046154848813018,1.3480150267018802
16125,367,1,289.35,5.671087091818059,0.6931471805599453,2,-2.373227492168689,1.8299889673314937
16126,29,4,6287.77,8.74652078208272,1.6094379124341003,1,1.5998949121225317,0.20948621397885608
16127,39,1,656.25,6.488064463609991,0.6931471805599453,0,-0.3884212745738264,-0.7914002923190684
16128,18,5,1880.22,7.53967578152618,1.791759469228055,1,1.2298951860996892,-0.16771949345566947
16131,52,6,3506.54,8.162670216045587,1.9459101490553132,1,1.5106431030845142,0.3855628502810292
16133,4,33,14589.04,9.588094383116912,3.5263605246161616,3,3.88202750616738,1.1010317183661225
16134,22,2,618.09,6.428250657915328,1.0986122886681096,0,0.03471845751175663,-0.7766421772836102
16135,263,1,517.55,6.251036455035743,0.6931471805599453,2,-1.5871117080067614,1.0952322377974766
16136,60,3,709.38,6.5658000381285,1.3862943611198906,1,0.18086458558812255,-0.27453589933394185
16139,19,3,635.41,6.455843009727984,1.3862943611198906,1,0.3253491141203982,-0.6659279190295273
16140,66,2,725.18,6.587797917978567,1.0986122886681096,0,-0.10004052683657118,-0.34412980667211784
16141,88,1,620.4,6.431974996958947,0.6931471805599453,0,-0.6527061575368357,-0.379973194444677
16142,250,1,535.34,6.284768288327816,0.6931471805599453,2,-1.507785236238758,0.9917418049602229
16143,3,6,2424.94,7.793974357128903,1.9459101490553132,1,1.5673891894555056,-0.1534893294706267
16144,247,1,175.2,5.171619713502079,0.6931471805599453,2,-2.037137060710156,0.6310795290825383
16145,9,11,3799.4900000000002,8.242885284769901,2.4849066497880004,3,2.2498001718316614,0.2748544768501307
16146,157,3,734.13,6.600047354321349,1.3862943611198906,1,-0.2713309072479882,0.5835711008027742
16147,134,1,375.0,5.929589143389895,0.6931471805599453,0,-1.1205366465051159,-0.12885525297989378
16148,296,1,76.32000000000001,4.34795265434013,0.6931471805599453,2,-2.6764399121677296,0.811890955475268
16149,5,2,280.52,5.640203493013329,1.0986122886681096,0,-0.268117172797318,-1.1619944285256951
16150,43,5,2053.02,7.627554127539443,1.791759469228055,1,1.1519725200483124,0.07719288259650955
16152,269,1,1829.04,7.512093103520083,0.6931471805599453,2,-0.9999988602913096,1.5265540738797831
16153,50,5,1824.23,7.5094612854730665,1.791759469228055,1,1.060435350713541,0.10289506048894638
16156,9,9,3122.04,8.046562165398301,2.302585092994046,3,1.9874267071869829,0.13433958057071257
16157,16,3,656.69,6.488733695691184,1.3862943611198906,1,0.35592154954064487,-0.6822672023526416
16159,282,1,348.2,5.855644823965447,0.6931471805599453,2,-1.8721413692359838,1.142505726885003
16160,65,2,1025.44,6.933851783703411,1.0986122886681096,1,0.07386648277975952,-0.24889966942256964
16161,2,19,5575.56,8.626327377813633,2.995732273553991,3,2.937351485329119,0.5573059725549554
16162,252,1,37.4,3.648057459593681,0.6931471805599453,2,-2.8056805373992657,0.21703317117984638
16163,232,2,856.6,6.754137790316538,1.0986122886681096,2,-0.8212663265568243,1.1567505784764176
16164,17,3,822.48,6.713539262741108,1.3862943611198906,1,0.46092125484657326,-0.605984866211269
16168,11,27,3787.6,8.239751836694179,3.332204510175204,3,3.012163303191575,0.6702876984101204
16169,8,4,1822.97,7.5087707231305965,1.6094379124341003,1,1.0966836545668723,-0.34593905224722915
16170,51,6,1885.05,7.542239973976665,1.9459101490553132,1,1.2123517183972092,0.1904166351332823
16171,59,1,73.2,4.3067641501733345,0.6931471805599453,0,-1.5508326605913747,-1.2719556622463688
16172,95,5,1140.21,7.039844382006876,1.791759469228055,1,0.61344920543329,0.3551179173545008
16173,16,6,1418.32,7.257933162659462,1.9459101490553132,1,1.2426477420257909,-0.2009157703796548
16174,126,3,1009.5500000000001,6.918250016074778,1.3862943611198906,1,0.03399796837681804,0.4082218464886709
16175,94,4,1037.59,6.945619303018016,1.6094379124341003,1,0.405792431517525,0.2365375892224971
16177,50,1,331.95,5.807992328556631,0.6931471805599453,0,-0.7738637887051155,-0.8995810371432019
16178,138,1,197.9,5.292802185859927,0.6931471805599453,0,-1.4509910238143753,-0.28521384455245724
16179,61,1,215.83,5.379113636376126,0.6931471805599453,0,-1.036579876785875,-0.9322916991182318
16180,100,8,10254.18,9.235538222765896,2.1972245773362196,3,2.0322151385594043,1.2398229534053176
16181,73,1,305.54,5.725348252570762,0.6931471805599453,0,-0.9254305537191392,-0.7233822264993263
16182,72,4,6617.65,8.797646700642568,1.6094379124341003,1,1.4169984553618884,0.6006834316838168
16183,67,1,338.71000000000004,5.828092312472438,0.6931471805599453,0,-0.84622669797623,-0.7449554987878841
16184,64,6,1158.79,7.055994233228931,1.9459101490553132,1,0.9119390034333454,0.1579510426242188
16185,17,2,529.41,6.273650292389248,1.0986122886681096,0,-0.016643626467117166,-0.8667931840672876
16186,23,12,4006.94,8.296032672592768,2.5649493574615367,3,2.2811633423843607,0.4489812417627805
16187,32,15,6911.4400000000005,8.841077965865253,2.772588722239781,3,2.6935189594668745,0.7842534210710166
16188,45,4,981.86,6.890466688844595,1.6094379124341003,1,0.6157273965452913,-0.2083117547109945
16189,16,2,215.48,5.3774981644224775,1.0986122886681096,0,-0.4496453811909628,-1.1447789563867334
16190,40,1,215.08,5.37564870948436,0.6931471805599453,0,-0.9367522920348597,-1.1168808475274896
16191,3,13,5180.52,8.552853728502956,2.639057329615259,3,2.570984223328775,0.3844739159921964
16193,237,1,314.45,5.754000190816819,0.6931471805599453,2,-1.7042583961048452,0.7186495861098477
16198,75,1,400.68100000000004,5.995658241267267,0.6931471805599453,0,-0.8030329073510125,-0.6246878787910124
16200,4,2,1080.6200000000001,6.986215196242002,1.0986122886681096,1,0.39434260393952447,-0.7663308883221399
16201,3,4,1863.47,7.530732109384843,1.6094379124341003,1,1.1315849400669074,-0.3830427745060916
16202,361,1,365.27,5.903370766348874,0.6931471805599453,2,-2.230734030799234,1.84733536323368
16203,59,4,592.9,6.386710955021814,1.6094379124341003,1,0.30192545789917924,-0.23729776894173646
16204,23,1,405.71,6.008100400759408,0.6931471805599453,0,-0.5455700139397104,-1.0754497992667984
16205,31,4,761.38,6.636445119047319,1.6094379124341003,1,0.5592995268338272,-0.4069969536747927
16206,55,4,537.0600000000001,6.287970078106996,1.6094379124341003,1,0.2730205249107358,-0.30192562497906317
16207,25,1,394.38,5.979847327767791,0.6931471805599453,0,-0.5690423277609258,-1.0664575502422065
16208,45,2,664.26,6.500177941687698,1.0986122886681096,0,-0.04132885788629346,-0.5540030089869367
16209,89,5,2262.62,7.724720580712637,1.791759469228055,1,0.9770673200338166,0.5084439586873895
16210,2,18,21086.3,9.956426242517605,2.9444389791664403,3,3.5403728155484946,0.9339916615153138
16211,89,1,547.02,6.306311782632405,0.6931471805599453,0,-0.718936164633827,-0.40898782650439874
16212,19,2,690.34,6.538631743276411,1.0986122886681096,0,0.10315063824447981,-0.7696997746053561
16213,79,1,159.0,5.075173815233827,0.6931471805599453,0,-1.2720943119409849,-0.8662822599891652
16214,171,3,1062.75,6.969555679887584,1.3862943611198906,1,-0.15847928447355586,0.8169538417333395
16215,81,1,242.35,5.494500736279464,0.6931471805599453,0,-1.0768909612556503,-0.7228163605170548
16216,267,1,914.9300000000001,6.81993994254006,0.6931471805599453,2,-1.3284978455163543,1.3011186026872847
16217,235,2,304.25,5.721131112990814,1.0986122886681096,2,-1.3404687988607658,0.8726089421401431
16218,30,7,3084.68,8.034527333444103,2.0794415416798357,3,1.6763016319271793,0.21448675876555848
16221,37,3,864.86,6.763723232676042,1.3862943611198906,1,0.38875365765572034,-0.41609955179407143
16222,318,1,846.72,6.742550392588373,0.6931471805599453,2,-1.6128579967193721,1.7236269480172195
16224,57,4,1295.3,7.167269331605997,1.6094379124341003,1,0.6929541066025418,-0.02026284567787992
16225,45,5,1096.32,7.000626122386744,1.791759469228055,1,0.8360035791261952,-0.09368439925971919
16226,203,3,255.12,5.545646084650602,1.3862943611198906,2,-1.0088614264724256,0.6688381796386922
16227,225,1,314.22,5.753270807747395,0.6931471805599453,2,-1.646603064248024,0.613545803124159
16229,87,2,1010.6,6.91928851479581,1.0986122886681096,1,-0.03960350570310282,-0.060986634707240035
16230,190,2,542.03,6.297164567026571,1.0986122886681096,2,-0.8414903612075048,0.6523585197304763
16232,44,4,990.88,6.89960213222575,1.6094379124341003,1,0.6250250382898929,-0.21430743353713896
16233,71,3,536.6800000000001,6.287263587661711,1.3862943611198906,1,-0.008398287317396367,-0.2620768255543752
16235,41,5,867.31,6.766548793757163,1.791759469228055,1,0.7409768603006908,-0.19897356041155376
16236,78,1,432.2,6.071199515126835,0.6931471805599453,0,-0.7806283751143499,-0.5757706392214165
16239,57,2,414.2,6.028760331851679,1.0986122886681096,0,-0.32966263559378767,-0.5907539347229454
16240,24,2,3718.8,8.221425182381026,1.0986122886681096,1,0.9011471569860442,-0.22040916388394258
16241,10,13,2607.87,7.8666724563751735,2.639057329615259,3,2.201894177196251,0.23949615737031565
16242,8,7,3603.21,8.189857885621135,2.0794415416798357,3,1.858546765903168,0.06886670116494059
16243,34,2,409.1,6.016401032398013,1.0986122886681096,0,-0.22451198955597626,-0.7954961362028444
16244,212,2,1522.75,7.328929680795481,1.0986122886681096,2,-0.4437521692040752,1.1546368054843663
16245,24,3,1413.66,7.254644498519316,1.3862943611198906,1,0.6914507096561039,-0.3822292161424804
16247,170,1,114.56,4.749789875598035,0.6931471805599453,2,-1.8709902136701462,-0.1686673788531423
16248,62,1,152.94,5.036562916106171,0.6931471805599453,0,-1.2087753428336445,-1.0264693300814323
16249,53,5,1800.07,7.496136211716589,1.791759469228055,1,1.0394221523185894,0.1251127551166987
16250,261,2,389.44,5.967274308306765,1.0986122886681096,2,-1.3459017820915102,1.1738117571576023
16253,67,2,3683.86,8.21198781204284,1.0986122886681096,1,0.6886610902765319,0.15259205165442355
16255,17,8,2619.91,7.871276864694926,2.1972245773362196,3,1.7669208895071953,0.10448387715613928
16256,267,1,752.4300000000001,6.624636113950167,0.6931471805599453,2,-1.4239180945590615,1.2424403348318334
16257,177,1,46.95,3.8701588013294472,0.6931471805599453,2,-2.3345946809013935,-0.37176637036922383
16258,45,5,5203.51,8.557280836367838,1.791759469228055,1,1.596543613359129,0.37400639269724306
16260,51,1,1035.45,6.9435566914455205,0.6931471805599453,0,-0.22389159236176573,-0.5496647996093152
16261,17,4,746.83,6.617175679416844,1.6094379124341003,1,0.6175652956728848,-0.5351517975860518
16265,9,9,5447.0,8.60300384782935,2.302585092994046,3,2.2592892932851103,0.30152029752526394
16266,74,7,861.89,6.760287220618741,2.0794415416798357,1,0.841032323827833,0.21622334724537734
16268,71,2,667.65,6.5052607543188055,1.0986122886681096,0,-0.1645375238376197,-0.3252258387028493
16270,353,1,1141.24,7.040746525754151,0.6931471805599453,2,-1.6363680676126986,2.1191323457016136
16271,3,5,1429.24,7.265597541339543,1.791759469228055,1,1.1685024688299934,-0.38117102711785367
16272,117,1,411.7,6.022720936758536,0.6931471805599453,0,-0.9928517066008058,-0.24946074879320115
16274,373,1,357.95,5.883183103022492,0.6931471805599453,2,-2.2986088744328406,1.946154701823067
16275,197,1,559.87,6.329489149614112,0.6931471805599453,2,-1.2297175214060785,0.5419375067072827
16276,177,1,810.6000000000001,6.69900760795166,0.6931471805599453,2,-0.9524944958667938,0.47815013764818537
16278,100,1,566.38,6.34102927325157,0.6931471805599453,0,-0.7551515049443904,-0.30241283705369076
16279,21,3,1509.58,7.320248962019425,1.3862943611198906,1,0.7380062255015398,-0.3887397735530819
16281,72,1,2062.06,7.6319455965067835,0.6931471805599453,1,0.010916436761904744,-0.1592929333607462
16282,340,1,168.3,5.13167228913909,0.6931471805599453,2,-2.5062448980569476,1.4319334633971927
16283,6,5,1570.81,7.359983100544423,1.791759469228055,1,1.200113816998858,-0.3265920960646836
16284,31,2,823.97,6.715347022037144,1.0986122886681096,1,0.13147732791848343,-0.6117217207939771
16287,170,1,142.5,4.966335035199676,0.6931471805599453,2,-1.7651920160241081,-0.10360723656280234
16292,122,1,302.25,5.7145575478241595,0.6931471805599453,0,-1.1675836680759912,-0.2983452936117636
16293,22,10,2248.9900000000002,7.718681050744145,2.3978952727983707,3,1.851402643543674,0.19207473645111772
16295,10,4,1328.55,7.192595818099261,1.6094379124341003,1,0.9325404019503267,-0.4234517862730987
16297,269,1,301.9,5.713402718033191,0.6931471805599453,2,-1.8787910773874799,0.9861446154955807
16298,23,3,598.2,6.3955954322030095,1.3862943611198906,1,0.27657652267374055,-0.6490675193851432
16302,127,1,233.22,5.4562608446139915,0.6931471805599453,0,-1.3179520950260544,-0.3322475886551152
16303,26,3,5360.63,8.587023312312065,1.3862943611198906,1,1.3327468974551973,0.03555953667749594
16305,139,1,361.21999999999997,5.8922517620363895,0.6931471805599453,0,-1.1629502336955164,-0.09637118802878929
16306,214,6,632.27,6.450896871486089,1.9459101490553132,2,-0.10884156419234439,1.2872099518697242
16308,38,4,2560.0,7.848153086199526,1.6094379124341003,1,1.1174676157573544,0.01823865190879116
16309,106,2,706.57,6.56183656455249,1.0986122886681096,0,-0.3060968493432179,-0.002314317598833417
16311,18,2,616.26,6.425290328985104,1.0986122886681096,0,0.05260934930628928,-0.8124931440476416
16313,3,2,274.15000000000003,5.617316403505768,1.0986122886681096,0,-0.26963058033644977,-1.1863515384184236
16315,331,1,226.37,5.426578646492048,0.6931471805599453,2,-2.3186527394663337,1.4418734376009592
16316,64,8,2938.91,7.986134247619265,2.1972245773362196,3,1.5958246991828315,0.5497905104668068
16317,120,3,1341.65,7.202400551985058,1.3862943611198906,1,0.20183219682506084,0.44115143708201976
16318,35,1,328.15,5.796513573913885,0.6931471805599453,0,-0.7069573912569874,-1.0341355872556963
16319,218,1,404.40000000000003,6.004874234017899,0.6931471805599453,2,-1.4898361793128156,0.6279563556273876
16320,172,2,1038.46,6.946456626519212,1.0986122886681096,2,-0.43724602030106774,0.690108803555708
16321,72,5,373.65000000000003,5.92599225681032,1.791759469228055,1,0.18043979331962848,-0.18056347531514202
16322,1,2,326.75,5.792251122643809,1.0986122886681096,0,-0.17449352084004177,-1.1512738632423392
16323,196,1,207.50000000000003,5.339939041238856,0.6931471805599453,2,-1.7083510418511045,0.23589067818050857
16324,128,3,428.68,6.0630407455972035,1.3862943611198906,0,-0.3935031188752317,0.16875835549446294
16325,47,3,594.24,6.38896468556185,1.3862943611198906,1,0.1573135384670713,-0.4412904157408618
16326,6,14,3110.96,8.043008031745238,2.70805020110221,3,2.3703731128136774,0.2883661094926152
16327,14,6,3844.22,8.254586097468055,1.9459101490553132,1,1.7392544365433258,0.08104391376138599
16330,18,3,251.91,5.533033694214862,1.3862943611198906,0,-0.12067663246687531,-0.951922738598131
16332,28,7,1593.2,7.374127321993823,2.0794415416798357,1,1.3633163898678191,-0.0014086034244023442
16333,8,22,26626.8,10.189711061801596,3.1354942159291497,3,3.7997725786157153,1.141959395643643
16337,37,1,151.05,5.024209414123374,0.6931471805599453,0,-1.093953249472876,-1.2486905635187542
16338,157,1,214.79999999999998,5.374352052824034,0.6931471805599453,2,-1.50299977168092,-0.0946451565171957
16339,284,1,109.95,4.709079649378603,0.6931471805599453,2,-2.4419911914355077,0.8155054993811881
16340,107,1,549.07,6.310045542855303,0.6931471805599453,0,-0.8041294823295525,-0.25053906885432614
16341,25,4,1971.87,7.587244614343444,1.6094379124341003,1,1.052840681705073,-0.17377530282418266
16342,75,4,322.41,5.778920868124441,1.6094379124341003,0,-0.07237350970303115,-0.2800597219670576
16343,16,2,370.47999999999996,5.917495026907807,1.0986122886681096,0,-0.18581729613673442,-0.9825390209651228
16344,158,1,101.10000000000001,4.62595272517062,0.6931471805599453,2,-1.8734820581651923,-0.3107584067908361
16345,44,1,575.41,6.356819213038024,0.6931471805599453,0,-0.4767157455778856,-0.7871304776646462
16347,11,2,887.65,6.789703457206,1.0986122886681096,1,0.2644920501077772,-0.7641893598779792
16348,32,7,1469.45,7.2933237553758445,2.0794415416798357,1,1.3045006896263391,0.009275830071536144
16349,291,1,53.5,3.9982007016691985,0.6931471805599453,2,-2.823147864073972,0.6631074211800707
16350,21,4,1116.47,7.018822480489789,1.6094379124341003,1,0.7944619957882918,-0.3795170469011235
16351,333,1,153.9,5.042779747422823,0.6931471805599453,2,-2.51583527451245,1.3440433402941936
16352,18,2,494.44,6.205446256629806,1.0986122886681096,0,-0.0548006092499004,-0.8785444317117743
16353,4,23,6675.71,8.806380630235296,3.1780538303479458,3,3.1821073114709457,0.7104134250263037
16354,63,2,395.8,5.983432375410718,1.0986122886681096,0,-0.38081451237223096,-0.5519302197656024
16356,198,3,211.77,5.360211770085627,1.3862943611198906,2,-1.0752881567385957,0.5694232340279639
16357,33,3,658.88,6.492058000307724,1.3862943611198906,1,0.27536249015739966,-0.5326818509229294
16358,1,4,2027.5,7.615051882646502,1.6094379124341003,1,1.1824499503928299,-0.37519000374807016
16359,7,9,1750.92,7.468467608353334,2.302585092994046,3,1.7146537180754102,-0.056827431261606894
16360,5,6,3512.53,8.164376509090179,1.9459101490553132,1,1.7386892009994983,-0.024722684620536603
16361,10,4,896.66,6.799791377454196,1.6094379124341003,1,0.7406266139716043,-0.5414683369439068
16362,32,5,734.77,6.600917569890576,1.791759469228055,1,0.7035626223921779,-0.32740029280752014
16363,53,1,109.36000000000001,4.703747749349086,0.6931471805599453,0,-1.3278712025604955,-1.2051258211712683
16364,12,2,707.04,6.562500589272956,1.0986122886681096,0,0.1486524726055483,-0.8237111818647523
16365,18,9,1540.42,7.340459348477051,2.302585092994046,1,1.5989349100138792,0.000857245881903355
16366,19,1,327.3,5.793927824507547,0.6931471805599453,0,-0.6308718008848279,-1.1747586557822665
16367,37,2,804.49,6.69145078789068,1.0986122886681096,0,0.09079641985335317,-0.5664589290889844
16368,2,2,497.43,6.211463158278113,1.0986122886681096,0,0.025488007309653875,-1.0165828675330049
16369,18,3,1553.66,7.349012151188359,1.3862943611198906,1,0.7665620759174094,-0.4063191470690771
16370,82,4,1320.56,7.186568135964853,1.6094379124341003,1,0.5815253030056519,0.20404507656683468
16372,33,2,367.93,5.910606924147827,1.0986122886681096,0,-0.2713658657729474,-0.8360219472021365
16374,66,2,473.03000000000003,6.161270610831518,1.0986122886681096,0,-0.3084304092333413,-0.4722782600697907
16376,9,2,987.01,6.895692819154136,1.0986122886681096,1,0.32594424433094177,-0.7498260463495314
16377,267,1,676.2,6.51796665025898,0.6931471805599453,2,-1.476033953547357,1.2103919136223746
16378,247,3,362.95,5.897016495564267,1.3862943611198906,2,-1.0499007282192436,1.1589830621561008
16379,4,4,2157.4,7.677122485453491,1.6094379124341003,1,1.1982730715230643,-0.3303199743633584
16380,61,1,1780.59,7.485261502995209,0.6931471805599453,1,-0.007572123048681544,-0.29950784867886643
16383,75,2,668.36,6.506322031987343,1.0986122886681096,0,-0.18335624150040708,-0.2899454344280889
16384,90,2,584.5,6.372466183037772,1.0986122886681096,0,-0.32126925550812346,-0.19905609487407913
16385,60,3,555.89,6.322367733889242,1.3862943611198906,1,0.06193004516840558,-0.347674178577896
16386,29,2,317.2,5.762680115903686,1.0986122886681096,0,-0.3243017348199804,-0.915427523031748
16387,323,1,94.36,4.55765920331704,0.6931471805599453,2,-2.7045091777842543,1.1108869101699705
16389,53,4,1382.07,7.2320609449898114,1.6094379124341003,1,0.743946792946673,-0.03575800760421784
16392,270,1,221.19,5.403532871692347,0.6931471805599453,2,-2.0350195388364956,0.9017858246852241
16393,2,13,3046.21,8.021981696860243,2.639057329615259,3,2.316448595015466,0.21623511324893893
16394,57,5,1555.34,7.350092189866152,1.791759469228055,1,0.9487317032261141,0.11619595019974166
16395,61,5,1486.9,7.305121008833652,1.791759469228055,1,0.9074227522431975,0.13764608314184723
16398,154,2,1705.8,7.4423755513138445,1.0986122886681096,1,-0.1079357081589907,0.6817787317390754
16399,19,2,408.57,6.015107828855458,1.0986122886681096,0,-0.15262920311622102,-0.9269904775113047
16400,95,1,303.93,5.720082242069654,0.6931471805599453,0,-1.0343581493622545,-0.532675867029247
16401,1,12,4098.32,8.318576385278623,2.5649493574615367,3,2.398532363150873,0.26346590002155595
16402,265,2,299.6,5.705780477318874,1.0986122886681096,2,-1.4929979331068153,1.1302085107441326
16403,312,1,177.5,5.184588601219694,0.6931471805599453,2,-2.3450307896526636,1.203101128441013
16404,70,1,443.05,6.095937168704513,0.6931471805599453,0,-0.7298677570918972,-0.6382614035494137
16405,302,2,167.25,5.125450968524837,1.0986122886681096,2,-1.9554008493640076,1.2792451052439215
16406,19,1,163.07,5.100293166026791,0.6931471805599453,0,-0.9697632211645023,-1.3831584632925669
16407,13,10,2126.93,7.662904955183649,2.3978952727983707,3,1.8676606955091966,0.09665354568012165
16409,36,5,2028.88,7.61573195698808,1.791759469228055,1,1.1800366742974355,0.012458249662776193
16411,19,2,214.65,5.373656723093852,1.0986122886681096,0,-0.46602512936310614,-1.119711941661869
16412,54,1,151.83,5.029326192539745,0.6931471805599453,0,-1.1736365538972076,-1.0985666703793902
16413,57,1,262.2,5.572914199451162,0.6931471805599453,0,-0.9225568535704496,-0.9090266290491806
16414,22,2,126.25,4.846153655430632,1.0986122886681096,0,-0.7382520012692181,-1.2519770048462693
16415,44,1,210.35,5.3535155270127985,0.6931471805599453,0,-0.9669032051746075,-1.08856912765943
16416,27,3,1051.4,6.958828549166138,1.3862943611198906,1,0.5324199931390085,-0.4448847950427724
16418,45,3,675.27,6.516592404584731,1.3862943611198906,1,0.2293376576537905,-0.4204259428570077
16419,113,6,972.23,6.880620436574819,1.9459101490553132,1,0.5893749737789218,0.5335396322757339
16422,17,51,34684.4,10.454074128115597,3.9512437185814275,3,4.630184335181971,1.6648358364029783
16423,25,1,346.12,5.849670541490095,0.6931471805599453,0,-0.6326432384849044,-1.1055686541510001
16424,191,1,133.56,4.902010196224638,0.6931471805599453,2,-1.8981398749052334,0.06061474307096069
16425,302,1,302.7,5.716040372051703,0.6931471805599453,2,-2.037034534629858,1.275369855729413
16426,2,10,1908.25,7.554465773768493,2.3978952727983707,3,1.8678575811566192,-0.03207083608161746
16427,263,2,241.06,5.489185629310458,1.0986122886681096,2,-1.5891517923519343,1.0476526659824632
16429,106,1,284.55,5.654417145110872,0.6931471805599453,0,-1.1196177484331127,-0.4562604315639895
16430,57,1,300.85,5.709930205242435,0.6931471805599453,0,-0.8556144823438524,-0.8678607085121753
16431,213,3,642.81,6.467403651518229,1.3862943611198906,2,-0.6068583030106306,1.0331804874910304
16432,64,1,287.4,5.664348405410794,0.6931471805599453,0,-0.9117246876588168,-0.8203728729117055
16433,28,1,184.26,5.221760243825881,0.6931471805599453,0,-0.9539264087829008,-1.2680006750400232
16434,29,7,1522.25,7.328601489128603,2.0794415416798357,1,1.33623937302135,-0.006346274123084669
16438,6,5,798.35,6.683798897410901,1.791759469228055,1,0.8697482244367659,-0.5297489828372923
16440,8,5,3640.67,8.20019764662707,1.791759469228055,1,1.6009516516059452,-0.05667216352378917
16441,67,2,381.2,5.945944031806173,1.0986122886681096,0,-0.41846754828130195,-0.5282318977220003
16442,2,3,616.79,6.426148593885366,1.3862943611198906,1,0.3930244394844809,-0.8234360667560343
16444,46,4,654.67,6.485657613592114,1.6094379124341003,1,0.41311415640515364,-0.3211946637851308
16445,34,1,230.51,5.444623069137621,0.6931471805599453,0,-0.8740474124311622,-1.1486000935579948
16446,1,2,168472.5,12.034533746376653,1.0986122886681096,3,2.875319515863412,0.7241954220729498
16447,136,1,259.01,5.560720091814363,0.6931471805599453,0,-1.3104248556985156,-0.2221997362738613
16448,198,1,188.89000000000001,5.246444957137325,0.6931471805599453,2,-1.7636983761102358,0.2252815217810076
16449,198,2,707.69,6.563418195373777,1.0986122886681096,2,-0.7500803889706431,0.8022764712655612
16450,150,1,311.92,5.74594756681688,0.6931471805599453,0,-1.2876079484826592,-0.0441834527654619
16451,88,1,266.97,5.590875033946567,0.6931471805599453,0,-1.063645198107219,-0.6326783732381093
16454,45,2,6.9,2.066862759472976,1.0986122886681096,0,-2.2073285816297323,-1.8859751348170264
16455,64,7,1841.18,7.518704931910683,2.0794415416798357,1,1.2599180924831426,0.3566830994846407
16456,99,5,2158.37,7.67757179146855,1.791759469228055,1,0.9056886031765513,0.5816821591535047
16457,218,1,208.36,5.34405525822189,0.6931471805599453,2,-1.812694731026149,0.4294158910308324
16458,3,18,3482.7400000000002,8.155861708321998,2.9444389791664403,3,2.655830631891663,0.40175950940840804
16460,28,3,814.72,6.704071158824147,1.3862943611198906,1,0.40311800985857227,-0.5126852650121015
16461,178,1,151.42,5.026639868237972,0.6931471805599453,2,-1.7744031400571372,-0.015565791304610598
16462,74,3,136.0,4.919980925828125,1.3862943611198906,0,-0.6909191027436036,-0.6466503679020001
16463,21,4,1422.4,7.260803654865171,1.6094379124341003,1,0.9126875528050508,-0.3068147539225711
16464,20,3,1314.68,7.182108921222586,1.3862943611198906,1,0.6753489881246533,-0.4389837928830075
16466,34,7,1603.46,7.380542530354457,2.0794415416798357,1,1.337444845314678,0.05296114207334678
16468,74,1,74.9,4.3294166844015844,0.6931471805599453,0,-1.6122798469298427,-1.1340439939646614
16469,24,4,650.43,6.47916994643317,1.6094379124341003,1,0.5162992181840458,-0.5154323695222174
16470,52,4,762.39,6.637769040932695,1.6094379124341003,1,0.4584259040589472,-0.22305106180664755
16471,275,1,223.95000000000002,5.4158781552871815,0.6931471805599453,2,-2.0531594991517634,0.9491968510925373
16473,165,3,316.11,5.759248716840184,1.3862943611198906,2,-0.7207971875215357,0.4008795492201956
16474,7,7,1871.5,7.535029715391374,2.0794415416798357,1,1.5434494696504903,-0.13661423633242611
16475,88,4,544.3,6.301336101932016,1.6094379124341003,1,0.12001866342278038,-0.009477088193884016
16477,64,7,2494.46,7.822228359929267,2.0794415416798357,1,1.4082115555500938,0.44787552074064146
16478,25,3,331.0,5.805134968916488,1.3862943611198906,0,-0.021575348547439466,-0.8089882715865088
16479,10,2,300.83,5.709863944972069,1.0986122886681096,0,-0.25825446834817606,-1.09736328500281
16480,76,1,769.29,6.646767067319571,0.6931471805599453,0,-0.48975278360463426,-0.42032440363663814
16482,16,1,220.62,5.400964203508179,0.6931471805599453,0,-0.8083604378955008,-1.3190441922421732
16483,192,1,139.35,4.9441393028078915,0.6931471805599453,2,-1.882391022886838,0.08201265449039086
16484,174,2,404.3,6.004627533634263,1.0986122886681096,2,-0.9070672458003942,0.42462072729090405
16485,77,1,363.65,5.898937989430242,0.6931471805599453,0,-0.8599564612418686,-0.6362663246094498
16488,33,3,498.8,6.214208018400852,1.3862943611198906,0,0.13961238908929657,-0.6161607861782085
16491,47,1,731.5,6.596463340891223,0.6931471805599453,0,-0.3741349294980011,-0.6889091804531376
16493,80,4,1351.63,7.209806124401014,1.6094379124341003,1,0.6025473800818589,0.1935460650942793
16494,297,1,826.53,6.7184453603705006,0.6931471805599453,2,-1.5231146177143713,1.5328365610678145
16495,3,3,684.41,6.530017199354501,1.3862943611198906,1,0.43893756632532926,-0.7834887655010657
16496,9,3,1599.52,7.378083855426812,1.3862943611198906,1,0.8242745030787318,-0.47624814979903374
16497,50,6,2965.69,7.99520213218973,1.9459101490553132,1,1.4384912723912417,0.3177669487658828
16498,161,2,100.97,4.624678652376135,1.0986122886681096,2,-1.5184275200280781,-0.10360452118915757
16499,360,2,365.45,5.903862086371859,1.0986122886681096,2,-1.8554797390837339,2.0200581066007466
16500,5,6,400.86,5.996103769256407,1.9459101490553132,1,0.6793288888066282,-0.6761717090982061
16503,107,4,1431.93,7.267476578065607,1.6094379124341003,1,0.5001973275349093,0.4468633723766659
16504,25,1,484.38,6.18493208931219,0.6931471805599453,0,-0.4688433753762128,-1.004840639514649
16505,32,1,777.6,6.657497435176356,0.6931471805599453,0,-0.27180068532791435,-0.8016775300437435
16506,20,2,90.30000000000001,4.514150787600923,1.0986122886681096,0,-0.8907911452902819,-1.369206735668621
16509,297,1,363.7,5.8990750978146345,0.6931471805599453,2,-1.9234371053776536,1.2866599853899077
16510,372,1,248.1,5.517854422268135,0.6931471805599453,2,-2.472264430485504,1.8276527483533251
16511,22,3,950.26,6.857787421604214,1.3862943611198906,1,0.5072255263644492,-0.5189441392405928
16513,5,4,874.59,6.774897944843427,1.6094379124341003,1,0.7526358828776437,-0.5926494054152354
16515,52,5,1627.13,7.395187395954291,1.791759469228055,1,0.9949355569645545,0.08604269320586545
16516,30,1,101.69999999999999,4.631812116934513,0.6931471805599453,0,-1.251827966086673,-1.4277674977846857
16517,277,1,162.7,5.098035484377089,0.6931471805599453,2,-2.218117577758383,0.871183043361864
16518,61,2,484.32,6.1848084671836725,1.0986122886681096,0,-0.2727589024302377,-0.5089083380824596
16519,25,2,215.07999999999998,5.37564870948436,1.0986122886681096,0,-0.49405774236538047,-1.066671135824039
16520,186,3,1046.57,6.954228475339207,1.3862943611198906,1,-0.23848235964845138,0.9434546467406013
16523,2,21,9418.470000000001,9.150534102717932,3.091042453358316,3,3.280480842507155,0.7574225419593484
16525,2,26,13027.45,9.474890706788237,3.295836866004329,3,3.6259252372865847,0.9464539866746158
16526,172,1,290.36,5.674559615979298,0.6931471805599453,2,-1.4288409631216408,0.12665682955600713
16527,81,1,228.06,5.43398397796957,0.6931471805599453,0,-1.1064578375984226,-0.7409983827512842
16528,4,1,244.41,5.502930281242811,0.6931471805599453,0,-0.7005308390198011,-1.3932935275700382
16529,190,1,455.25,6.123040904896701,0.6931471805599453,2,-1.2967424834390813,0.418728234571513
16531,22,7,1244.59,7.127364592228089,2.0794415416798357,1,1.2717605367357363,-0.1279898172852053
16532,18,3,6748.8,8.81726815379798,1.3862943611198906,1,1.483912854133081,0.03481259941815131
16533,19,3,1095.56,6.999933285923126,1.3862943611198906,1,0.591177132091688,-0.5024581335438306
16535,5,1,593.75,6.388141149183067,0.6931471805599453,0,-0.27287469254188146,-1.11859501383199
16536,110,1,548.97,6.309863731284314,0.6931471805599453,0,-0.8187212328705226,-0.2243725327492571
16539,3,4,1388.81,7.236922326134238,1.6094379124341003,1,0.988037305126138,-0.4713167693612203
16542,54,1,119.62,4.792645108022841,0.6931471805599453,0,-1.2892726281685638,-1.1696765721866114
16545,165,1,339.3,5.82982758150686,0.6931471805599453,2,-1.3191410185639196,0.11212377142821894
16546,291,2,787.15,6.669688427072551,1.0986122886681096,2,-1.147750173839971,1.6470609257832005
16549,10,10,4154.64,8.332221726715554,2.3978952727983707,3,2.209173966143485,0.27152597893638025
16550,109,5,2298.97,7.740651358353913,1.791759469228055,1,0.888164525367487,0.6880380360775238
16551,96,3,922.12,6.827759236886412,1.3862943611198906,1,0.13481580623957906,0.11882264069265162
16552,243,2,379.73,5.9420904624901825,1.0986122886681096,2,-1.271188404928004,1.0089184055787972
16553,163,12,5719.82,8.651867430742618,2.5649493574615367,3,1.778211689807682,1.779544561533363
16554,42,3,837.1,6.73113742510486,1.3862943611198906,1,0.3486615628647657,-0.38218789517132806
16555,35,2,285.89,5.659098867029561,1.0986122886681096,0,-0.4039146187976337,-0.894105780880237
16556,67,7,3313.79,8.106149552197078,2.0794415416798357,1,1.53242496605389,0.5593996879692519
16557,24,2,281.85,5.644916721789165,1.0986122886681096,0,-0.3576662556612113,-0.9945110065053221
16558,1,20,8338.49,9.028757342403852,3.044522437723423,3,3.1833466074005554,0.6912920280347896
16560,27,2,841.41,6.736266831594512,1.0986122886681096,1,0.16103541936861065,-0.6403979937861699
16561,6,2,511.12,6.238558972577978,1.0986122886681096,0,0.019389070856528613,-0.9734804890298054
16563,54,1,1077.74,6.9835489723662585,0.6931471805599453,0,-0.21885535128422573,-0.5114281152787895
16565,364,1,173.7,5.163070217140011,0.6931471805599453,2,-2.606928084666657,1.6511361329044025
16566,15,5,614.66,6.422694863102173,1.791759469228055,1,0.6986709806145426,-0.5295331819082997
16567,194,2,865.6,6.764577509305809,1.0986122886681096,2,-0.6324620760750945,0.8277524491134611
16569,3,1,124.2,4.829912458665998,0.6931471805599453,0,-1.0245151149568381,-1.6042394746390254
16570,15,10,3738.4,8.226680449731173,2.3978952727983707,3,2.1334377720499353,0.28351845145169313
16571,27,3,1421.69,7.260304724743686,1.3862943611198906,1,0.679713223188577,-0.35430746273802327
16572,127,3,1009.6,6.918299492857808,1.3862943611198906,1,0.029187833998722292,0.4169770984860956
16573,85,2,663.61,6.499200402451892,1.0986122886681096,0,-0.23517875418366002,-0.20468123111382563
16574,71,1,451.44,6.11465515766318,0.6931471805599453,0,-0.7255569536270553,-0.6238972704265449
16581,183,1,105.84,4.67133238824176,0.6931471805599453,2,-1.9721684488173798,-0.0786145930304814
16582,113,1,313.62,5.751365561394358,0.6931471805599453,0,-1.1060914862194513,-0.36594995260274504
16583,374,1,233.45,5.457242345535596,0.6931471805599453,2,-2.511546491704024,1.8269228618583284
16584,80,2,936.08,6.842768657462584,1.0986122886681096,1,-0.043148918095787615,-0.14515943340569068
16586,249,1,463.95,6.141929872924206,0.6931471805599453,2,-1.5727379743147907,0.9400861774419077
16587,232,1,225.15,5.421198495923853,0.6931471805599453,2,-1.8426849035038841,0.5749586901581769
16589,71,3,459.24,6.131748092555038,1.3862943611198906,0,-0.08437901631907323,-0.3088008449626395
16591,69,1,213.5,5.368309738368072,0.6931471805599453,0,-1.0805328329403903,-0.8656145926818901
16592,4,16,4113.68,8.322316345810338,2.833213344056216,3,2.6307752845578514,0.41077276057695766
16593,51,3,330.03,5.802209005711098,1.3862943611198906,0,-0.1486968890714936,-0.5826173065320949
16594,75,1,181.09,5.204501070343752,0.6931471805599453,0,-1.1895712298534744,-0.8623879419510322
16595,61,1,360.16,5.8893210734392785,0.6931471805599453,0,-0.787306111599037,-0.779001879507474
16596,16,2,250.15,5.526050370196054,1.0986122886681096,0,-0.3770667299013193,-1.1001470298964242
16597,4,1,90.04,4.511298970378021,0.6931471805599453,0,-1.1850154869882503,-1.6912252583143472
16598,286,1,145.04999999999998,4.98394902883375,0.6931471805599453,2,-2.317365948174818,0.9155696981268566
16600,4,6,813.52,6.702598982682314,1.9459101490553132,1,1.0293379411286612,-0.4726483852824349
16601,41,1,244.79999999999998,5.504518197131935,0.6931471805599453,0,-0.8786244000202907,-1.0694221294627175
16602,36,1,528.08,6.271139649157846,0.6931471805599453,0,-0.47990203921867175,-0.882795661094538
16603,75,2,482.47,6.180989265398516,1.0986122886681096,0,-0.3423051665357936,-0.38769038575794834
16607,18,14,3347.71,8.116330476031974,2.70805020110221,3,2.3481848172671054,0.41528019246735953
16609,15,7,5493.46,8.611495590853199,2.0794415416798357,3,2.0307075671151913,0.25672880112757007
16610,219,1,75.66,4.339380059952409,0.6931471805599453,2,-2.3083865823939194,0.13630556246398706
16611,186,1,129.49,4.871296595474155,0.6931471805599453,2,-1.8889741851413524,0.007685027952345947
16612,33,4,1187.66,7.08058190121429,1.6094379124341003,1,0.7666243148919222,-0.2560770289188709
16613,70,1,618.59,6.429057968967668,0.6931471805599453,0,-0.567113806225103,-0.5381765681051006
16614,183,1,506.19,6.228885686840323,0.6931471805599453,2,-1.21118939007272,0.3893461751438205
16616,15,2,500.42,6.2174440732414,1.0986122886681096,0,-0.0344358733465594,-0.9011608955332634
16617,236,1,151.85,5.029457048336844,0.6931471805599453,2,-2.053416571051762,0.49222305914416936
16618,31,5,2647.59,7.881782701906185,1.791759469228055,1,1.3341935195094494,0.04869021606785048
16619,264,1,226.21,5.425874699962912,0.6931471805599453,2,-1.9950980720832057,0.8560560178428395
16620,4,2,178.96,5.192734603972972,1.0986122886681096,0,-0.4819042469449404,-1.3051750848058643
16621,52,4,813.48,6.70254987279894,1.6094379124341003,1,0.49007609317454726,-0.20358791542804547
16623,246,1,129.45,4.870990011582737,0.6931471805599453,2,-2.179182418858254,0.5320161295698057
16624,81,2,810.5699999999999,6.6989706432467875,1.0986122886681096,0,-0.11823910542716662,-0.17962259483162984
16625,275,1,333.08,5.811380485254219,0.6931471805599453,2,-1.8599275943043094,1.0680239720088038
16626,1,17,4413.1,8.392559241748096,2.8903717578961645,3,2.7317812786374622,0.43121584903208177
16627,79,1,322.8,5.780126041243535,0.6931471805599453,0,-0.9276734295920439,-0.654482133787056
16628,30,5,2188.05,7.691222938742128,1.791759469228055,1,1.2459254018997301,-0.017303102864546734
16629,74,2,417.73,6.037226320804645,1.0986122886681096,0,-0.4077096049508257,-0.4396237844385496
16633,17,6,2883.1,7.966968171867508,1.9459101490553132,1,1.5842290560904648,0.020851398883522446
16634,223,2,217.9,5.388615004528817,1.0986122886681096,2,-1.4449156244199313,0.6678211412627744
16637,32,4,1154.47,7.052262466590724,1.6094379124341003,1,0.757622500794419,-0.2733258786629768
16638,23,10,1680.72,7.427572358185583,2.3978952727983707,3,1.7043403821592404,0.11335266057288731
16639,31,3,1257.51,7.137683760511223,1.3862943611198906,1,0.6004666562124216,-0.3561869020343236
16641,106,1,231.10000000000002,5.447168313280391,0.6931471805599453,0,-1.2208740079230407,-0.5185275287053085
16642,5,2,688.33,6.535720111358577,1.0986122886681096,0,0.16940839626778673,-0.8929399794671892
16643,246,1,487.51,6.191359942102381,0.6931471805599453,2,-1.534084836755828,0.9287160868143971
16644,178,2,833.78,6.72716821708184,1.0986122886681096,2,-0.5733903412540475,0.6766667839860867
16647,170,2,214.06,5.37091705896238,1.0986122886681096,2,-1.1973440761900223,0.19926335776498888
16648,43,1,290.65999999999997,5.675588740285419,0.6931471805599453,0,-0.8047125036599614,-1.0005438832074256
16650,72,1,518.42,6.252712804455737,0.6931471805599453,0,-0.6629399717662281,-0.5736780060514396
16652,59,7,6773.97,8.820990217693817,2.0794415416798357,3,1.9203515359057532,0.7042476618196628
16653,16,2,1212.66,7.101395866495808,1.0986122886681096,1,0.3926051227733033,-0.6268406658370572
16654,141,4,601.27,6.400705849743913,1.6094379124341003,1,-0.08765021742832894,0.48361866736004466
16655,18,6,3794.52,8.241576702840911,1.9459101490553132,1,1.7135611631468075,0.11209683983547067
16656,22,15,8625.8,9.062628915777825,2.772588722239781,3,2.8501059271030718,0.7634136644662546
16657,10,4,933.62,6.8401400295665695,1.6094379124341003,1,0.760339890771645,-0.5293457429663568
16658,368,1,123.24,4.822215178840431,0.6931471805599453,2,-2.792798007915136,1.5836891236031823
16659,189,1,39.12,3.691874963093735,0.6931471805599453,2,-2.4797111049559604,-0.32044640629405485
16660,16,4,1267.6499999999999,7.145708621949827,1.6094379124341003,1,0.8806267221781886,-0.38509653875915045
16665,362,1,135.39999999999998,4.915591745409362,0.6931471805599453,2,-2.7181708599263454,1.5593014247522696
16666,19,1,118.98,4.787325062224947,0.6931471805599453,0,-1.1226711012752628,-1.4771885002748921
16667,68,2,570.13,6.347616854496022,1.0986122886681096,0,-0.22705521244727347,-0.3988104896216707
16668,15,6,306.71999999999997,5.729190278590734,1.9459101490553132,1,0.5005789919174669,-0.6689609496110769
16669,24,3,1374.8700000000001,7.226841537285894,1.3862943611198906,1,0.6778669232850303,-0.3905825065936124
16670,17,11,4095.9,8.317985869145499,2.4849066497880004,3,2.247817857840774,0.36734124745786234
16671,28,3,1692.27,7.434416849630159,1.3862943611198906,1,0.7599454627925096,-0.29325577209530107
16672,2,20,8134.9400000000005,9.004046563069934,3.044522437723423,3,3.166439271333693,0.6926081583770489
16674,55,2,319.61,5.770225431204915,1.0986122886681096,0,-0.44630728755152044,-0.6859105034968014
16676,34,4,1592.1200000000001,7.373449636639775,1.6094379124341003,1,0.9048773829387319,-0.15934568173865063
16678,3,12,3109.99,8.042696282491956,2.5649493574615367,3,2.2540760777232127,0.19805958099208668
16679,366,1,129.75,4.873287102945032,0.6931471805599453,2,-2.7581770111838604,1.5815527087290464
16680,43,1,183.7,5.218732887205194,0.6931471805599453,0,-1.0279201058471803,-1.1378044290550124
16681,73,6,1770.34,7.479491601287773,1.9459101490553132,1,1.0753397715402782,0.3638526447603917
16682,5,5,1028.0,6.9363427358340495,1.791759469228055,1,0.9979687252040844,-0.4626135658438498
16684,4,28,66653.56,11.107278740370788,3.367295829986474,3,4.479038263269217,1.486334284657742
16685,61,2,324.24,5.784563371339637,1.0986122886681096,0,-0.4683079963691804,-0.6291604043698206
16686,47,7,3062.83,8.02742104629252,2.0794415416798357,1,1.5906464632082231,0.3609382798854411
16688,1,4,1260.86,7.1403421019236415,1.6094379124341003,1,0.9505193946703374,-0.517814691999062
16689,76,2,422.59999999999997,6.048789613727251,1.0986122886681096,0,-0.4117287028318219,-0.41866886473302883
16690,72,2,225.57999999999998,5.423098083445343,1.0986122886681096,0,-0.6980876905643165,-0.6416169739273356
16692,256,2,1276.0,7.152268856032539,1.0986122886681096,2,-0.7427734694317858,1.4861367781360373
16693,69,2,482.01,6.180037357371996,1.0986122886681096,0,-0.31376439894570457,-0.4404187041382951
16696,135,4,657.9000000000001,6.490571777919774,1.6094379124341003,1,-0.014738273858132044,0.4581762109989516
16697,241,1,112.75,4.7340030578310595,0.6931471805599453,2,-2.221939058949315,0.4471570031420274
16698,227,2,1998.0,7.6004023345004,1.0986122886681096,2,-0.3836324720937022,1.3673055009267434
16700,9,13,5076.55,8.532584140771885,2.639057329615259,3,2.5320751981122562,0.43082631936182386
16701,9,13,5398.3,8.59402459452009,2.639057329615259,3,2.562093367445031,0.44928586226084205
16705,1,20,14034.99,9.549380024249162,3.044522437723423,3,3.4377089837945043,0.8477110670137498
16706,37,3,531.35,6.277301167760616,1.3862943611198906,1,0.1511007918147695,-0.5622431498074196
16708,46,1,656.63,6.488642463139346,0.6931471805599453,0,-0.4219790313137217,-0.730043926385043
16709,85,5,3029.87,8.016604986002726,1.791759469228055,1,1.1390114962486475,0.5611779337305062
16710,19,10,2483.04,7.817641545983298,2.3978952727983707,3,1.9142550281120445,0.19558586770432906
16711,3,5,1651.03,7.4097601137223315,1.791759469228055,1,1.23893646215579,-0.33785794873078734
16712,9,11,3645.43,8.201503885750247,2.4849066497880004,3,2.229582322398292,0.26242159812245663
16713,19,15,6923.13,8.842767691394254,2.772588722239781,3,2.7571905107723316,0.6711360628654803
16714,219,3,1161.53,7.058353943580143,1.3862943611198906,2,-0.3471415738279929,1.2631715019622414
16715,78,1,301.71999999999997,5.712808285863513,0.6931471805599453,0,-0.9557287845530104,-0.6834478757589394
16716,267,2,901.2,6.804836224974296,1.0986122886681096,2,-0.9656971812342854,1.4778962651837333
16717,24,6,3858.38,8.258261827796161,1.9459101490553132,1,1.6927072263189298,0.16955214141854094
16718,369,1,623.75,6.437351569715061,0.6931471805599453,2,-2.0085196913348593,2.077690892472043
16719,15,7,1790.42,7.490763880431157,2.0794415416798357,1,1.483147902306527,-0.07999063736502549
16720,26,1,155.24,5.051393286568423,0.6931471805599453,0,-1.0274945518133212,-1.3366675316775873
16721,262,1,292.47,5.681775419393111,0.6931471805599453,2,-1.860403181244471,0.9154596096516392
16722,17,13,4730.81,8.46206307213662,2.639057329615259,3,2.458946022860984,0.479561636541227
16723,91,2,589.15,6.380376741875078,1.0986122886681096,0,-0.322238674561896,-0.187939011663488
16725,302,7,781.02,6.661880315665835,2.0794415416798357,2,-0.3092687599941522,2.1794655908042837
16726,26,5,1382.02,7.2320247928761745,1.791759469228055,1,1.0409106475068362,-0.19022892894511823
16727,364,1,272.82,5.61247095620561,0.6931471805599453,2,-2.3873628526319006,1.7861568190410886
16728,46,4,1054.67,6.9619309154279065,1.6094379124341003,1,0.6458086069015312,-0.17810022175959844
16729,38,21,7239.92,8.887503549130026,3.091042453358316,3,2.977936052428079,0.9930499738354623
16730,52,3,743.11,6.612188873366803,1.3862943611198906,1,0.24220339432522828,-0.3305216512100995
16732,32,1,603.75,6.404815149490137,0.6931471805599453,0,-0.39525452032409764,-0.8775949298657303
16734,52,3,650.51,6.47929274564127,1.3862943611198906,1,0.17727388579516337,-0.3704497705712715
16735,79,5,2300.56,7.741342432871859,1.791759469228055,1,1.0335313884677502,0.42603405992941135
16737,53,1,417.59999999999997,6.036915810011899,0.6931471805599453,0,-0.6765207949279235,-0.8045807160152822
16738,298,1,3.75,1.55814461804655,0.6931471805599453,2,-4.049134431441575,-0.008815132722444703
16739,177,1,323.0,5.780743515792329,0.6931471805599453,2,-1.4011338747947362,0.202261299468202
16742,47,1,464.9,6.143971018822751,0.6931471805599453,0,-0.5952106266485736,-0.8248587205546933
16743,29,7,2238.09,7.713824812307198,2.0794415416798357,1,1.5244492289169402,0.1093925595948454
16744,11,7,1304.76,7.174540525720933,2.0794415416798357,1,1.3479868229665493,-0.20996024926082638
16745,87,17,7194.3,8.881183314074189,2.8903717578961645,3,2.5547595488291095,1.3296943042640488
16746,5,18,6697.66,8.809662785376391,2.9444389791664403,3,2.965591810357297,0.6156722476895694
16747,38,2,836.06,6.729895752508072,1.0986122886681096,1,0.10474529822848025,-0.5461679036463997
16748,18,5,1515.9,7.324424057597627,1.791759469228055,1,1.1247289266749236,-0.23239102808057216
16750,45,5,623.93,6.437639643463933,1.791759469228055,1,0.5609433797724198,-0.2628314746025104
16751,31,1,1764.72,7.476313818197086,0.6931471805599453,1,0.13308549896274852,-0.5644077521880863
16752,373,1,207.5,5.339939041238856,0.6931471805599453,2,-2.5640234545802416,1.7829391581321163
16753,58,1,223.92000000000002,5.415744783424001,0.6931471805599453,0,-1.0041799517008771,-0.9475071756065584
16754,372,1,2002.4,7.602601016177664,0.6931471805599453,2,-1.4537127686053974,2.4540066705031855
16755,114,3,1496.83,7.311772672991101,1.3862943611198906,1,0.28427434669571605,0.4215695397073712
16756,215,1,239.4,5.4823042026610525,0.6931471805599453,2,-1.7306470565639036,0.4447310824626303
16757,319,1,106.83000000000001,4.680555912893981,0.6931471805599453,2,-2.625127888976825,1.1128491960714808
16758,65,1,369.34000000000003,5.91442150260967,0.6931471805599453,0,-0.7943799400825196,-0.7364990066255797
16759,8,3,789.79,6.673032445794151,1.3862943611198906,1,0.4846394696697628,-0.6968184622233001
16761,97,1,316.62,5.760855699682501,0.6931471805599453,0,-1.024105938741798,-0.5029448681235847
16762,20,3,1501.38,7.314805796331314,1.3862943611198906,1,0.7401811471329232,-0.3991155381875935
16763,199,1,611.85,6.418120207787174,0.6931471805599453,2,-1.1960833617628444,0.5860471336453132
16764,4,13,2799.25,7.9374639778918485,2.639057329615259,3,2.265486873689201,0.20832287048115444
16765,294,1,34.0,3.5553480614894135,0.6931471805599453,2,-3.0540167916409477,0.5562752463000863
16766,273,2,1145.6,7.044556320474283,1.0986122886681096,2,-0.8775821716351037,1.6023615472533512
16767,31,11,5580.6,8.627230752625026,2.4849066497880004,3,2.3312263678324086,0.582618074018051
16768,48,3,478.09000000000003,6.17188847120203,1.3862943611198906,0,0.046421574193436205,-0.4977697244541402
16769,260,1,380.39,5.94382247363014,0.6931471805599453,2,-1.7227053549169546,0.9767098436011913
16770,58,5,770.1,6.647818066838915,1.791759469228055,1,0.6007849632508535,-0.08605916359248024
16771,33,5,2246.81,7.717711687868648,1.791759469228055,1,1.2443641769876703,0.016876498400395297
16773,57,1,171.59,5.150918839543312,0.6931471805599453,0,-1.1287325472473415,-1.035813476707076
16774,68,4,661.52,6.496050746083953,1.6094379124341003,1,0.31183720097206735,-0.1257835763352614
16775,10,11,1695.66,7.4364168915956546,2.4849066497880004,3,1.8509468865109535,0.041294604022550675
16776,60,1,388.28,5.964298879035212,0.6931471805599453,0,-0.7458396452827117,-0.7652154793330721
16777,80,2,226.35,5.426490680271019,1.0986122886681096,0,-0.7351046174440925,-0.5706745864031797
16778,74,2,245.94,5.509145392139597,1.0986122886681096,0,-0.6657158821023768,-0.5982836243673957
16779,2,22,10629.720000000001,9.271503201873838,3.1354942159291497,3,3.3801665177577562,0.8136451308623798
16780,100,2,425.19,6.054885256226418,1.0986122886681096,0,-0.5247739122516264,-0.20706816747975135
16781,372,1,311.25,5.743804149005687,0.6931471805599453,2,-2.3618714118125226,1.8955384558844999
16782,10,13,2279.9,7.732325380902501,2.639057329615259,3,2.136255774240615,0.1991321064599998
16784,20,1,107.6,4.687671407499835,0.6931471805599453,0,-1.176193530274177,-1.498388662356661
16788,123,2,597.48,6.39439310756415,1.0986122886681096,0,-0.4700884889193462,0.09596453088685195
16789,8,1,80.8,4.404277243608702,0.6931471805599453,0,-1.2566406820007505,-1.6884179680118887
16790,4,6,1545.6200000000001,7.343827183683202,1.9459101490553132,1,1.342624962046173,-0.2799938919913262
16791,29,7,1721.78,7.4516945441039795,2.0794415416798357,1,1.3963793612949125,0.03063655055137602
16792,282,2,110.38000000000001,4.7129477781615225,1.0986122886681096,2,-2.060252773479276,0.9805024047786598
16793,57,1,243.84,5.500604935982869,0.6931471805599453,0,-0.9578852338590289,-0.9307516631197236
16794,1,10,1222.71,7.109642506895799,2.3978952727983707,1,1.6553630875381855,-0.1744566255774571
16795,365,1,414.88,6.030396757109769,0.6931471805599453,2,-2.1880097445145408,1.9204613705799973
16796,89,1,305.62,5.725609195882308,0.6931471805599453,0,-1.002651982431708,-0.5834576368286348
16800,11,1,1201.49,7.092149685937022,0.6931471805599453,0,0.04207928387106537,-0.8546360940042628
16801,163,4,1619.73,7.390631944012902,1.6094379124341003,1,0.2896465439630651,0.9733265841111792
16803,65,1,332.3,5.809042985313694,0.6931471805599453,0,-0.8458650770444157,-0.768159568063358
16804,23,3,536.99,6.287839972628443,1.3862943611198906,1,0.2239300750205958,-0.6814422237903538
16805,174,2,460.59,6.134677051181064,1.0986122886681096,2,-0.8435285151887311,0.46369359380960123
16806,103,4,801.49,6.687719393867341,1.6094379124341003,1,0.2362806379107575,0.2377160569646499
16807,143,3,1121.59,7.02339379457603,1.3862943611198906,1,0.0031851921341759224,0.5883984587484714
16808,99,2,288.42,5.667878920309847,1.0986122886681096,0,-0.7090205932667397,-0.3320830872608583
16809,23,5,914.69,6.81967787944687,1.791759469228055,1,0.8539518500580084,-0.3403380994491514
16810,192,1,309.54,5.738312717553024,0.6931471805599453,2,-1.4943790439859828,0.32061893625431653
16811,5,2,547.07,6.3064030160165885,1.0986122886681096,0,0.05737017097917517,-0.9618373996635267
16812,361,1,479.35,6.174515004855747,0.6931471805599453,2,-2.0982601773595784,1.928799584234579
16813,8,10,1692.98,7.434836068766861,2.3978952727983707,3,1.7804038489401264,-0.015570789511373024
16814,14,21,6509.1,8.781110096067739,3.091042453358316,3,3.0419784228791316,0.7513151935177085
16816,103,4,417.06,6.035624962893636,1.6094379124341003,1,-0.08231533356674925,0.04179684757694706
16817,3,9,1604.75,7.381346216137902,2.302585092994046,3,1.6914257558446244,-0.11796425877964857
16818,11,11,3349.57,8.116885759599102,2.4849066497880004,3,2.1785715447967204,0.25447918841116374
16820,96,1,497.61,6.211824227045576,0.6931471805599453,0,-0.7989404196838888,-0.37619353304591174
16823,227,1,358.38,5.8843803244983075,0.6931471805599453,2,-1.5922150610897194,0.6704179160232396
16824,16,2,460.64,6.134785366552204,1.0986122886681096,0,-0.07965502336848958,-0.9172549922591144
16825,39,2,775.1800000000001,6.654384452047831,1.0986122886681096,0,0.06301818053023991,-0.5601145902564201
16826,51,1,341.7,5.836855428880563,0.6931471805599453,0,-0.7645963540260835,-0.88216884517575
16828,93,2,128.5,4.863680881139593,1.0986122886681096,0,-1.0729244921725165,-0.6261435493959452
16829,157,1,197.22,5.289377524978562,0.6931471805599453,2,-1.5445160628250507,-0.12017541950183626
16830,39,1,325.91,5.789684903656904,0.6931471805599453,0,-0.7296309273399908,-1.001225686831689
16832,184,3,199.15,5.299067085438582,1.3862943611198906,2,-1.0374815173341991,0.4286871372998201
16833,1,4,1106.53,7.0098875895885335,1.6094379124341003,1,0.8867827943914982,-0.5570092376104834
16834,228,1,413.46,6.026976468109342,0.6931471805599453,2,-1.5273806905590164,0.7220007539334802
16835,128,2,180.85,5.2031821714329975,1.0986122886681096,0,-1.0762539633903367,-0.2182281795607446
16836,40,2,251.87,5.5328755226775,1.0986122886681096,0,-0.48975552017311824,-0.888327154235573
16837,31,11,3170.98,8.062111277564622,2.4849066497880004,3,2.055124043374759,0.41283014836730614
16838,197,2,588.85,6.3798682672878515,1.0986122886681096,2,-0.8349236878569767,0.7383892297373139
16839,9,34,16594.35,9.716877814621636,3.5553480614894135,3,3.947241051091011,1.196388748917637
16841,37,6,1869.82,7.534132116408228,1.9459101490553132,1,1.276070738960823,0.06561524469324082
16842,101,3,1264.19,7.142977587511544,1.3862943611198906,1,0.2646515599337149,0.25723068995262194
16843,43,16,10196.57,9.22990473559571,2.833213344056216,3,2.8856608103907986,1.0243292147316445
16846,50,1,214.32,5.372125293692757,0.6931471805599453,0,-0.9868168133155588,-1.030535575033031
16847,43,1,193.44,5.270123632177254,0.6931471805599453,0,-1.0028119565644475,-1.1223642816675596
16848,53,1,281.42,5.643395324641106,0.6931471805599453,0,-0.868784423288926,-0.922812399510245
16849,187,1,124.57,4.8328633720008725,0.6931471805599453,2,-1.9125859419392723,0.004878303875135692
16850,334,1,332.41,5.809372963868082,0.6931471805599453,2,-2.1461325533628206,1.583103646747409
16851,4,3,342.45,5.83904154065989,1.3862943611198906,0,0.09651095510639335,-0.9823493000817491
16852,10,2,144.91000000000003,4.982989993275932,1.0986122886681096,0,-0.6133857220172684,-1.3157497075462117
16855,24,2,328.4,5.79727281774354,1.0986122886681096,0,-0.283229124939784,-0.9487362161575391
16856,15,1,35.400000000000006,3.594568774642695,0.6931471805599453,0,-1.6860828265583478,-1.8705089875249667
16858,369,1,375.69000000000005,5.931422568022302,0.6931471805599453,2,-2.255703126949033,1.9256865119562516
16859,145,2,747.81,6.618485279775063,1.0986122886681096,0,-0.4669577850791481,0.35558065509214276
16861,60,2,173.76,5.163413604083235,1.0986122886681096,0,-0.7669509218996808,-0.8245227980327788
16863,31,2,502.8,6.22217936391851,1.0986122886681096,0,-0.10947125510342699,-0.7598920057784901
16866,141,3,207.73999999999998,5.341089458391906,1.3862943611198906,0,-0.8090752861965601,0.06547595775474023
16869,23,4,825.42,6.717103118867857,1.6094379124341003,1,0.6373813366812123,-0.45268666971254695
16871,22,6,2812.34,7.942127668587332,1.9459101490553132,1,1.5479211106922557,0.05709010174540513
16872,77,3,680.02,6.523591674293888,1.3862943611198906,1,0.0780594770897256,-0.13863065922022683
16873,5,6,7123.62,8.871311670381246,1.9459101490553132,3,2.0840788927145897,0.1876732066949332
16875,67,5,2095.53,7.648038876071995,1.791759469228055,1,1.0459574446055055,0.29311673021567375
16877,12,6,853.72,6.750773929921596,1.9459101490553132,1,1.0142004779544174,-0.3882513165482957
16878,84,1,13.3,2.6602595372658615,0.6931471805599453,0,-2.4761286478445492,-1.5481318309619607
16880,31,7,1519.08,7.326518244034276,2.0794415416798357,1,1.3255529401190782,0.010508596859178924
16881,67,1,432.0,6.07073772800249,0.6931471805599453,0,-0.7276766104223042,-0.67205363716454
16882,67,3,705.12,6.559785194721083,1.3862943611198906,1,0.14408574137918817,-0.2151603271537614
16883,187,2,276.73,5.626649418726377,1.0986122886681096,2,-1.1545832823146303,0.4246837175289027
16884,38,2,429.84000000000003,6.0657367914825695,1.0986122886681096,0,-0.2197450813127982,-0.7457118536807186
16885,15,3,471.51,6.158058910731007,1.3862943611198906,0,0.19919696402171408,-0.7903575290031487
16887,35,1,194.88,5.277502226834117,0.6931471805599453,0,-0.9605325123998271,-1.1900705070360729
16889,195,3,1578.67,7.364971243447073,1.3862943611198906,1,-0.08131314937911611,1.1455241794405728
16891,2,5,809.7,6.697898071993661,1.791759469228055,1,0.8959739352950459,-0.5604744888059909
16892,1,5,525.54,6.266327302097504,1.791759469228055,1,0.6899542587402053,-0.6988786176607804
16893,367,1,145.93,4.989956282887855,0.6931471805599453,2,-2.7060098645780752,1.6253458922849087
16895,65,1,219.14,5.394263707595246,0.6931471805599453,0,-1.048515185152418,-0.8927783721829681
16897,299,2,289.78,5.672566967503279,1.0986122886681096,2,-1.6735916215764564,1.4174027965731684
16898,26,3,508.81,6.234038107285137,1.3862943611198906,1,0.18314099429117614,-0.6713856221417286
16899,8,6,1281.56,7.156613359576336,1.9459101490553132,1,1.231820044063297,-0.3012800022199137
16900,17,3,887.11,6.789095609194309,1.3862943611198906,1,0.49783607340069663,-0.5832842588172895
16902,116,1,1706.88,7.443008114269093,0.6931471805599453,0,-0.2941029113387558,0.16851856579363553
16903,29,1,373.24,5.924897302835869,0.6931471805599453,0,-0.6152266761024909,-1.048005521737918
16904,4,16,3754.27,8.230915465741086,2.833213344056216,3,2.586119248872835,0.3833117253189674
16905,5,7,3102.43,8.040263230419699,2.0794415416798357,3,1.7999617238366978,-0.0022995858368208832
16906,82,4,579.77,6.3643548092839675,1.6094379124341003,1,0.17981376993136852,-0.04298568655564305
16907,29,5,981.65,6.890253003845995,1.791759469228055,1,0.8594271316841308,-0.26669175929336675
16909,72,1,379.14,5.940539605922692,0.6931471805599453,0,-0.8154594823336889,-0.6674692168693264
16910,4,8,1510.06,7.320566670286484,2.1972245773362196,1,1.5607045522229952,-0.17459986634480895
16912,29,11,2575.38,7.854140591872849,2.4849066497880004,3,1.9631837201467284,0.3328653992851152
16913,290,1,113.44,4.74005066818191,0.6931471805599453,2,-2.4558654210112474,0.8772529416346342
16914,36,1,208.46,5.344532790344999,0.6931471805599453,0,-0.9326174717372241,-1.1611910507327547
16915,9,6,621.6800000000001,6.4340327431676485,1.9459101490553132,1,0.8739520922529587,-0.5096361221544358
16916,24,2,576.26,6.358292771601228,1.0986122886681096,0,-0.009129717357565868,-0.7801799755431241
16917,277,1,391.52,5.972587491338293,0.6931471805599453,2,-1.7908347594564988,1.1339387573102586
16918,50,6,1068.82,6.975245689005592,1.9459101490553132,1,0.940167719166331,0.011325043319541461
16919,156,11,2596.45,7.862285473509961,2.4849066497880004,3,1.3532060504869783,1.4453416323002668
16921,61,1,169.79,5.1404347316311005,0.6931471805599453,0,-1.1531920328119323,-1.004001838162578
16923,12,19,7247.61,8.888565005329367,2.995732273553991,3,3.01713073168641,0.7234981062058223
16924,21,3,846.75,6.742585781005748,1.3862943611198906,1,0.4557753803967445,-0.5622964063671242
16926,371,1,230.25,5.443499376392535,0.6931471805599453,2,-2.5037580181555894,1.7965726801050057
16927,116,3,543.05,6.299041154397021,1.3862943611198906,0,-0.22018791563194529,0.1347791082486102
16928,80,17,2847.6,7.954582924500485,2.8903717578961645,3,2.1358874289243466,0.9901181500366377
16929,4,7,1295.39,7.167338757569021,2.0794415416798357,1,1.3783083827709874,-0.2733067004494685
16930,26,3,380.55,5.944241903735643,1.3862943611198906,0,0.04155428749706832,-0.7584537527469787
16931,5,21,4604.22,8.434945721706782,3.091042453358316,3,2.916360495851906,0.5686479854588633
16932,53,1,161.94,5.093382034882496,0.6931471805599453,0,-1.1375062679372971,-1.088061731146665
16933,1,2,563.23,6.335461969788099,1.0986122886681096,0,0.09090483151919378,-0.9880682987592635
16934,55,2,950.9300000000001,6.858491502676181,1.0986122886681096,1,0.08539053073636296,-0.3589452386535731
16936,26,1,262.68,5.574736246721107,0.6931471805599453,0,-0.7718031198886678,-1.1794311957704824
16938,9,4,2736.38,7.914756537547509,1.6094379124341003,1,1.290203203289081,-0.21522182273035972
16940,52,3,3049.88,8.023185352576407,1.3862943611198906,1,0.9315786944238316,0.09340669647230132
16942,13,9,1920.59,7.560908247315509,2.302585092994046,3,1.7308119077638948,0.023388316824331987
16943,212,3,816.73,6.706532208766916,1.3862943611198906,2,-0.4851921513305134,1.096285335970815
16945,22,19,4345.5,8.377126202519118,2.995732273553991,3,2.718912279825518,0.6572421965188082
16947,236,1,406.48,6.009991851721866,0.6931471805599453,2,-1.5743533811001302,0.7868208878197938
16948,139,3,435.02,6.0776881138566,1.3862943611198906,0,-0.43952418643504465,0.26930335554751755
16949,4,6,1286.27,7.160278975803028,1.9459101490553132,1,1.2529481961900055,-0.3351402297981332
16950,57,3,1178.56,7.072896766566239,1.3862943611198906,1,0.4431214636389982,-0.14840184058333783
16951,135,3,1277.75,7.153638317265837,1.3862943611198906,1,0.10549365639745081,0.5576068186570582
16952,109,2,167.61,5.127588355789889,1.0986122886681096,0,-1.0213352474782897,-0.4070073953808543
16953,30,1,20.8,3.0819099697950434,0.6931471805599453,0,-2.0090688760046485,-1.8934295075682235
16954,1,9,2085.08,7.643041985736175,2.302585092994046,3,1.828951953853551,-0.056819566919441296
16955,185,4,518.67,6.25319399473728,1.6094379124341003,2,-0.3724301073694763,0.8238763334344223
16956,18,1,308.74,5.735733235888028,0.6931471805599453,0,-0.6544698195476244,-1.2009833781503467
16957,239,2,416.64,6.03461981742191,1.0986122886681096,2,-1.2066437968141166,1.0017569391053605
16959,87,1,117.35000000000001,4.773646335959993,0.6931471805599453,0,-1.4580870669425563,-0.8869519111488101
16960,39,3,507.05,6.2305798679318904,1.3862943611198906,0,0.11860539423274087,-0.55879960696533
16961,116,1,234.17,5.46030865686874,0.6931471805599453,0,-1.2627970601833776,-0.42717569518521403
16963,187,1,110.55000000000001,4.714472920878541,0.6931471805599453,2,-1.9704283632165986,-0.030691641950511075
16965,227,1,201.19,5.309207849379209,0.6931471805599453,2,-1.8732290136304066,0.4976096060080205
16966,8,7,2154.97,7.675996017275306,2.0794415416798357,1,1.607487542921569,-0.0855210779646475
16967,189,1,319.02,5.768383493840728,0.6931471805599453,2,-1.4651843413293812,0.303432422150006
16968,4,2,439.43,6.087751522419478,1.0986122886681096,0,-0.04462281794164997,-1.0362707686183694
16969,39,3,650.41,6.479139244274806,1.3862943611198906,1,0.24004488553090778,-0.48412091905460913
16971,38,1,357.21,5.881119406601529,0.6931471805599453,0,-0.6801241569970097,-0.9824949366052956
16976,267,1,251.51999999999998,5.5314904534994245,0.6931471805599453,2,-1.9579999500622394,0.9140090166540156
16978,78,1,344.33,5.84450048159508,0.6931471805599453,0,-0.8913874851303867,-0.6438814730345161
16979,4,6,1852.0,7.52456122628536,1.9459101490553132,1,1.4309268016983097,-0.2256930590840659
16980,255,2,1078.96,6.984679282395341,1.0986122886681096,2,-0.819818964213084,1.4270447623858618
16982,61,1,384.06,5.95339916630119,0.6931471805599453,0,-0.7559992620446206,-0.7597498683013183
16983,13,7,1931.25,7.56644040598698,2.0794415416798357,1,1.5297900520025103,-0.07473469641666966
16984,88,2,4481.35,8.407902741450327,1.0986122886681096,1,0.682859451155494,0.39500204708922787
16985,17,10,5464.12,8.606141358283566,2.3978952727983707,3,2.3091636507987987,0.4150067641232935
16986,30,2,1873.2,7.535937180689723,1.0986122886681096,1,0.5372301317411795,-0.373919019019764
16987,3,7,1625.05,7.393909039942478,2.0794415416798357,1,1.4938388958167104,-0.21397493630833514
16988,5,1,126.12,4.845131522228461,0.6931471805599453,0,-1.026748100668827,-1.582186193010073
16989,7,6,1133.25,7.033726918544073,1.9459101490553132,1,1.1766153092760552,-0.34694113743943517
16990,219,1,179.0,5.19295685089021,0.6931471805599453,2,-1.8913516959996088,0.3927593551800457
16992,11,5,1614.31,7.38728216770102,1.791759469228055,1,1.1892798770616668,-0.2746882641469773
16996,30,6,1456.96,7.284793477350012,1.9459101490553132,1,1.1880906725702223,-0.07048027788486155
16997,288,3,702.0,6.555356891810665,1.3862943611198906,2,-0.9264597485393332,1.715134709854189
16998,150,4,295.0,5.69035945432406,1.6094379124341003,0,-0.4782153140348974,0.3488613661864283
16999,23,2,484.82,6.185838184926078,1.0986122886681096,0,-0.08855212793733547,-0.8407336653435337
17001,1,11,3989.57,8.291689356823657,2.4849066497880004,3,2.3123190009508128,0.21959437338452756
17002,86,3,1493.73,7.309700867507591,1.3862943611198906,1,0.4186227253790781,0.17621624090429414
17004,46,2,1412.94,7.254135412741511,1.0986122886681096,1,0.322200374598022,-0.31873906258454976
17006,5,4,781.78,6.6628516858853635,1.6094379124341003,1,0.697893064924328,-0.6263132636345655
17007,51,6,889.9300000000001,6.7922658609726465,1.9459101490553132,1,0.8459343411490793,-0.034910140103226454
17010,18,1,195.36,5.279949709189852,0.6931471805599453,0,-0.8771535116242786,-1.3379217477501422
17011,30,1,270.9,5.605434351638425,0.6931471805599453,0,-0.7761420730873775,-1.1352465232064335
17014,8,3,586.33,6.3755868424430115,1.3862943611198906,1,0.3393154698621479,-0.7861848249407167
17015,29,3,1842.56,7.519453763930569,1.3862943611198906,1,0.7966579268804106,-0.25896637845303944
17017,3,20,8694.26,9.070533328583988,3.044522437723423,3,3.1940886267782385,0.7213242327090682
17018,41,2,920.1,6.82556860799419,1.0986122886681096,1,0.13698558507527214,-0.49120220948394927
17019,11,4,1272.61,7.149610666818088,1.6094379124341003,1,0.9067046944588167,-0.4276261191734362
17022,31,1,71.0,4.276666119016055,0.6931471805599453,0,-1.4301771493383477,-1.525729330424365
17024,45,3,95.85,4.573163389853005,1.3862943611198906,0,-0.7201699988086148,-1.004321553648868
17025,61,3,357.77,5.882681514648826,1.3862943611198906,0,-0.15772323862707363,-0.4710357885138295
17026,185,2,154.82999999999998,5.048765669457523,1.0986122886681096,2,-1.4272532763613233,0.23358004206454924
17027,79,6,890.29,6.792669851506807,1.9459101490553132,1,0.7107711125010596,0.20994207025198056
17029,111,2,716.0,6.57507584059962,1.0986122886681096,0,-0.3238000287563585,0.04536530532783795
17030,64,1,146.87,4.996333509385396,0.6931471805599453,0,-1.2380989743443591,-1.0210753234648862
17031,12,2,380.35,5.943717588610248,1.0986122886681096,0,-0.15366842121887958,-1.0096221029124381
17033,86,3,1030.14,6.9384202652929305,1.3862943611198906,1,0.2372249116043066,0.06466644291219964
17034,16,3,745.52,6.615422408314929,1.3862943611198906,1,0.4178182803765879,-0.644204076466828
17035,246,2,433.53000000000003,6.07426498720113,1.0986122886681096,2,-1.2211143746617652,1.0748508828269148
17037,88,1,1267.32,7.145448469088846,0.6931471805599453,0,-0.3041220212833837,-0.1656128933299052
17038,30,1,112.4,4.730921391293652,0.6931471805599453,0,-1.203405814252418,-1.3979905057523545
17040,138,1,449.73,6.110868490605405,0.6931471805599453,0,-1.0513056152084095,-0.03942903787479258
17041,27,3,1081.57,6.987093122912967,1.3862943611198906,1,0.5462293110898186,-0.43639281492588894
17042,3,5,1044.3799999999999,6.9521357346628685,1.791759469228055,1,1.0153533786435807,-0.4753493951889213
17043,32,4,1735.18,7.459442576481153,1.6094379124341003,1,0.9565598578933789,-0.1509902146564434
17044,25,1,948.48,6.855914466312751,0.6931471805599453,0,-0.141019256520334,-0.8032466209631665
17045,113,3,339.44,5.83023889860876,1.3862943611198906,0,-0.4347292897592609,-0.032291848026485596
17046,157,1,642.02,6.466175827952961,0.6931471805599453,0,-0.9695637541396717,0.23338900641001722
17047,85,3,1100.9,7.004791241493732,1.3862943611198906,1,0.27448631030735865,0.07586695501528133
17048,118,3,925.35,6.831252132996021,1.3862943611198906,1,0.030167579086937645,0.31216057923588764
17049,3,9,5659.9800000000005,8.64135230108571,2.302585092994046,3,2.307031170695506,0.26059961826199396
17050,96,6,3228.84,8.080187879386058,1.9459101490553132,1,1.2576349038501464,0.745358379609972
17051,194,1,247.14000000000001,5.513993103014726,0.6931471805599453,2,-1.6136442480869477,0.2707037633126625
17052,28,1,413.75,6.027675929070554,0.6931471805599453,0,-0.5601774692526368,-1.0258664742456414
17053,131,1,498.48,6.213567557246944,0.6931471805599453,0,-0.9672894345575308,-0.06975621510394003
17054,28,5,1356.33,7.213274813763555,1.791759469228055,1,1.0220812922551339,-0.17838151270689095
17058,82,3,1179.89,7.074023670453844,1.3862943611198906,1,0.32281435345147236,0.07044640557108502
17059,30,5,3095.04,8.037879154522797,1.791759469228055,1,1.4152923962941537,0.08684839498472739
17060,266,1,234.24,5.460606269591755,0.6931471805599453,2,-1.9877977670156726,0.8839717552452445
17061,74,11,5232.2300000000005,8.56278395725042,2.4849066497880004,3,2.0918641611384956,0.9390919239631935
17062,314,4,538.37,6.290401791806313,1.6094379124341003,2,-0.9778770254267363,1.9625651789734315
17063,21,7,1461.14,7.287656394959027,2.0794415416798357,1,1.3549091498498347,-0.08857116191206384
17064,59,3,859.35,6.757339283199166,1.3862943611198906,1,0.2792798668035689,-0.22572907269633177
17068,12,21,4552.14,8.423572383818774,3.091042453358316,3,2.876963633954718,0.6264136190284991
17069,28,9,2709.7000000000003,7.904962183102404,2.302585092994046,3,1.8263928862127101,0.2578637732608388
17070,114,1,312.14,5.746650374883377,0.6931471805599453,0,-1.1132295081837855,-0.35862622496931074
17071,28,9,2429.03,7.795658881937399,2.302585092994046,3,1.7729902043827723,0.22502402593200874
17073,18,4,1446.09,7.277309922347601,1.6094379124341003,1,0.9352549977284759,-0.328076671395829
17075,18,4,834.12,6.727575427100043,1.6094379124341003,1,0.6666693646529575,-0.4932422403169236
17076,36,3,841.0799999999999,6.735875021605469,1.3862943611198906,1,0.37998207083592095,-0.4332068242733487
17078,36,2,378.2,5.938063770380866,1.0986122886681096,0,-0.2724541042224858,-0.8015514849656684
17079,78,1,118.80000000000001,4.785823685681349,0.6931471805599453,0,-1.4086287714440717,-0.9619567563072368
17080,22,2,287.62,5.665110944007932,1.0986122886681096,0,-0.3381312816929593,-1.0059245055774455
17081,25,2,290.16,5.673872944250057,1.0986122886681096,0,-0.34835332398621993,-0.9770708363577428
17082,33,2,2003.85,7.603324523974459,1.0986122886681096,1,0.5556508706659289,-0.32745159585059014
17083,109,3,1405.78,7.249058683836842,1.3862943611198906,1,0.2778054989648739,0.3590254336380385
17084,35,2,2949.75,7.989814654309178,1.0986122886681096,1,0.7348110399655137,-0.19385138111574426
17085,123,5,1566.65,7.3573329617086225,1.791759469228055,1,0.6332050620097025,0.6952369465444833
17086,7,6,2050.08,7.626121762674929,1.9459101490553132,1,1.4660436526255274,-0.16895843432975508
17088,28,4,1991.01,7.596899458212264,1.6094379124341003,1,1.043054859028348,-0.1446533822452591
17090,4,7,2043.95,7.623128618300249,2.0794415416798357,1,1.600995169487494,-0.13636642781433192
17091,3,9,3827.76,8.250296269962053,2.302585092994046,3,2.1159716090428415,0.14310837036153562
17092,50,4,1777.78,7.483683015038365,1.6094379124341003,1,0.8813855570690939,0.01361969391839294
17094,322,1,302.0,5.713732805509369,0.6931471805599453,2,-2.1348480985150595,1.449484294276967
17095,23,3,1324.16,7.18928848584704,1.3862943611198906,1,0.6643538099342502,-0.41060556022646943
17096,15,4,1022.13,6.930621835101851,1.6094379124341003,1,0.7803753540347057,-0.45845890557869406
17097,2,8,954.42,6.862151034377116,2.1972245773362196,1,1.3464034965208858,-0.32980981659902486
17100,18,2,971.74,6.880116831678181,1.0986122886681096,1,0.2748254649428614,-0.6758423085495623
17101,10,4,1621.73,7.391865195080271,1.6094379124341003,1,1.0298981123208704,-0.3635820849861176
17102,262,1,25.5,3.2771447329921766,0.6931471805599453,2,-3.035241691112718,0.1929977688939809
17105,159,2,665.78,6.50246015642561,1.0986122886681096,0,-0.5913248740350661,0.4430867791946737
17107,33,6,10815.43,9.28882155340966,1.9459101490553132,3,2.152702494188353,0.5578432434367323
17109,29,6,885.04,6.78676209631286,1.9459101490553132,1,0.9496001114843843,-0.22885223620067602
17110,165,1,163.29999999999998,5.101694025043222,0.6931471805599453,2,-1.6748876815748468,-0.10664109441797444
17111,47,1,248.61,5.519899699795292,0.6931471805599453,0,-0.9001152519800848,-1.0123584960746763
17114,6,8,808.62,6.696565001785386,2.1972245773362196,1,1.2461653414505358,-0.34459794185307374
17115,8,3,837.5,6.731614581263264,1.3862943611198906,1,0.5132611408181267,-0.6792176898195028
17117,288,1,116.19999999999999,4.763881877142913,0.6931471805599453,2,-2.434553512186086,0.8669321609377134
17118,318,1,157.02,5.062721607294587,0.6931471805599453,2,-2.43357760165054,1.2189289903456029
17119,3,2,606.91,6.410026844693401,1.0986122886681096,0,0.11766662864818102,-0.9481848013111093
17120,233,1,307.46,5.731592175295468,0.6931471805599453,2,-1.6958691260205894,0.6769556383289963
17122,119,1,138.32,4.9367734454978,0.6931471805599453,0,-1.5330853431826124,-0.5582486315382491
17123,162,1,345.29999999999995,5.847305451408376,0.6931471805599453,2,-1.2960988745756115,0.09115376808387368
17124,185,1,298.89,5.703415740750875,0.6931471805599453,2,-1.477588625510292,0.2489515684547481
17125,50,1,259.35,5.562026879608908,0.6931471805599453,0,-0.8940359561631152,-0.9734803897608485
17126,152,5,1004.75,6.9134888108298975,1.791759469228055,1,0.27615971589226396,0.8153569353730643
17128,335,1,157.09,5.063164491108096,0.6931471805599453,2,-2.515544446496094,1.3676486302175577
17131,5,5,2463.17,7.8096103157799615,1.791759469228055,1,1.424624006674964,-0.20024375294505703
17133,16,7,4892.240000000001,8.495609939749013,2.0794415416798357,3,1.969254616998824,0.23065179951717105
17134,107,2,425.0,6.054439346269371,1.0986122886681096,0,-0.55883192389638,-0.14601943112747395
17135,16,7,1139.73,7.039423687328594,2.0794415416798357,1,1.2578007972670298,-0.2068536379536707
17138,276,1,380.5,5.9441108507245115,0.6931471805599453,2,-1.79991338021389,1.1166426756441319
17139,16,12,10668.47,9.275141671084599,2.5649493574615367,3,2.793370073955063,0.6819679847142575
17140,247,1,465.32,6.144872093737295,0.6931471805599453,2,-1.5616318687537818,0.9234893823390098
17142,239,1,579.0,6.363028103540465,0.6931471805599453,2,-1.4163721932693152,0.9191104031035242
17144,1,2,984.57,6.893220154004312,1.0986122886681096,1,0.3634106253266248,-0.8204920440165396
17146,106,3,749.78,6.621112666105018,1.3862943611198906,1,-0.014489278707516637,0.14414035944077191
17147,23,4,1714.59,7.447512323761201,1.6094379124341003,1,0.9942398209066234,-0.23323809423778558
17148,52,1,124.88,4.835329072196206,0.6931471805599453,0,-1.258749765259741,-1.174333116661685
17152,195,3,1689.5,7.43277962214794,1.3862943611198906,1,-0.048183781514005944,1.1658969403689232
17153,24,1,213.78,5.369614248430071,0.6931471805599453,0,-0.8623516503229487,-1.2585400679170098
17154,75,1,329.34,5.800122427092944,0.6931471805599453,0,-0.8985664983717059,-0.683435845803721
17155,18,2,251.70000000000002,5.532203014394149,1.0986122886681096,0,-0.38372932664510345,-1.0808177183390946
17157,8,2,319.0,5.768320995793772,1.0986122886681096,0,-0.22002529539400853,-1.0972808675745722
17158,32,3,1266.97,7.145172475411292,1.3862943611198906,1,0.5992911354460564,-0.34519656017704387
17159,22,3,1538.88,7.33945977029367,1.3862943611198906,1,0.7425578073585157,-0.37422757480337615
17160,31,6,3518.03,8.165940662434437,1.9459101490553132,1,1.613761411834502,0.2029973183073525
17162,29,10,1715.46,7.448019309392898,2.3978952727983707,3,1.685324373447873,0.17193818807133285
17163,22,2,293.1,5.68391984555995,1.0986122886681096,0,-0.32894175333976966,-1.0002734450155266
17164,33,7,2467.35,7.811305190205457,2.0794415416798357,1,1.5527383156572756,0.1736417036557647
17165,284,1,158.68,5.073171812563154,0.6931471805599453,2,-2.264105457518227,0.924895559113583
17166,39,2,206.34,5.334359957894966,1.0986122886681096,0,-0.5819106305635247,-0.9567107625020013
17169,58,2,835.78,6.729561192451421,1.0986122886681096,0,0.007895692764298929,-0.3714606830531306
17171,289,1,224.91,5.420136689869131,0.6931471805599453,2,-2.11875919640599,1.0728417275671638
17172,79,1,317.76,5.764438468529548,0.6931471805599453,0,-0.9353379598065924,-0.6591954033648181
17173,5,8,3766.6,8.234193472948663,2.1972245773362196,3,2.0022439675928982,0.1086361033203186
17174,218,1,59.9,4.109233174715851,0.6931471805599453,2,-2.4159959135083366,0.05841844826209543
17175,44,4,1443.69,7.275650044659092,1.6094379124341003,1,0.8087520328677996,-0.1013253159229381
17176,202,1,306.13,5.7272711107251055,0.6931471805599453,2,-1.5481167531719853,0.40470539779456854
17179,178,3,711.79,6.569186846877494,1.3862943611198906,2,-0.38792898501213224,0.7578473073473352
17180,56,4,796.03,6.680892319236134,1.6094379124341003,1,0.46015755965199895,-0.17513329472332928
17181,57,2,239.92000000000002,5.4844649281755204,1.0986122886681096,0,-0.5955908733890587,-0.7542853499542672
17183,8,6,3347.31,8.116211019915529,1.9459101490553132,1,1.7006539035501844,-0.012972655900121035
17186,47,2,144.0,4.976733742420574,1.0986122886681096,0,-0.7953117339722274,-0.9942350585136981
17187,227,1,203.95,5.322766046950346,0.6931471805599453,2,-1.8666048393981405,0.501683113191471
17188,11,7,2474.23,7.814088599978061,2.0794415416798357,1,1.6604529787045588,-0.017810543447839562
17189,106,2,384.40000000000003,5.954281755980266,1.0986122886681096,0,-0.6029319475572428,-0.1848517724539986
17190,59,2,444.74,6.09973582239177,1.0986122886681096,0,-0.30465451606810845,-0.5519488537028697
17191,28,7,2095.13,7.647848066418356,2.0794415416798357,1,1.4970490554777127,0.08082971865510398
17193,36,7,1699.3000000000002,7.43855998506344,2.0794415416798357,1,1.3561220136499175,0.08787303214643424
17194,274,2,262.62,5.57450867228432,1.0986122886681096,2,-1.6006426075802542,1.1694318947841436
17197,30,1,1013.01,6.921668046035439,0.6931471805599453,0,-0.1330653457924095,-0.7397892818515891
17198,24,3,692.22,6.541347409127499,1.3862943611198906,1,0.3429527493108055,-0.5965365237566896
17201,54,1,342.63,5.839565497125275,0.6931471805599453,0,-0.7777752091097138,-0.8551334551436658
17203,36,6,3563.85,8.178877256226862,1.9459101490553132,1,1.5959103499331717,0.25058600153998434
17204,175,4,1564.56,7.355998866445309,1.6094379124341003,1,0.21471405566179697,1.067805854754901
17205,54,1,384.08,5.953451104909766,0.6931471805599453,0,-0.722133734307931,-0.8209169717971376
17206,53,1,204.24,5.324180026073764,0.6931471805599453,0,-1.0247445163780293,-1.0187193816115765
17211,27,8,2317.2200000000003,7.748554928800743,2.1972245773362196,3,1.65861914596705,0.1550164226751342
17212,253,1,226.85,5.428687517709892,0.6931471805599453,2,-1.9405464226649138,0.7607568620657796
17213,40,7,2781.23,7.931008043401064,2.0794415416798357,1,1.577381789718025,0.2707886637739307
17214,60,6,1069.1200000000001,6.975526070700374,1.9459101490553132,1,0.8919616320293937,0.09881315182180128
17217,234,1,113.5,4.740574822994295,0.6931471805599453,2,-2.184888117603212,0.3879487559149641
17218,4,10,1960.72,7.581576918422193,2.3978952727983707,3,1.871434749539175,-0.006444625418613162
17219,32,1,114.23,4.746930131025923,0.6931471805599453,0,-1.2052529852196052,-1.3756999690212075
17220,24,14,3198.25,8.070671686317706,2.70805020110221,3,2.2968713041625413,0.454004509867743
17221,7,2,335.13,5.817497989896762,1.0986122886681096,0,-0.19116441840962742,-1.0912462198292023
17222,65,1,354.15,5.872540235443819,0.6931471805599453,0,-0.8148420117789292,-0.7490820687735519
17223,310,2,426.79,6.058632420966027,1.0986122886681096,2,-1.5381477048348642,1.6295389008420318
17226,309,1,393.49,5.977593791422191,0.6931471805599453,2,-1.9430866518998946,1.4151352610544838
17227,19,6,939.32,6.84622024286434,1.9459101490553132,1,1.0269928524819212,-0.2983921386332777
17228,16,8,1906.09,7.553333799033199,2.1972245773362196,1,1.6164166829484277,0.0002187455396915099
17229,96,2,318.76,5.767570714403068,1.0986122886681096,0,-0.645810915555251,-0.3283522401405734
17230,264,8,3638.41,8.199576859581033,2.1972245773362196,1,0.7332455913736812,2.3619958829865686
17231,12,10,3174.32,8.063163693649658,2.3978952727983707,3,2.0680507622864353,0.208169323947264
17232,3,2,421.52,6.046236782954962,1.0986122886681096,0,-0.060071506548520025,-1.0574840958511245
17233,35,1,190.88,5.256870176633863,0.6931471805599453,0,-0.9706127826258851,-1.1962693254453103
17234,183,1,149.89000000000001,5.0165510945255605,0.6931471805599453,2,-1.8035037832773508,0.02510501073913751
17235,25,2,550.06,6.311843696146471,1.0986122886681096,0,-0.036657805944187376,-0.7853950308499608
17236,13,6,916.13,6.821249228838842,1.9459101490553132,1,1.04379852459153,-0.3583369030281881
17237,11,2,314.69,5.754760719420831,1.0986122886681096,0,-0.2411534075231174,-1.0751338386487104
17238,3,17,3744.65,8.228350445643704,2.8903717578961645,3,2.641884619467424,0.39936073528405336
17239,313,1,382.5,5.949339620807311,0.6931471805599453,2,-1.9762281168237006,1.4416079540872435
17242,108,2,1135.04,7.0353038099288,1.0986122886681096,1,-0.08444197813119779,0.1574178295745814
17243,1,26,8676.85,9.068529081120177,3.295836866004329,3,3.4322220771961995,0.8156238461440857
17244,53,1,954.9,6.862653305069717,0.6931471805599453,0,-0.2730874470452809,-0.5564911303521385
17245,205,1,171.45,5.15010733938285,0.6931471805599453,2,-1.8446065222619514,0.2575199713310256
17247,15,1,282.19,5.646118050461663,0.6931471805599453,0,-0.683750490139612,-1.2541290691468963
17248,120,1,318.65,5.767226647212736,0.6931471805599453,0,-1.1321823340391846,-0.30000184344791303
17250,4,2,384.52,5.954593072332077,1.0986122886681096,0,-0.10968049019118546,-1.0762777017023715
17251,363,1,283.28000000000003,5.6499596679586945,0.6931471805599453,2,-2.364212559104905,1.7886797682834141
17252,117,2,353.86,5.871723345495433,1.0986122886681096,0,-0.6964451696904383,-0.11351186665554164
17253,18,1,178.26,5.188837265929216,0.6931471805599453,0,-0.9216686247666604,-1.3652961233023935
17254,5,2,272.44,5.6110822193672805,1.0986122886681096,0,-0.2823450515020503,-1.170743800760906
17255,41,2,298.41,5.701813871561357,1.0986122886681096,0,-0.4120510497287828,-0.8288299042625373
17256,107,2,240.0,5.484796933490655,1.0986122886681096,0,-0.8371440352619566,-0.31716625564284834
17259,148,2,603.37,6.40418659316403,1.0986122886681096,0,-0.5861613381028503,0.31741661746148436
17262,52,5,1253.3600000000001,7.134380761332616,1.791759469228055,1,0.8675123814575975,0.007684364670766397
17263,208,1,63.440000000000005,4.165734558308774,0.6931471805599453,2,-2.34004776814368,-0.01200980198283524
17265,139,2,562.9,6.334876930813136,1.0986122886681096,0,-0.576515426426126,0.2179293197283247
17266,2,3,310.64,5.741848675462657,1.3862943611198906,0,0.058693724581238886,-1.0290312882966592
17267,127,2,317.62,5.763999170144749,1.0986122886681096,0,-0.7974194068704874,-0.05847330291479817
17268,108,4,763.64,6.639405134829848,1.6094379124341003,1,0.18850404063560905,0.2669021621491279
17272,42,4,2148.63,7.673051013288749,1.6094379124341003,1,1.012580176831691,0.0005914697340673273
17274,35,1,111.97999999999999,4.727210811897116,0.6931471805599453,0,-1.229390241602939,-1.3554034002894504
17277,228,2,1065.3500000000001,6.9719968810436015,1.0986122886681096,2,-0.695488947491172,1.1872439386407843
17278,241,1,246.04,5.509550266836412,0.6931471805599453,2,-1.8430273480936024,0.6801671145829197
17279,58,1,187.82999999999998,5.240847139393487,0.6931471805599453,0,-1.0896302824540867,-1.0000544854970366
17282,130,3,1703.41,7.440974288775877,1.3862943611198906,1,0.2700498964241858,0.6002338477516008
17284,60,6,1652.58,7.410697913471,1.9459101490553132,1,1.1045750042984097,0.22955882197896416
17286,22,1,153.92,5.0429088546465515,0.6931471805599453,0,-1.0123025896148257,-1.3741781934785537
17287,26,7,1064.11,6.97083335919483,2.0794415416798357,1,1.1759463155694958,-0.14005746359265286
17288,9,7,1419.73,7.258926103006179,2.0794415416798357,1,1.3988839833858113,-0.20208770794249442
17289,32,3,944.41,6.851618695836513,1.3862943611198906,1,0.45586857708304535,-0.43339363973373446
17290,4,2,525.24,6.265757382440746,1.0986122886681096,0,0.04234610436226076,-0.982789607447172
17291,308,1,550.8000000000001,6.313185661783185,0.6931471805599453,2,-1.774291094579762,1.5072221329072664
17293,8,9,1875.1100000000001,7.536955763241639,2.302585092994046,3,1.7432808990643978,-0.027510047356532827
17295,29,3,556.95,6.324269352631711,1.3862943611198906,1,0.21272265535240312,-0.6180548383629535
17297,17,1,131.78,4.888693623291013,0.6931471805599453,0,-1.0634765072954075,-1.4642134882140725
17298,101,2,498.42,6.21344742510144,1.0986122886681096,0,-0.4521389670065848,-0.15068840001727782
17299,12,4,669.11,6.507441878013575,1.6094379124341003,1,0.5881238199749627,-0.6118228214817322
17301,21,1,197.63,5.291443797604864,0.6931471805599453,0,-0.8860407284010824,-1.308247233374608
17302,15,5,1135.63,7.035823023024634,1.791759469228055,1,0.9982290698609598,-0.34532123554038224
17303,361,1,250.04,5.525612288984722,0.6931471805599453,2,-2.4152967618441625,1.7338393131076646
17306,11,19,8631.31,9.063267419175418,2.995732273553991,3,3.107319985587684,0.7672463730621516
17309,95,1,82.75,4.427836170705175,0.6931471805599453,0,-1.6657151629156475,-0.9209261213030836
17311,78,2,1384.85,7.234068948784864,1.0986122886681096,1,0.15769859741754003,-0.04507557227313819
17312,139,3,644.3,6.469715324941794,1.3862943611198906,1,-0.24799013211900417,0.38708639065117806
17313,31,1,2328.84,7.7535548746739895,0.6931471805599453,1,0.2685380952835275,-0.48111176618547513
17314,25,8,2527.92,7.835547613113086,2.1972245773362196,3,1.7107900694436091,0.16367225905515692
17315,2,38,6292.26,8.747234498421118,3.6635616461296463,3,3.6061357161740015,0.8922713680313002
17317,46,3,2600.34,7.863781975859922,1.3862943611198906,1,0.8827042945144256,-0.006927743042532233
17320,100,3,1200.6200000000001,7.091425925345387,1.3862943611198906,1,0.24429909821226842,0.23300180873414328
17321,8,2,700.86,6.5537339539375346,1.0986122886681096,0,0.16370655773222173,-0.8613066305724043
17323,15,7,921.07,6.826621142583566,2.0794415416798357,1,1.1586654489778976,-0.27952971320928977
17324,18,4,990.23,6.898946596200742,1.6094379124341003,1,0.7503967536775001,-0.4417544459618617
17325,280,1,96.8,4.582924577040772,0.6931471805599453,2,-2.484289970174217,0.7426411560528156
17329,14,2,523.11,6.261701585954275,1.0986122886681096,0,-0.007978523946839568,-0.8966042866405023
17330,23,2,363.9,5.899623343442402,1.0986122886681096,0,-0.22838907660995741,-0.9267257897890341
17331,124,1,175.2,5.171619713502079,0.6931471805599453,0,-1.4425172484746542,-0.44398805868044355
17333,86,1,494.25,6.20506268557866,0.6931471805599453,0,-0.7539008545962516,-0.4656288805340587
17334,302,2,307.02,5.73016471593032,1.0986122886681096,2,-1.6599538179689148,1.4609289744354599
17337,151,4,2027.8700000000001,7.615234266802261,1.6094379124341003,1,0.45739294595150304,0.9359228267121459
17338,17,8,6643.93,8.801609436855593,2.1972245773362196,3,2.221456606339053,0.38399864272955625
17339,94,2,243.36,5.498642547781566,1.0986122886681096,0,-0.7675334404601606,-0.4266314248363082
17340,30,11,12353.29,9.421758650158734,2.4849066497880004,3,2.724245844999227,0.8125904718504858
17341,157,3,781.36,6.662314992669317,1.3862943611198906,1,-0.2409085975505131,0.6022791680643779
17343,355,1,193.64,5.271151698475267,0.6931471805599453,2,-2.510613584715371,1.6049453072350752
17344,46,1,160.57,5.084938485288739,0.6931471805599453,0,-1.1077914094724741,-1.1517812706899417
17345,15,4,537.74,6.2892330797607725,1.6094379124341003,1,0.467009890542686,-0.6511616367904165
17346,4,15,2676.56,7.8926612110344125,2.772588722239781,3,2.36550840028913,0.2545745008892602
17347,86,1,228.96,5.43790538075509,0.6931471805599453,0,-1.128713481720477,-0.6961182782315766
17348,15,5,1159.52,7.056623459516872,1.791759469228055,1,1.0083916091445806,-0.33907182613139036
17349,179,1,110.75,4.716264233493678,0.6931471805599453,2,-1.9308787162492098,-0.10007654425329329
17350,8,4,1286.07,7.160123596171431,1.6094379124341003,1,0.9263439539953826,-0.4506887115368178
17351,36,3,587.15,6.37698201740645,1.3862943611198906,1,0.20463650752765544,-0.541034817118582
17353,129,2,1740.0,7.462214939768189,1.0986122886681096,1,0.02261497406301875,0.46922972573196153
17354,51,1,1393.06,7.239975632001093,0.6931471805599453,0,-0.07906919265253715,-0.460606893694566
17356,312,1,178.22,5.188614101456073,0.6931471805599453,2,-2.3430640374499543,1.204310574168871
17357,24,2,388.14,5.96393917604323,1.0986122886681096,0,-0.2018003811674743,-0.8986619637201347
17358,303,2,365.85,5.904953045160004,1.0986122886681096,2,-1.5793912029325143,1.5221838280159619
17359,11,1,127.86,4.858726543710496,0.6931471805599453,0,-1.049111779753735,-1.5256593008730004
17360,17,3,585.79,6.374667004542158,1.3862943611198906,1,0.2953572948132688,-0.7077977045920969
17361,49,3,488.2,6.192771403813017,1.3862943611198906,0,0.051790111466976485,-0.4827551425180557
17362,239,2,312.23,5.746937744970129,1.0986122886681096,2,-1.347197595460395,0.915323990880962
17364,1,11,4481.18,8.407864814197026,2.4849066497880004,3,2.3690792352752257,0.2544988330420939
17365,13,8,4801.56,8.47690438805764,2.1972245773362196,3,2.08215159716422,0.2514807391738268
17367,238,1,168.4,5.132262782217954,0.6931471805599453,2,-2.0128570423774796,0.5405914116994409
17368,23,8,1912.67,7.55677814335483,2.1972245773362196,1,1.5842593459335115,0.062436293503283787
17370,73,4,446.18,6.102961198121657,1.6094379124341003,1,0.09561258006878132,-0.20018385191729537
17371,17,3,423.89,6.051830311894415,1.3862943611198906,0,0.13762788502654333,-0.8047927203146544
17372,41,8,1342.68,7.203167397495829,2.1972245773362196,1,1.324477019867765,0.11352229848260423
17373,40,4,646.92,6.473767231940735,1.6094379124341003,1,0.436310677110954,-0.37720940358344723
17374,219,2,495.77,6.208127142322502,1.0986122886681096,2,-1.0251865906278763,0.8790787952288588
17375,199,3,400.1,5.9942107727760074,1.3862943611198906,2,-0.7703674369939673,0.7686461299861228
17376,71,2,203.2,5.319099905730565,1.0986122886681096,0,-0.7440641229534357,-0.681603204654355
17377,24,20,4100.92,8.319210435760528,3.044522437723423,3,2.725491815885406,0.6791403466158461
17379,11,1,404.66,6.005515370330642,0.6931471805599453,0,-0.48882130196045287,-1.181111104209854
17381,9,29,20275.61,9.917223283969056,3.4011973816621555,3,3.9043886306262734,1.1876487983330457
17382,65,1,65.4,4.1956970564823886,0.6931471805599453,0,-1.6341029289729765,-1.2528830127545216
17383,4,1,199.29,5.299766316313141,0.6931471805599453,0,-0.7997913413359151,-1.454333342502451
17384,19,2,336.4,5.821269170111868,1.0986122886681096,0,-0.24733360919448916,-0.9852285408438042
17385,15,1,261.11,5.568764262978113,0.6931471805599453,0,-0.7215434905091856,-1.277369710635418
17386,8,6,2686.42,7.896336904550998,1.9459101490553132,1,1.593229266779832,-0.07903296986832357
17387,20,2,784.11,6.6658238353540185,1.0986122886681096,0,0.1604589994583214,-0.7227450234482721
17388,78,4,1259.56,7.13931134565379,1.6094379124341003,1,0.5777741235351818,0.15488541204341852
17389,1,34,31833.68,10.36831154057086,3.5553480614894135,3,4.304188679022772,1.3221863569379122
17391,164,2,508.8,6.234018491942015,1.0986122886681096,2,-0.7466498588684453,0.4061364704012417
17392,307,2,457.91,6.128854112403284,1.0986122886681096,2,-1.4893363343918475,1.624415571421797
17394,219,1,203.86999999999998,5.3223756316411075,0.6931471805599453,2,-1.8281211265877546,0.43164271930688736
17396,39,8,7330.8,8.899976330900701,2.1972245773362196,3,2.163161287759916,0.6058411011461159
17397,22,2,696.41,6.547373473112078,1.0986122886681096,0,0.09291869237049363,-0.7408521955496215
17398,115,3,653.38,6.483688222474311,1.3862943611198906,1,-0.12513996853330941,0.18151520739129864
17400,126,5,2129.96,7.664327861392181,1.791759469228055,1,0.7686916714253972,0.8136935184982595
17402,5,13,2633.85,7.8765815333589115,2.639057329615259,3,2.230907025380771,0.19877136615055396
17403,36,1,281.62,5.6441032391546,0.6931471805599453,0,-0.7862553290304782,-1.0711862865469015
17404,4,15,31906.82,10.370606399796605,2.772588722239781,3,3.5761664233961223,0.9990633957927767
17405,1,3,1031.41,6.9396511539657,1.3862943611198906,1,0.6487424214337109,-0.6778966272752982
17406,333,3,2200.42,7.6968578856756675,1.3862943611198906,2,-0.5862965987419092,2.451411608101725
17408,163,1,32.65,3.5160130560907366,0.6931471805599453,2,-2.4399405560856486,-0.6005334844074854
17409,185,2,771.85,6.6500849805983275,1.0986122886681096,2,-0.6448913095265395,0.7146901367290724
17410,16,5,1214.72,7.1030917728535865,1.791759469228055,1,1.0262604820148586,-0.31637021709375096
17411,12,3,778.94,6.659216993647982,1.3862943611198906,1,0.45855237803750665,-0.6660077129634118
17412,3,7,1258.06,7.138120689779327,2.0794415416798357,1,1.3688675204421767,-0.29082554099716773
17414,44,2,778.0,6.658011045870748,1.0986122886681096,0,0.04061850060082493,-0.5153230599310777
17415,80,1,507.84,6.23213362528801,0.6931471805599453,0,-0.71166886994632,-0.5099378444276551
17416,30,7,6893.42,8.838467667762448,2.0794415416798357,3,2.069085467605164,0.4560274731362459
17418,42,2,463.46000000000004,6.1408754404446775,1.0986122886681096,0,-0.20237156829431094,-0.6881751942870721
17419,11,12,4226.57,8.349382638885205,2.5649493574615367,3,2.3652404040220767,0.36012538678861683
17420,50,3,598.83,6.3966462817363405,1.3862943611198906,1,0.1465636395212055,-0.41276134967784317
17422,16,6,1979.37,7.591038974917671,1.9459101490553132,1,1.4053943701525498,-0.10083543802253259
17423,46,2,698.41,6.550237122496749,1.0986122886681096,0,-0.02170558280606622,-0.5302225379275106
17425,19,2,759.17,6.63354209247732,1.0986122886681096,0,0.14952130707810543,-0.741184333137182
17426,8,6,5037.26,8.524816063361785,1.9459101490553132,3,1.9002874452336866,0.10979112379399904
17427,72,1,100.8,4.623010104116422,0.6931471805599453,0,-1.4591693066170535,-1.0633157784684197
17428,1,28,17256.85,9.756022391409203,3.367295829986474,3,3.833353321976252,1.0541334636829869
17429,128,3,524.9200000000001,6.265149109915909,1.3862943611198906,0,-0.2947583549033946,0.2294810193712832
17430,33,2,265.76,5.586349377764106,1.0986122886681096,0,-0.4297894668528964,-0.9334438528464386
17431,313,1,403.3,6.002157176646725,0.6931471805599453,2,-1.9504228657520128,1.4574767811931542
17432,18,2,365.76,5.9047076831817,1.0986122886681096,0,-0.20173346654388097,-0.9689001543551324
17433,88,1,303.15999999999997,5.7175538787401186,0.6931471805599453,0,-1.0017532884302947,-0.594618212103102
17434,2,7,2373.82,7.77267692412289,2.0794415416798357,1,1.6837291035646704,-0.10891600076320984
17436,2,2,216.29999999999998,5.381278887262384,1.0986122886681096,0,-0.380117916873231,-1.2660084695591427
17438,254,1,388.45000000000005,5.9647354873659575,0.6931471805599453,2,-1.6834819688911435,0.9305507550463539
17440,157,3,186.42000000000002,5.233352087695677,1.3862943611198906,0,-0.9390618147702978,0.17295287836005768
17442,37,6,2248.56,7.7184899205194295,1.9459101490553132,1,1.366143051973164,0.12100482250635969
17443,220,1,534.24,6.282715244436788,0.6931471805599453,2,-1.3637590763078977,0.7289133692191191
17444,148,3,2940.04,7.9865185392775535,1.3862943611198906,1,0.4495707540194815,0.9214674381671943
17446,177,2,120.9,4.803201036487226,1.0986122886681096,2,-1.5085551564754567,0.08987801789326266
17447,40,2,541.53,6.296243383424822,1.0986122886681096,0,-0.11679431449874214,-0.6589762801201825
17449,2,7,2520.86,7.8327520034852345,2.0794415416798357,1,1.7130801873370853,-0.09086667923319872
17450,8,46,194550.79,12.178453679089984,3.8501476017100584,3,5.423880689585173,2.0590473457284055
17451,1,7,1721.4,7.451473946050154,2.0794415416798357,1,1.5316321906244572,-0.21416056025375307
17453,18,2,486.71999999999997,6.189741470692064,1.0986122886681096,0,-0.06247354938712869,-0.8832628729349744
17454,192,4,517.53,6.25099788520506,1.6094379124341003,2,-0.40734321991288175,0.8843992292017305
17455,204,1,131.7,4.888090941338162,0.6931471805599453,2,-1.9677864485407224,0.17005778723685305
17456,365,1,249.86,5.524895014596528,0.6931471805599453,2,-2.434984432672969,1.7685853584057822
17457,127,5,1737.7,7.460892986533744,1.791759469228055,1,0.6644645023167934,0.7613126966346684
17458,15,1,316.5,5.760477818332746,0.6931471805599453,0,-0.6278773533480186,-1.2197701262655587
17459,43,2,657.3,6.489660754473831,1.0986122886681096,0,-0.036798660617366245,-0.5746436303429283
17460,94,6,622.4300000000001,6.435236489370733,1.9459101490553132,1,0.46362408018127577,0.2336584245146397
17461,23,3,757.46,6.6312900617355215,1.3862943611198906,1,0.3917306413123794,-0.5782539941017178
17462,60,2,675.69,6.517213265531828,1.0986122886681096,0,-0.10552046361299361,-0.41777900949236807
17463,16,5,1896.41,7.548245077314868,1.791759469228055,1,1.2437505306255991,-0.18262565599368155
17464,158,1,289.96000000000004,5.673185800678734,0.6931471805599453,2,-1.3618318688564313,0.0038786556539982093
17466,10,2,763.28,6.638934214171274,1.0986122886681096,0,0.19566452087614003,-0.8182277733939578
17468,10,2,137.0,4.927253685157205,1.0986122886681096,0,-0.6406169977163112,-1.3324954623052347
17469,16,5,1870.97,7.5347466312681,1.791759469228055,1,1.2371555493967532,-0.18668121106642827
17470,45,5,1125.07,7.02648897373005,1.791759469228055,1,0.8486394794766939,-0.08591400720143069
17472,191,3,710.29,6.567080222875004,1.3862943611198906,2,-0.4518042218083092,0.8708394100447099
17475,79,1,194.37,5.274895196603544,0.6931471805599453,0,-1.1745157642645356,-0.8062767557597436
17480,78,1,511.82,6.239924906405982,0.6931471805599453,0,-0.6981936426673407,-0.5250777584162832
17481,4,4,1255.59,7.136156981955326,1.6094379124341003,1,0.9339717342681744,-0.4928509341710109
17483,65,3,414.04,6.028374901128079,1.3862943611198906,0,-0.10587855997073428,-0.3923012354772707
17486,261,1,396.87,5.986125318762377,0.6931471805599453,2,-1.7068716188707753,0.9981599540849596
17489,59,2,376.64,5.933941360864316,1.0986122886681096,0,-0.3856572742990849,-0.6017611481811651
17490,1,7,2092.32,7.646506601347098,2.0794415416798357,1,1.6269199516184984,-0.1555637653485954
17491,1,10,3558.87,8.177479306325386,2.3978952727983707,3,2.177079707607618,0.14637074475746298
17492,248,1,374.57,5.92844487193968,0.6931471805599453,2,-1.6722067525464066,0.8672050608908363
17495,8,2,497.56,6.211723943242329,1.0986122886681096,0,-0.0033904246017148415,-0.9640621943609663
17496,359,1,271.05,5.605985872931934,0.6931471805599453,2,-2.366359754516814,1.7405064667926708
17498,76,1,272.22,5.610277331459341,0.6931471805599453,0,-0.9961540632931742,-0.7317336719001082
17499,290,1,622.88,6.435958042183625,0.6931471805599453,2,-1.627290245864979,1.3867816481028996
17500,17,3,1138.0,7.037905963447182,1.3862943611198906,1,0.6193981858212722,-0.508530165579737
17501,221,2,288.6,5.668500660511562,1.0986122886681096,2,-1.298502332382195,0.734430913010225
17502,9,4,689.1,6.536836514626557,1.6094379124341003,1,0.6169881787943976,-0.6292124790944293
17503,3,2,558.96,6.327865352606625,1.0986122886681096,0,0.07752471185502349,-0.9728698987558446
17504,206,9,2997.0299999999997,8.00571068528359,2.302585092994046,3,1.0151092009569103,1.8439221316949652
17505,162,2,1145.84,7.0447656130660885,1.0986122886681096,1,-0.34087179361200565,0.6322414833357478
17506,76,1,302.2,5.714392653768217,0.6931471805599453,0,-0.9452860897587897,-0.7004526324324926
17507,262,2,605.58,6.407836624054821,1.0986122886681096,2,-1.1354890757089304,1.314917360631408
17508,281,1,387.31,5.961803989689555,0.6931471805599453,2,-1.8154405208268811,1.1656604441830818
17509,58,8,6115.14,8.71868645756525,2.1972245773362196,3,1.9827360431007302,0.7174406220344259
17510,25,1,308.48,5.7348934696812535,0.6931471805599453,0,-0.6887202588662609,-1.1400529743606456
17511,3,31,91062.38,11.419311026583387,3.4657359027997265,3,4.726196665446674,1.6153631134866175
17512,29,10,2924.9900000000002,7.981388163939233,2.3978952727983707,3,1.9459141903495398,0.3321867645523614
17513,72,1,513.2,6.2426122948317895,0.6931471805599453,0,-0.6678748117575075,-0.5767126644781062
17514,128,1,208.65,5.345439473616771,0.6931471805599453,0,-1.3769307727611901,-0.3568030472074127
17515,31,4,639.02,6.461499425865447,1.6094379124341003,1,0.4738257205449772,-0.4595586997439876
17516,15,5,768.08,6.645194995304136,1.791759469228055,1,0.8073786192718901,-0.4626838915001964
17517,309,1,153.94,5.043037945203756,0.6931471805599453,2,-2.3996857479562013,1.1343516293857225
17519,17,6,1844.02,7.520245396524275,1.9459101490553132,1,1.365972205807159,-0.11336470357580977
17520,54,1,546.81,6.305928511499892,0.6931471805599453,0,-0.5499226611221492,-0.7150165200434712
17521,30,3,723.2099999999999,6.585081405576444,1.3862943611198906,1,0.3353141706911494,-0.5309544950216007
17522,2,5,1070.71,6.977010782644906,1.791759469228055,1,1.0323409719968812,-0.4766161716613447
17523,11,4,652.74,6.48270971889503,1.6094379124341003,1,0.5808746531478448,-0.6279938883965166
17524,361,1,145.0,4.983606621708336,0.6931471805599453,2,-2.680106295417986,1.5709958401801587
17525,360,1,422.70000000000005,6.049025657632514,0.6931471805599453,2,-2.1547366227874694,1.8823564160780732
17526,5,4,1195.8999999999999,7.087490159879325,1.6094379124341003,1,0.9053601137485611,-0.49873230273558755
17527,54,4,939.37,6.8462734148384685,1.6094379124341003,1,0.5506269731344029,-0.1429259681976826
17528,1,8,3628.5,8.196850176724896,2.1972245773362196,3,2.00333625730336,0.062454909140457586
17530,1,10,2385.0,7.777373602657861,2.3978952727983707,3,1.9815987169736295,0.02616055830179459
17531,190,1,296.7,5.69608626802173,0.6931471805599453,2,-1.5053411477596674,0.29045139163627387
17534,54,1,223.36,5.413251904640136,0.6931471805599453,0,-0.9860606762146239,-0.9832176988109571
17535,280,1,164.4,5.108366782589591,0.6931471805599453,2,-2.2275729028590687,0.9005082019902261
17536,177,1,76.5,4.350277936359301,0.6931471805599453,2,-2.1000212587340377,-0.2275164628726976
17537,30,2,897.62,6.80086025323236,1.0986122886681096,1,0.17809112258834223,-0.5947699933971173
17538,26,1,98.42,4.599353300666527,0.6931471805599453,0,-1.2483492495601578,-1.4724811691553457
17540,25,2,578.9,6.362855674882395,1.0986122886681096,0,-0.011734711756595607,-0.7700686822897971
17542,270,1,170.75,5.146039931102459,0.6931471805599453,2,-2.1608237316944825,0.824423082500849
17545,43,3,645.96,6.472284468787567,1.3862943611198906,1,0.21735859512767178,-0.4512188618444524
17548,234,1,103.3,4.647271362006727,0.6931471805599453,2,-2.2304737036527063,0.35991609769623784
17549,24,2,148.86,5.0097015249361645,1.0986122886681096,0,-0.6680154828988505,-1.1853589163282356
17550,197,3,267.16,5.591583817293718,1.3862943611198906,2,-0.9574116292820265,0.6301976695451778
17551,359,1,306.84,5.729580167477342,0.6931471805599453,2,-2.3059748739390513,1.7776398869263317
17552,60,4,930.41,6.836699567016301,1.6094379124341003,1,0.5169436015733826,-0.09336007180122474
17553,130,1,1487.6,7.305591359925811,0.6931471805599453,0,-0.4289213814662485,0.24959765842226408
17554,1,5,1952.45,7.577352319081822,1.791759469228055,1,1.3304861649761541,-0.30498630296713636
17555,20,2,483.26,6.182621952564336,1.0986122886681096,0,-0.07562057116041163,-0.867921130395613
17556,206,1,157.9,5.0682750735426705,0.6931471805599453,2,-1.8894218952959871,0.24167417551077083
17557,14,3,541.46,6.29611434997733,1.3862943611198906,1,0.27148148216734347,-0.7576197016613988
17560,95,4,854.95,6.7522119632207875,1.6094379124341003,1,0.30646444897240743,0.18716950086495052
17561,19,1,167.62,5.12764766249453,0.6931471805599453,0,-0.9563985427337972,-1.3749399123180468
17562,14,7,1122.38,7.024097276842117,2.0794415416798357,1,1.2599813361309595,-0.22893917154412471
17564,24,3,454.01,6.120319396731415,1.3862943611198906,0,0.1372496758644029,-0.723032735655857
17566,8,2,901.21,6.804847308929716,1.0986122886681096,1,0.2863938549772678,-0.7858606098123441
17567,7,8,4331.48,8.373895405306746,2.1972245773362196,3,2.060829996171566,0.168089773724765
17569,332,1,344.14,5.843950131819433,0.6931471805599453,2,-2.119570455176473,1.5760114472030036
17571,50,4,1498.51,7.312893667056457,1.6094379124341003,1,0.7979424303473137,-0.03769329456778847
17572,71,4,226.75000000000003,5.428248536140067,1.6094379124341003,0,-0.2243654418455333,-0.4203793937179756
17573,29,3,380.6,5.944372939574132,1.3862943611198906,0,0.02711538586817695,-0.7321932228670628
17574,243,1,185.65,5.229235205360593,0.6931471805599453,2,-1.9896504362187237,0.613428329642419
17576,8,19,3622.68,8.195245363043425,2.995732273553991,3,2.697730449595762,0.48023139650387286
17578,218,1,143.45999999999998,4.973002652622701,0.6931471805599453,2,-1.9939811517269277,0.317934593725946
17579,5,3,448.90000000000003,6.109025335847127,1.3862943611198906,0,0.2235835394300847,-0.8924933428239029
17580,253,3,215.72,5.37860619777684,1.3862943611198906,2,-1.3321880371851282,1.0556710466280832
17581,1,25,11045.04,9.309827271674928,3.258096538021482,3,3.5156579304189286,0.8712442540713408
17582,236,1,175.27,5.1720169104318625,0.6931471805599453,2,-1.9837656192869348,0.5350546095231088
17584,7,2,1242.3,7.125524413958892,1.0986122886681096,1,0.44790245518728533,-0.6982548205960899
17585,109,4,1133.07,7.0335682107776405,1.6094379124341003,1,0.3762473142216086,0.3940672963502791
17588,100,3,1240.2,7.123833932574225,1.3862943611198906,1,0.260132787408639,0.24273866715911727
17589,60,4,2404.17,7.785375866112405,1.6094379124341003,1,0.9804415748299535,0.19166599444845847
17590,2,3,1479.22,7.299946004359693,1.3862943611198906,1,0.8199385820403523,-0.5609070683569427
17591,73,7,2225.9700000000003,7.708397196129362,2.0794415416798357,1,1.309087913880212,0.49233887690678296
17593,4,5,3927.34,8.275972223773232,1.791759469228055,1,1.6573103215306182,-0.06886753714517242
17594,85,2,993.18,6.901918276781504,1.0986122886681096,1,-0.03842152653518038,-0.0836862282472311
17595,12,2,388.79,5.965608132562755,1.0986122886681096,0,-0.14297328446344654,-1.0030451750005744
17596,23,7,2827.93,7.947653827269738,2.0794415416798357,1,1.6676977024636552,0.12720324695734408
17597,214,1,2044.3700000000001,7.623333981206562,0.6931471805599453,2,-0.6797626222670594,1.079254679379795
17600,18,1,161.67000000000002,5.091723608778362,0.6931471805599453,0,-0.9691157711830318,-1.3944735399862525
17601,239,1,116.00999999999999,4.7622594012308666,0.6931471805599453,2,-2.19846514729376,0.4381657366987253
17602,2,6,5102.97,8.537773947264405,1.9459101490553132,3,1.9356241666952068,0.06124194774037847
17603,78,1,394.72,5.980706890455022,0.6931471805599453,0,-0.8248406614021135,-0.6029587927142266
17604,217,2,309.36,5.737732914025749,1.0986122886681096,2,-1.2453400675397388,0.7202699239616079
17608,33,2,193.42,5.270020767392923,1.0986122886681096,0,-0.5843392009716969,-1.0284835408224455
17609,41,5,1112.22,7.015011995713845,1.791759469228055,1,0.8623693633551955,-0.12432376771726045
17611,7,15,3984.22,8.290347796726813,2.772588722239781,3,2.5453045520601787,0.40027903353234756
17612,53,6,2048.45,7.625326743452606,1.9459101490553132,1,1.2432770862463263,0.23286050231848834
17613,23,14,4559.150000000001,8.425110796704255,2.70805020110221,3,2.4748751209929485,0.5517539609261678
17614,57,1,390.07,5.968886572094735,0.6931471805599453,0,-0.7290952983900781,-0.7900582856577771
17615,130,3,329.6,5.8009091853869235,1.3862943611198906,0,-0.5312422325705968,0.1074827320573128
17616,174,3,571.1999999999999,6.3494885806160095,1.3862943611198906,2,-0.4759304769280019,0.6568782789816175
17618,6,3,971.58,6.879952334320048,1.3862943611198906,1,0.5954036310550498,-0.6521309685900278
17619,312,1,218.52,5.39144334453752,0.6931471805599453,2,-2.243967071314099,1.2652498232372713
17620,60,1,81.44,4.412070756022258,0.6931471805599453,0,-1.5042169650638106,-1.2315763194279001
17621,21,3,1379.9,7.230490739491305,1.3862943611198906,1,0.6941527485415536,-0.41570727880764513
17623,33,1,527.0500000000001,6.269190976192483,0.6931471805599453,0,-0.466351186680102,-0.9096022929068369
17624,15,2,843.48,6.7387210533149595,1.0986122886681096,1,0.2202461757355214,-0.7445452752226839
17625,18,4,2047.0,7.6246189861593985,1.6094379124341003,1,1.1049409562833419,-0.22372902792096164
17628,81,1,75.75,4.340553386467307,0.6931471805599453,0,-1.6406789028246886,-1.0695153073438974
17629,6,8,1814.12,7.503906860215884,2.1972245773362196,1,1.6406110712155435,-0.1020352529291436
17630,170,2,503.59999999999997,6.223766036206957,1.0986122886681096,2,-0.7806647801820631,0.4554984817168544
17631,2,3,528.33,6.271612055889925,1.3862943611198906,1,0.3175220028543886,-0.8698659623470311
17633,31,4,1324.84,7.189801499815289,1.6094379124341003,1,0.8296547167114687,-0.24074320348125208
17634,36,9,2361.9700000000003,7.767674581380544,2.302585092994046,3,1.7206433611155632,0.286539347932778
17636,19,1,285.56,5.657947938312402,0.6931471805599453,0,-0.6973079516721514,-1.2156132782580362
17637,31,2,547.0600000000001,6.3063847700056215,1.0986122886681096,0,-0.06833073636609857,-0.734592822403893
17639,276,1,108.5,4.695924549256556,0.6931471805599453,2,-2.409743963657617,0.7416300061032934
17640,87,1,621.66,6.434000623425246,0.6931471805599453,0,-0.6468821829781869,-0.38810498982493774
17642,120,2,712.29,6.569888069839022,1.0986122886681096,0,-0.36984340213091677,0.1224701420195458
17643,373,1,101.55,4.63035048451839,0.6931471805599453,2,-2.910709524633177,1.5697460645863737
17644,1,11,2895.64,7.971306723565063,2.4849066497880004,3,2.155788579221664,0.12333667016223902
17646,219,3,1008.39,6.917101466981717,1.3862943611198906,2,-0.4161537718593147,1.2207327504183954
17647,65,1,133.06,4.8982874609298115,0.6931471805599453,0,-1.2908359697360139,-1.0417924865600474
17648,61,4,1797.5,7.494708263135679,1.6094379124341003,1,0.8335948180674869,0.1130764422018336
17649,138,1,868.49,6.767906832865638,0.6931471805599453,0,-0.7302941803495057,0.15797555023189913
17650,21,1,166.08,5.118472739628975,0.6931471805599453,0,-0.9705497805195522,-1.3602157080554742
17651,12,10,3945.0,8.28045768658256,2.3978952727983707,3,2.1742148199541442,0.2734544502694483
17652,25,12,4867.72,8.490586347854247,2.5649493574615367,3,2.3665484716568463,0.5249149027831939
17653,37,4,1207.56,7.09718484723547,1.6094379124341003,1,0.75539884245866,-0.21612719145838497
17654,277,1,117.55,4.775334812511415,0.6931471805599453,2,-2.375780531413686,0.7742288945487867
17655,11,7,2638.94,7.878511468609366,2.0794415416798357,1,1.6919282765173476,0.0015450542834376285
17656,73,5,1674.69,7.4239802997335635,1.791759469228055,1,0.9074825471504636,0.27824153274495056
17658,26,2,595.42,6.39094511686889,1.0986122886681096,0,-0.0028452659360778615,-0.7528889329297455
17659,17,12,2999.46,8.006520889229225,2.5649493574615367,3,2.1687214402173236,0.30955624273048177
17660,141,1,196.0,5.2832037287379885,0.6931471805599453,0,-1.4701834965741873,-0.2618765026005593
17663,26,7,1802.91,7.4977118102428095,2.0794415416798357,1,1.4333650941834228,0.01824109666126857
17664,19,2,604.64,6.406285750140171,1.0986122886681096,0,0.0384899108227852,-0.8094626081909232
17666,4,2,728.16,6.591893186664721,1.0986122886681096,0,0.2016873721985521,-0.8848033866153608
17667,66,5,2055.51,7.628765650289339,1.791759469228055,1,1.041375367216311,0.2785857783708349
17668,1,2,347.75,5.854355333135575,1.0986122886681096,0,-0.1441510576404663,-1.1326148972379433
17669,43,7,3406.7200000000003,8.133798724949507,2.0794415416798357,3,1.6619569934662328,0.35793748785841284
17670,228,1,205.7,5.331268466687723,0.6931471805599453,2,-1.8672850909794108,0.5129780186837771
17671,16,4,1572.71,7.361191168037922,1.6094379124341003,1,0.985905755162526,-0.3203556545234265
17672,50,2,3178.17,8.064375435416844,1.0986122886681096,1,0.6987248405588734,-0.040344084032037715
17673,2,6,1629.12,7.396408910722918,1.9459101490553132,1,1.3779836082803494,-0.28167669250636207
17674,74,2,551.04,6.313620507419839,1.0986122886681096,0,-0.27267076668944823,-0.3565822371581226
17675,1,31,20374.28,9.922077680345927,3.4657359027997265,3,4.004356943732918,1.148044464187814
17676,4,6,1387.68,7.236108934642959,1.9459101490553132,1,1.2899966944690555,-0.31235741663771754
17677,2,30,16363.23,9.702853134193733,3.4339872044851463,3,3.8634295601439317,1.0767223438418134
17678,264,1,298.11,5.700811398711247,0.6931471805599453,2,-1.8607713235757084,0.9386596686208522
17679,53,2,1992.1100000000001,7.597451511865824,1.0986122886681096,1,0.45609532503699424,-0.15440838141304986
17680,24,1,184.4,5.2225156531317545,0.6931471805599453,0,-0.9342201062489792,-1.3027352628519744
17682,10,6,2474.33,7.814128999448025,1.9459101490553132,1,1.5433960589899993,-0.08625123813663199
17684,44,1,239.41,5.482345799133678,0.6931471805599453,0,-0.90396016540539,-1.0498625786379385
17685,17,7,3191.53,8.068568984886818,2.0794415416798357,3,1.7557794725920737,0.11108940957423821
17686,7,7,5739.46,8.655294625475447,2.0794415416798357,3,2.0907810682465064,0.19996495383291363
17690,30,15,4757.95,8.467782334657008,2.772588722239781,3,2.5208052710260223,0.6546174417510713
17691,358,2,290.40000000000003,5.674696893761104,1.0986122886681096,2,-1.9577751339104543,1.9337255511983444
17692,127,4,740.9399999999999,6.6092683773641365,1.6094379124341003,1,0.08192818266795632,0.4239150427458902
17693,137,1,200.47,5.305640486927818,0.6931471805599453,0,-1.4398842644237493,-0.2900970143369628
17694,142,1,283.12,5.649396684129609,0.6931471805599453,0,-1.2961056789523349,-0.14311488121220944
17695,132,2,765.34,6.641625935491769,1.0986122886681096,0,-0.3928058805953285,0.24890814457029323
17696,38,8,2285.71,7.734869382309582,2.1972245773362196,1,1.598755370862159,0.24704890982528024
17697,236,1,338.95,5.828798547972468,0.6931471805599453,2,-1.6628796035171196,0.7323820717055071
17698,261,1,154.95,5.049535443053812,0.6931471805599453,2,-2.164464487562825,0.7167652062485864
17700,17,4,2534.64,7.838201349644471,1.6094379124341003,1,1.2141259180727275,-0.16829943297394986
17701,253,1,417.95,6.037751581059295,0.6931471805599453,2,-1.6429739427633556,0.9437477665881472
17702,30,4,1824.37,7.509537985193698,1.6094379124341003,1,0.9907037552120277,-0.15342001974291544
17703,35,3,798.74,6.684286674843982,1.3862943611198906,1,0.3596116859982322,-0.45744672723434243
17704,169,2,885.19,6.7869313745672155,1.0986122886681096,2,-0.5006828874542385,0.6159589077824185
17705,3,9,1823.52,7.5090722177237925,2.302585092994046,3,1.7538292784409326,-0.07958948350117476
17706,4,17,10504.49,9.259653256646303,2.8903717578961645,3,3.1409173983994565,0.7179519992483978
17707,185,2,152.4,5.0330488889331555,1.0986122886681096,2,-1.4349320767341198,0.22885799711493024
17708,188,2,267.08,5.591285443429055,1.0986122886681096,2,-1.1766954861983103,0.4227991370055809
17709,170,1,137.45,4.9305092496169705,0.6931471805599453,2,-1.7826955406970972,-0.11437095306407098
17711,11,2,385.1,5.956096403270191,1.0986122886681096,0,-0.14278615464948904,-1.0146433235826648
17712,45,1,522.91,6.261319913844147,0.6931471805599453,0,-0.5282084671088791,-0.8070824799515525
17714,321,1,153.0,5.0369526024136295,0.6931471805599453,2,-2.460670573368633,1.237407954765304
17715,201,1,326.4,5.791182664937034,0.6931471805599453,2,-1.5120569625499098,0.4151669862253668
17716,23,11,5655.99,8.640647227620185,2.4849066497880004,3,2.3764557595209976,0.5167259060713906
17718,232,1,139.35,4.9441393028078915,0.6931471805599453,2,-2.0757633195487895,0.4316281301856696
17719,38,15,5396.04,8.593605934116098,2.772588722239781,3,2.5436048712782355,0.7623437429250733
17720,26,4,1195.94,7.087523578988375,1.6094379124341003,1,0.8038559856876535,-0.31517413735557237
17722,96,4,2424.04,7.793603298080906,1.6094379124341003,1,0.8104262119694638,0.5087918221795362
17723,127,6,3276.4000000000005,8.094805704112124,1.9459101490553132,1,1.1149132537758175,1.020702241272168
17724,71,3,1033.0,6.9411900550683745,1.3862943611198906,1,0.31109276836788263,-0.06560718801935808
17725,16,11,3439.08,8.143250005910986,2.4849066497880004,3,2.167280876292266,0.30610215707944477
17727,15,1,1060.25,6.967202737625557,0.6931471805599453,0,-0.03830369697720984,-0.8572143660771687
17728,4,3,2876.01,7.964506839388399,1.3862943611198906,1,1.1349566916832243,-0.34376160307275727
17730,3,13,5298.4800000000005,8.575363981519251,2.639057329615259,3,2.5819821334278115,0.39123703305713486
17731,79,4,1240.11,7.123761419471479,1.6094379124341003,1,0.5653425363334652,0.15895388471759975
17732,373,1,303.97,5.7202134111139475,0.6931471805599453,2,-2.3782315254612563,1.8971910982768698
17733,39,2,692.19,6.541304131886272,1.0986122886681096,0,0.007770147813469118,-0.5940891281010076
17734,54,3,700.63,6.553406199550885,1.3862943611198906,1,0.20381513064853726,-0.330701900787417
17735,2,19,13110.02,9.481208376934894,2.995732273553991,3,3.355023573106361,0.814151609494862
17736,9,3,377.44,5.936057539836243,1.3862943611198906,0,0.11973885135464427,-0.9094992898906731
17737,9,2,168.24,5.131317825851867,1.0986122886681096,0,-0.5360823860796208,-1.2799255799938436
17738,19,4,1879.05,7.539053651215015,1.6094379124341003,1,1.0583017051093402,-0.2406964096845177
17739,12,7,2791.35,7.934638814191774,2.0794415416798357,1,1.7145162952899367,0.027148681604227974
17742,113,2,355.11,5.875239671888878,1.0986122886681096,0,-0.6753899566001571,-0.14741694777752726
17744,4,6,2322.4,7.750786909079374,1.9459101490553132,1,1.541454645150829,-0.15772444164009353
17746,240,1,110.25,4.711779921046349,0.6931471805599453,2,-2.2279623842879337,0.4317397621282662
17747,113,1,71.4,4.282206299391671,0.6931471805599453,0,-1.8238835729177008,-0.807353079825272
17749,178,2,674.52,6.515482764659955,1.0986122886681096,2,-0.6768142154026148,0.6130667216217353
17750,5,9,1797.57,7.494747183701588,2.302585092994046,3,1.7371618335090444,-0.06641260989830844
17752,359,1,80.64,4.402319337941644,0.6931471805599453,2,-2.9544391657726043,1.3788695861500837
17754,1,5,1772.26,7.480574939429047,1.791759469228055,1,1.283203314789129,-0.33406268639809633
17757,1,30,5605.29,8.631644460675744,3.4339872044851463,3,3.34489983961595,0.7461415202943956
17758,19,8,3456.7000000000003,8.14835890712986,2.1972245773362196,3,1.8926271809690558,0.2052128617994485
17759,17,3,834.99,6.728616651290672,1.3862943611198906,1,0.4682876653296676,-0.6014549240679955
17760,22,2,287.59,5.665006995704794,1.0986122886681096,0,-0.3381820680653749,-1.0059557364366594
17761,33,1,712.78,6.570574791610563,0.6931471805599453,0,-0.3191030813445843,-0.819052709849072
17763,263,1,15.0,2.772588722239781,0.6931471805599453,2,-3.2865886273374043,0.0501462850034504
17764,51,2,818.8199999999999,6.7090848039668485,1.0986122886681096,0,0.03173162662256229,-0.4387954417582368
17765,159,3,371.88,5.921256652064486,1.3862943611198906,0,-0.6126385806948911,0.39711187539553316
17767,15,1,271.2,5.6065370902173655,0.6931471805599453,0,-0.7030886931391603,-1.26602101311932
17768,8,3,2273.1800000000003,7.72937482685066,1.3862943611198906,1,1.0007402230576292,-0.37944454472137285
17769,13,10,3997.98,8.293794607584,2.3978952727983707,3,2.1758965769312564,0.28620186266941916
17770,199,5,1143.27,7.042522158078838,1.791759469228055,1,0.11198952418267615,1.2649226814607528
17771,57,2,245.81,5.508618809848949,1.0986122886681096,0,-0.5837899301035777,-0.7470284111179147
17772,11,2,182.77,5.213684975707333,1.0986122886681096,0,-0.5055086052111458,-1.2376979196958713
17774,97,4,1225.41,7.111846481470871,1.6094379124341003,1,0.4725036814638805,0.3127010524778186
17775,255,1,56.4,4.050044303325521,0.6931471805599453,2,-2.6237833940806685,0.3640296994530635
17777,25,3,665.86,6.502580128832101,1.3862943611198906,1,0.3191777812466713,-0.5994436138934318
17779,21,3,658.57,6.491588107540731,1.3862943611198906,1,0.33314460206487784,-0.6377076710669172
17781,159,2,188.02,5.24185282956691,1.0986122886681096,2,-1.207224039670489,0.06434226138347766
17783,72,2,283.47,5.650627799851681,1.0986122886681096,0,-0.5869227310196734,-0.5732565647087272
17785,53,1,131.94,4.889897898613436,0.6931471805599453,0,-1.2369231974425836,-1.1491977402998876
17786,85,2,278.74,5.6338606003511575,1.0986122886681096,0,-0.6579607345431184,-0.46466917431115634
17787,153,4,1865.19,7.531654198303087,1.6094379124341003,1,0.40688933567167296,0.9282922973433508
17788,74,2,1117.9,7.020101338813675,1.0986122886681096,1,0.07249695153820868,-0.14432284747499113
17789,281,1,225.9,5.424509391785796,0.6931471805599453,2,-2.077948351377066,1.004232393536483
17790,27,14,1965.55,7.584036017432181,2.70805020110221,3,2.044611154861155,0.3340178960580792
17791,30,1,106.1,4.673762977453703,0.6931471805599453,0,-1.23133189293133,-1.4151635265871692
17793,25,1,323.04,5.78086696496229,0.6931471805599453,0,-0.6662588335027477,-1.126240418355834
17795,180,2,350.39,5.861896717749893,1.0986122886681096,2,-1.0058075655329095,0.4341801358720071
17796,40,4,697.9,6.5495076704830835,1.6094379124341003,1,0.4733154381568355,-0.3544534864446713
17797,22,3,780.43,6.6611255745126075,1.3862943611198906,1,0.4111417856504639,-0.5780304184185644
17799,22,10,3055.93,8.025166423362391,2.3978952727983707,3,2.0011432338553448,0.2841570623231563
17800,37,9,1199.01,7.090085169074703,2.302585092994046,1,1.3847569133608346,0.09170065847848315
17802,82,3,1285.04,7.159323008512906,1.3862943611198906,1,0.3644893382151605,0.09607425650806019
17805,74,1,512.31,6.240879951161022,0.6931471805599453,0,-0.6783898035699286,-0.5597523665419979
17806,11,1,546.04,6.304521925890991,0.6931471805599453,0,-0.3427346624768933,-1.091275759534926
17809,16,12,5411.91,8.596542120019182,2.5649493574615367,3,2.461824406722391,0.4780854161465958
17811,4,39,7837.7300000000005,8.966832110426772,3.6888794541139363,3,3.7268711986126526,0.9870509755856574
17812,13,4,732.16,6.597363959103647,1.6094379124341003,1,0.627223046447658,-0.576065698673729
17813,14,5,1770.8799999999999,7.479796408781624,1.791759469228055,1,1.219976949034587,-0.2206715632709209
17816,37,4,36.56,3.6259396543400624,1.6094379124341003,0,-0.9405591077047472,-1.2590491694415955
17817,4,3,387.68,5.9627563829712384,1.3862943611198906,0,0.15695473211199695,-0.9451796618455025
17819,72,7,3704.87,8.217673327978565,2.0794415416798357,3,1.5627409755598936,0.6366085026331819
17824,51,1,298.4,5.701780471985528,0.6931471805599453,0,-0.8305903804587234,-0.922751585199212
17827,5,5,1995.46,7.599130891241214,1.791759469228055,1,1.3217893656294666,-0.26348146897099395
17828,23,4,1820.09,7.507190501900052,1.6094379124341003,1,1.0233969893120711,-0.21530802012075376
17829,299,1,889.24,6.7914910892950235,0.6931471805599453,2,-1.4970950348515595,1.572263637075512
17830,2,3,398.7,5.990714265717278,1.3862943611198906,0,0.18028282384114533,-0.954260599619431
17831,33,1,35.400000000000006,3.594568774642695,0.6931471805599453,0,-1.773100360056226,-1.7131820234620914
17832,50,1,155.37,5.052224993855419,0.6931471805599453,0,-1.1431115797812645,-1.1266483630742274
17835,3,3,350.64,5.862607924982978,1.3862943611198906,0,0.1128591702501026,-0.9840092594081238
17836,47,1,110.21000000000001,4.71142030583075,0.6931471805599453,0,-1.2951167513105792,-1.2552629530798753
17837,42,8,1593.38,7.374240224916247,2.1972245773362196,1,1.403224339676629,0.1736608441445384
17838,27,5,2779.3,7.930314114531487,1.791759469228055,1,1.3772419048275124,0.028309740717908687
17839,42,1,338.8,5.828357209237832,0.6931471805599453,0,-0.7252395910580419,-0.9633855839051797
17841,2,124,40991.57,10.62114610975201,4.8283137373023015,3,5.585069800357333,1.9761335197810759
17843,303,1,205.48,5.330203555410359,0.6931471805599453,2,-2.2303784345084754,1.1681870872036983
17844,107,1,51.559999999999995,3.961955374176355,0.6931471805599453,0,-1.9513438011054456,-0.956013533237795
17846,85,1,2033.1,7.617808739608441,0.6931471805599453,1,-0.058836451421099174,-0.04991526686425409
17848,81,9,901.1999999999999,6.804836224974295,2.302585092994046,1,1.0326823500963926,0.39057575737110845
17849,218,4,605.8000000000001,6.408199247474378,1.6094379124341003,2,-0.45623081394619125,1.1588798199763453
17850,372,34,5391.21,8.59271059842128,3.5553480614894135,3,1.643149297451073,4.031397568148385
17852,12,2,114.34,4.747884288187267,1.0986122886681096,0,-0.7379207226908054,-1.368905519009892
17854,185,2,311.26,5.743836174113374,1.0986122886681096,2,-1.087660339881972,0.4424112439160145
17855,373,1,208.97,5.346964663369558,0.6931471805599453,2,-2.5605909227234327,1.785049978694176
17856,2,4,1418.03,7.25772881858561,1.6094379124341003,1,1.0030371106066498,-0.47380592735548505
17857,4,23,26879.04,10.199139282731217,3.1780538303479458,3,3.862572095172701,1.1288622893379305
17858,6,12,5155.66,8.548044362073345,2.5649493574615367,3,2.4864727680160588,0.3761105864193896
17859,305,1,148.21,5.00535470965233,0.6931471805599453,2,-2.398759543547491,1.0880683017706545
17860,369,1,252.8,5.536546555280287,0.6931471805599453,2,-2.4486290298813027,1.8070475655891363
17861,3,8,2100.8,7.650549399431497,2.1972245773362196,3,1.7267596325355385,-0.08419823892930549
17862,324,1,330.9,5.804833718725929,0.6931471805599453,2,-2.1000072334782263,1.4943359794575466
17863,59,6,3160.0,8.058643712215618,1.9459101490553132,1,1.4259783719775432,0.4154912042230635
17864,13,3,597.5,6.394426524998027,1.3862943611198906,1,0.32434849991085535,-0.7368225818854909
17865,31,20,10526.32,9.261729061813442,3.044522437723423,3,3.152141162177044,1.0234990724428896
17866,143,1,329.65,5.801060414120672,0.6931471805599453,0,-1.2268411272170667,-0.08880772260507688
17867,30,6,1197.1000000000001,7.088492247645854,1.9459101490553132,1,1.092183119907275,-0.12945821098581653
17869,107,5,428.18,6.061876411348347,1.791759469228055,1,0.07762841258973681,0.16617592619379215
17870,2,12,1894.35,7.547158797032136,2.5649493574615367,3,2.0168039675955227,0.040436903802744395
17871,205,1,155.9,5.055608659738987,0.6931471805599453,2,-1.8907760603141668,0.22912821436361486
17873,80,5,1859.16,7.528417784512985,1.791759469228055,1,0.9246677687718312,0.3708020729075814
17874,185,6,683.46,6.528630206205813,1.9459101490553132,1,0.06933178792810327,1.0570934069548505
17877,170,1,237.61,5.474830419933934,0.6931471805599453,2,-1.516754714007382,0.04916820365323107
17878,44,1,379.45,5.941354762622532,0.6931471805599453,0,-0.6797006108171807,-0.9119551392287044
17879,174,1,178.51999999999998,5.190286622334331,0.6931471805599453,2,-1.6751124648100322,-0.0013603146541211904
17880,365,1,458.92,6.131052561315036,0.6931471805599453,2,-2.1388319993868268,1.9507030114275243
17881,304,1,133.35000000000002,4.9004483350615,0.6931471805599453,2,-2.4451796967418726,1.0478092068609755
17883,3,4,671.77,6.511403517890506,1.6094379124341003,1,0.6335681384558042,-0.6892960443793689
17884,4,4,717.45,6.577096113675216,1.6094379124341003,1,0.6608294837220379,-0.6608185752218491
17885,12,1,190.19,5.253267697994312,0.6931471805599453,0,-0.8611837871622684,-1.398380574521446
17886,32,3,899.61,6.803072311514464,1.3862943611198906,1,0.4321501066588941,-0.4479792101407771
17887,129,1,111.35,4.721618998631338,0.6931471805599453,0,-1.6865471497911477,-0.5354870707282762
17888,21,8,726.05,6.588995250959495,2.1972245773362196,1,1.1210950148977055,-0.2458110474087559
17889,212,2,203.87,5.3223756316411075,1.0986122886681096,2,-1.4241010362506656,0.5517755261493935
17890,323,2,602.09,6.402066439321299,1.0986122886681096,2,-1.4332009866995288,1.8463473317374026
17891,162,1,203.85999999999999,5.3223268190083886,0.6931471805599453,2,-1.552589452396773,-0.06657399912257639
17892,56,3,244.1,5.501666290534067,1.3862943611198906,0,-0.3197055923133438,-0.6292122498656216
17893,225,1,112.25,4.7295977643631435,0.6931471805599453,2,-2.1467424493449854,0.3059872597520357
17894,72,8,1119.81,7.021806917181424,2.1972245773362196,1,1.0860055895205818,0.3299852484901207
17895,44,1,98.0,4.59511985013459,0.6931471805599453,0,-1.3374351342367305,-1.3164261286694907
17896,23,1,256.32,5.550320446542799,0.6931471805599453,0,-0.7692291073302044,-1.2129879876695657
17897,173,3,566.6,6.3414169452858875,1.3862943611198906,2,-0.4750397555586035,0.6457128009717084
17898,85,2,152.06,5.030830001381775,1.0986122886681096,0,-0.9525854244403101,-0.645847348168983
17899,159,1,155.8,5.054971107916307,0.6931471805599453,2,-1.6687094099933064,-0.17312113262582643
17900,190,2,112.19999999999999,4.729156165769083,1.0986122886681096,2,-1.6075775046563134,0.1812565570455185
17901,29,1,110.38,4.7129477781615225,0.6931471805599453,0,-1.2073529355136776,-1.4121309940831572
17904,21,1,191.67,5.260978880892669,0.6931471805599453,0,-0.9009250753221415,-1.3174002978892108
17905,71,4,800.24,6.686160527657778,1.6094379124341003,1,0.39021685472824447,-0.04244467881868744
17906,247,1,72.9,4.302712827954156,0.6931471805599453,2,-2.4616618230383263,0.3700198696803175
17908,374,1,243.28,5.498315108354934,0.6931471805599453,2,-2.4914794336980957,1.8392630120524003
17911,9,1,366.23,5.9059883547555305,0.6931471805599453,0,-0.5277789361938622,-1.228494378733778
17912,310,5,311.01,5.743035238577902,1.791759469228055,2,-1.059513298158653,1.8446798878715542
17913,59,2,411.6,6.022478600637151,1.0986122886681096,0,-0.34240033699440064,-0.5751604823975881
17914,4,1,336.43,5.821358081393286,0.6931471805599453,0,-0.5449554966834138,-1.2976231462735874
17917,45,3,341.28,5.835629115549854,1.3862943611198906,0,-0.10336286899636479,-0.6250186872093095
17919,88,1,1304.04,7.173988970628047,0.6931471805599453,0,-0.29017789236211766,-0.157038011792059
17920,4,17,4204.1,8.344053353337122,2.8903717578961645,3,2.693579671187272,0.44286360613953923
17921,64,4,826.52,6.718433276143438,1.6094379124341003,1,0.4398246120209409,-0.09393116659827729
17923,282,1,207.50000000000003,5.339939041238856,0.6931471805599453,2,-2.1241014796743007,0.9875639509253576
17924,12,7,2962.5,7.994126281227893,2.0794415416798357,3,1.743580287329876,0.045021457319841196
17925,373,1,244.08,5.501584687857454,0.6931471805599453,2,-2.4850476968166566,1.8315049574737714
17926,133,2,397.29,5.98718038316893,1.0986122886681096,0,-0.7173848547621997,0.061022936904332074
17928,45,2,212.54,5.363824168750156,1.0986122886681096,0,-0.596521046371285,-0.8954160347755804
17929,11,4,843.0,6.738152494595957,1.6094379124341003,1,0.7056771900439615,-0.5512471101969276
17930,36,5,1740.48,7.462490605387541,1.791759469228055,1,1.105167031244666,-0.033582512265293886
17931,134,2,408.36,6.014594964496837,1.0986122886681096,0,-0.7088251278856297,0.07799992703136885
17932,29,3,1331.57,7.19486468749322,1.3862943611198906,1,0.6380723490460339,-0.35648789099921
17934,52,2,704.25,6.558552349882106,1.0986122886681096,0,-0.046648828667706956,-0.47528193917988854
17935,138,2,145.79,4.989002993969142,1.0986122886681096,0,-1.2292392793435056,-0.19517360289106978
17936,5,1,389.84,5.968298269076143,0.6931471805599453,0,-0.4779987419159111,-1.2447351573918446
17937,9,7,4301.22,8.366886447525236,2.0794415416798357,3,1.94020389895926,0.1307946238494997
17939,160,1,99.14,4.606569206901799,0.6931471805599453,2,-1.8926209437753088,-0.29910133490260404
17940,49,10,4106.4400000000005,8.320555242379292,2.3978952727983707,3,2.0149360433696075,0.608895918363777
17941,131,1,304.56,5.722146158673159,0.6931471805599453,0,-1.207384841674669,-0.2174018432701122
17942,8,1,77.50000000000001,4.363098624788363,0.6931471805599453,0,-1.2767594584294617,-1.7007899222255012
17946,233,2,149.57999999999998,5.014494504421976,1.0986122886681096,2,-1.676044010834154,0.6428219760321435
17947,37,1,176.68,5.179984179586172,0.6931471805599453,0,-1.017845847880449,-1.2018886473507921
17948,147,1,358.56000000000006,5.884881061705198,0.6931471805599453,0,-1.2052258209028666,-0.028662590841148902
17949,1,45,58510.48,10.976978253283772,3.828641396489095,3,4.851077297245293,1.6272689418616308
17950,72,3,482.2,6.180430646620605,1.3862943611198906,0,-0.06542832440145194,-0.2854339759988524
17951,40,3,1008.5400000000001,6.917250060543926,1.3862943611198906,1,0.4492598545598627,-0.3437518589661076
17954,5,12,2332.72,7.755218839925959,2.5649493574615367,3,2.1039536409560395,0.12916888679754496
17955,199,4,557.3,6.324896452316315,1.6094379124341003,2,-0.4050785001087633,0.9677844715533226
17956,249,1,12.75,2.6210388241125804,0.6931471805599453,2,-3.2929515674405856,-0.11775170286845144
17957,66,1,111.68,4.724551943008172,0.6931471805599453,0,-1.380552824040353,-1.0852502533352948
17958,117,1,508.4599999999999,6.233351341239327,0.6931471805599453,0,-0.889943300776736,-0.18617767143695133
17960,171,1,73.78,4.314550469548967,0.6931471805599453,2,-2.088470902974117,-0.2906929612394416
17961,21,39,1296.44,7.1681483711962475,3.6888794541139363,3,2.765899002619001,0.5952300912135577
17962,142,1,102.83,4.642754946315362,0.6931471805599453,0,-1.7879240217494814,-0.4455564357501647
17964,32,2,471.7,6.158460937799191,1.0986122886681096,0,-0.14543668848311228,-0.7702955696327588
17965,38,14,2622.57,7.872291264684285,2.70805020110221,3,2.1322676098672373,0.5167673082151516
17966,38,5,1098.43,7.0025471426656845,1.791759469228055,1,0.8707822903870125,-0.15428994451221467
17967,372,1,123.07,4.82084592245478,0.6931471805599453,2,-2.8128042197833976,1.6182392834721202
17968,374,1,277.35,5.628879314629517,0.6931471805599453,2,-2.4276892398819525,1.8784905147768955
17969,166,2,228.2,5.434594984840585,1.0986122886681096,2,-1.14689550789984,0.18343359280381405
17970,211,1,582.59,6.369198681477835,0.6931471805599453,2,-1.277996805569262,0.6762334960108896
17972,242,1,136.04,4.920272854015864,0.6931471805599453,2,-2.135766904949223,0.5118614183528892
17973,52,1,337.04,5.823164231676282,0.6931471805599453,0,-0.7761198157534194,-0.877541924683976
17974,25,3,740.79,6.6090661842420575,1.3862943611198906,1,0.37120403183354506,-0.5674502969813676
17975,15,13,4488.81,8.40956566358259,2.639057329615259,3,2.44296580205942,0.44630822264443065
17976,372,1,353.19,5.869833492313257,0.6931471805599453,2,-2.3002968312632115,1.9334034768502533
17977,29,1,288.14,5.6669109998802965,0.6931471805599453,0,-0.7412719126724309,-1.1255164927064008
17978,365,1,300.91999999999996,5.71016208162024,0.6931471805599453,2,-2.344467878018344,1.8242481206880254
17979,36,4,757.71,6.631619622697395,1.6094379124341003,1,0.5327703807539176,-0.3647448206294794
17980,166,3,811.45,6.700054373848785,1.3862943611198906,1,-0.26597890778345484,0.6922812988746775
17984,145,1,152.68,5.034872518460301,0.6931471805599453,0,-1.6108487416759187,-0.30152509134403077
17985,22,1,634.95,6.455119943897493,0.6931471805599453,0,-0.3223338633992282,-0.9498849209820309
17986,56,1,20.8,3.0819099697950434,0.6931471805599453,0,-2.134760868834917,-1.6661794483662924
17987,185,1,198.57,5.2961650519798935,0.6931471805599453,2,-1.6765604655705342,0.12659469930089146
17988,12,7,201.12,5.308861580423708,2.0794415416798357,1,0.43163147226406523,-0.761755770316806
17990,237,3,630.84,6.448636197538339,1.3862943611198906,2,-0.7320509591811396,1.2373111651064568
17991,225,2,93.35,4.547011271814559,1.0986122886681096,2,-1.8657694082826464,0.4324453806267342
17994,122,4,678.49,6.521342516779448,1.6094379124341003,1,0.0631414860342339,0.35379612897507395
17995,282,1,76.1,4.345103280569283,0.6931471805599453,2,-2.610151736471951,0.6886694558290544
17997,74,8,1970.6699999999998,7.586636178360023,2.1972245773362196,1,1.3522975083718682,0.5171667543052334
17999,37,2,382.06,5.948191634874515,1.0986122886681096,0,-0.27234020678697274,-0.7897682209835087
18001,12,2,417.23,6.036031520433107,1.0986122886681096,0,-0.10856629276472936,-0.9818867448429043
18004,362,1,169.47,5.138559328162834,0.6931471805599453,2,-2.6092348373793315,1.6262911588417313
18005,4,2,249.72,5.524336778607711,1.0986122886681096,0,-0.31989225611401645,-1.205546514464185
18006,23,1,444.68,6.09960120571256,0.6931471805599453,0,-0.5008651576177602,-1.047958741970094
18008,70,9,2116.19,7.657845016753332,2.302585092994046,3,1.5026171088115203,0.5507146411556614
18009,235,1,257.34,5.5542765468038695,0.6931471805599453,2,-1.7921694344154182,0.6411626282933942
18010,257,1,174.8,5.169346985251076,0.6931471805599453,2,-2.0865905293685882,0.7178005657340063
18011,373,1,102.78999999999999,4.642369626977198,0.6931471805599453,2,-2.904837291738514,1.573357168709026
18013,155,2,187.29,5.237983327508337,1.0986122886681096,0,-1.1897773456520901,0.02821813712561989
18014,28,1,166.42,5.12050562523191,0.6931471805599453,0,-1.0033967186724686,-1.2984222273176014
18015,4,1,120.03,4.7960384487505126,0.6931471805599453,0,-1.0458993614378074,-1.605676400918178
18016,32,5,1483.56,7.302873711036083,1.791759469228055,1,1.046519697472417,-0.11650032852977561
18017,81,3,523.0,6.261491684321042,1.3862943611198906,0,-0.06933282706154964,-0.18241602371883087
18018,108,2,122.14,4.813321919483064,1.0986122886681096,0,-1.1700431508554172,-0.5101678981548988
18019,52,1,38.45,3.6750340472918834,0.6931471805599453,0,-1.8256390118185988,-1.5229391975268451
18022,36,1,668.11,6.5059484711261995,0.6931471805599453,0,-0.36518070256380775,-0.8122482732129926
18024,153,2,389.78,5.968144741786365,1.0986122886681096,0,-0.8233713104887164,0.23011149109893647
18027,99,1,115.31,4.7562590403509475,0.6931471805599453,0,-1.5245937254928048,-0.7872912130827654
18030,4,2,230.64999999999998,5.4452276118626575,1.0986122886681096,0,-0.35854288803903067,-1.2293145527540807
18032,334,1,73.5,4.310799125385514,0.6931471805599453,2,-2.878295818718759,1.1328630256057772
18033,65,1,97.97,4.5948167739086,0.6931471805599453,0,-1.4391036649563216,-1.132969061990633
18034,22,2,422.88,6.049450396306635,1.0986122886681096,0,-0.1503532615687913,-0.8904512273922175
18035,36,3,730.4,6.594960505715281,1.3862943611198906,1,0.3111349914055994,-0.4755440368504176
18036,32,3,405.62,6.007879088376076,1.3862943611198906,0,0.04363987653806586,-0.6868918893291299
18037,154,6,70.02,4.262961527514942,1.9459101490553132,0,-0.8877500560916737,0.10543016170006261
18040,19,2,357.20000000000005,5.881091489626612,1.0986122886681096,0,-0.21810601715175593,-0.9672551600167875
18041,12,21,4183.39,8.339116213637862,3.091042453358316,3,2.8357005985598605,0.6010390945672943
18042,54,1,165.04999999999998,5.112288947822756,0.6931471805599453,0,-1.1331031612467384,-1.0736408365559014
18043,25,3,559.51,6.328847083566265,1.3862943611198906,1,0.23429644243265124,-0.6516410246613411
18044,4,10,2088.6,7.644727939082112,2.3978952727983707,3,1.9022886563067891,0.01252885058737474
18045,45,1,189.4,5.249127122357265,0.6931471805599453,0,-1.0227389068870048,-1.1111918267526426
18048,203,2,172.29000000000002,5.1549664916521545,1.0986122886681096,2,-1.4623839166246033,0.4228146258407654
18050,359,1,74.4,4.32280727501391,0.6931471805599453,2,-2.993286642041978,1.354980499285278
18053,71,1,300.02,5.707176707724217,0.6931471805599453,0,-0.9246400717279177,-0.7463225695283365
18055,7,10,6784.1900000000005,8.822497574824574,2.3978952727983707,3,2.4632126100630964,0.3926062702896965
18056,288,1,363.65,5.898937989430242,0.6931471805599453,2,-1.879995326133665,1.207955309683145
18058,10,1,170.16,5.142598791548616,0.6931471805599453,0,-0.9055850525285335,-1.4491113863754916
18059,23,3,306.46,5.728344997484453,1.3862943611198906,0,-0.04942426857748769,-0.8495402905426261
18061,22,10,2119.41,7.659364745193834,2.3978952727983707,3,1.8224222764470868,0.17425338553133815
18062,173,3,720.52,6.581360097857453,1.3862943611198906,1,-0.35780992171572545,0.7178027783076898
18064,133,2,814.0,6.703188113240863,1.0986122886681096,0,-0.3675625475741928,0.2761446458594474
18065,6,14,2392.83,7.780649872736044,2.70805020110221,3,2.2421919038133584,0.2095416315519851
18066,75,1,318.0,5.765191102784844,0.6931471805599453,0,-0.9156330130884734,-0.6939308249298106
18067,40,1,396.33,5.98476716966025,0.6931471805599453,0,-0.6391532352926528,-0.9338735996923558
18068,289,1,101.69999999999999,4.631812116934513,0.6931471805599453,2,-2.503913586972811,0.8359927073422434
18069,26,5,2036.67,7.619562277217285,1.791759469228055,1,1.2302511409124361,-0.0737948145993828
18071,258,2,453.0,6.118097198041348,1.0986122886681096,2,-1.2577108128449221,1.192904741044221
18072,186,1,247.44,5.515201367691102,0.6931471805599453,2,-1.5743794628138845,0.20114368654776052
18073,114,12,3877.5200000000004,8.263208916550349,2.5649493574615367,3,1.8252045544845414,1.234494680447206
18074,374,1,489.6,6.195629131824389,0.6931471805599453,2,-2.150790373678967,2.0487682703155286
18075,23,10,2611.75,7.868158585474613,2.3978952727983707,3,1.9195990785004433,0.24572506128283647
18077,8,11,2633.0099999999998,7.876262678803233,2.4849066497880004,3,2.075512438381899,0.15596376863481534
18078,217,2,336.13,5.820468612643942,1.0986122886681096,2,-1.2049176087284068,0.7451275395023689
18079,45,4,3651.97,8.20329581433342,1.6094379124341003,1,1.2571407421469865,0.1861225972936028
18080,19,2,1231.5,7.116799905916845,1.0986122886681096,1,0.38562820392272756,-0.5959914220458749
18081,36,3,343.45,5.841948942039205,1.3862943611198906,0,-0.05676640334323839,-0.7017834022057147
18082,26,1,703.37,6.557303786277275,0.6931471805599453,0,-0.29174678918250324,-0.8842226394998531
18084,16,1,90.47999999999999,4.516120369154581,0.6931471805599453,0,-1.2406715689548837,-1.584892045288983
18085,330,2,689.95,6.538067462249494,1.0986122886681096,2,-1.4005946609832218,1.948391012908234
18086,274,1,101.34,4.628300603376946,0.6931471805599453,2,-2.433114607725237,0.7038318835065993
18087,98,2,4055.7199999999993,8.308130044310031,1.0986122886681096,1,0.585770094454087,0.452429601213031
18088,61,1,167.67000000000002,5.127944143269923,0.6931471805599453,0,-1.1592946016182826,-1.0077545863540556
18092,2,11,9068.26,9.11264595212913,2.4849066497880004,3,2.7085822211295585,0.47498794339595757
18093,93,4,2106.52,7.653267179747945,1.6094379124341003,1,0.7563646444305525,0.440407226198583
18094,82,7,3017.3,8.012449037966114,2.0794415416798357,1,1.4141307791163211,0.6623535400494934
18095,313,2,580.0500000000001,6.364836811668883,1.0986122886681096,2,-1.4030473170531934,1.7477579674788528
18096,12,3,911.15,6.8158044502342285,1.3862943611198906,1,0.5350568388681171,-0.6189616269408712
18097,8,6,2697.8,7.9005625087532705,1.9459101490553132,1,1.5952937844508264,-0.0777634036902191
18099,127,1,168.31,5.131731354140141,0.6931471805599453,0,-1.4765085607456427,-0.42975119883269514
18101,11,2,223.65,5.414543635516169,1.0986122886681096,0,-0.4073744135789428,-1.1773507246283406
18102,1,60,259657.3,12.467121814869783,4.110873864173311,3,5.836793241268105,2.2011851754286087
18104,37,1,754.64,6.627565072288651,0.6931471805599453,0,-0.31059637771679377,-0.766968656392533
18105,38,1,113.48000000000002,4.740400135248196,0.6931471805599453,0,-1.2374492117398617,-1.3252195592387828
18106,330,1,430.7,6.067730902561432,0.6931471805599453,2,-2.0005685158031334,1.6257647266434405
18108,254,1,271.0,5.605802066295998,0.6931471805599453,2,-1.8588472788061121,0.8227106191110637
18109,2,26,8052.97,8.99392041654725,3.295836866004329,3,3.390935963352232,0.8019483529395102
18110,20,1,236.3,5.469325163441718,0.6931471805599453,0,-0.7942983232234233,-1.263543862884301
18112,12,2,352.69,5.868420823264403,1.0986122886681096,0,-0.19045641535747806,-1.0322447201827338
18113,369,1,76.32000000000001,4.34795265434013,0.6931471805599453,2,-3.029344353575792,1.4499391986191514
18114,290,1,220.1,5.3986150878634005,0.6931471805599453,2,-2.1341083853689575,1.0751160337058374
18116,68,8,1418.03,7.25772881858561,2.1972245773362196,1,1.2206079768088918,0.36590550914480013
18117,26,1,320.72,5.773681602035868,0.6931471805599453,0,-0.6746037178744526,-1.1196588455198861
18118,11,26,5653.82,8.640263557804902,3.295836866004329,3,3.1746398745087645,0.7743570214527915
18119,368,1,181.12,5.204665810466581,0.6931471805599453,2,-2.605942815265848,1.698594913039443
18120,214,1,111.15,4.719837260966218,0.6931471805599453,2,-2.098333789767229,0.20691049904402528
18121,149,2,673.1,6.513378467859393,1.0986122886681096,0,-0.5376474036948615,0.35896327403774186
18122,8,6,1826.21,7.510545492301356,1.9459101490553132,1,1.404741857694275,-0.1949424837153498
18123,24,2,589.4399999999999,6.380868021668796,1.0986122886681096,0,0.0018999485696295374,-0.7733973303695358
18125,30,4,1142.99,7.042277430642797,1.6094379124341003,1,0.7624126929988838,-0.29380661726219953
18126,61,1,206.82999999999998,5.336720437830982,0.6931471805599453,0,-1.0572920645197306,-0.9450285690374837
18127,19,3,348.73,5.857161428207895,1.3862943611198906,0,0.03284923831978079,-0.8457994476841328
18129,243,1,112.55000000000001,4.732243268551567,0.6931471805599453,2,-2.232467459955189,0.46410905515284157
18130,15,3,1059.39,6.966392043966783,1.3862943611198906,1,0.5941270042555554,-0.547497015459177
18133,212,1,931.4999999999999,6.83786915151797,0.6931471805599453,2,-1.0538512036154797,0.8257840839910476
18135,29,5,681.9100000000001,6.52636307929225,1.791759469228055,1,0.6816402061755582,-0.3760210572238307
18136,63,3,784.33,6.666104011612187,1.3862943611198906,1,0.21536751334607712,-0.21817880396705247
18138,295,1,152.65,5.034677288576494,0.6931471805599453,2,-2.3360902382798296,1.0094742864618278
18139,18,6,8438.34,9.040659385480165,1.9459101490553132,3,2.103971679590202,0.3521780918472675
18142,157,2,1019.52,6.928067580294015,1.0986122886681096,1,-0.3737158072755184,0.5534780834911857
18143,117,2,1000.16,6.908914606701983,1.0986122886681096,1,-0.1897011434016965,0.19810817214159349
18144,8,12,2888.75,7.968925272174377,2.5649493574615367,3,2.193861989772626,0.21959730528650462
18145,13,4,2861.55,7.959468114958852,1.6094379124341003,1,1.2927108595244388,-0.16682685742127656
18146,141,2,160.35000000000002,5.083575918497971,1.0986122886681096,0,-1.1975363894675364,-0.14053837866256952
18147,46,2,179.33999999999997,5.19484395807176,1.0986122886681096,0,-0.6839145842066077,-0.9374450881755261
18149,51,3,612.0799999999999,6.4184954331307065,1.3862943611198906,1,0.1524042455586068,-0.3974564711050392
18150,32,3,566.58,6.341381708583334,1.3862943611198906,1,0.20658037446038285,-0.5866923375829686
18151,135,2,653.35,6.483642376501489,1.0986122886681096,0,-0.4844953621272329,0.22766376574357666
18154,3,2,399.19,5.991939434331194,1.0986122886681096,0,-0.0865997449627196,-1.0737975208842636
18155,75,3,371.62,5.920559133592207,1.3862943611198906,0,-0.20689754665305407,-0.3372901902486562
18156,13,2,734.94,6.601148593666668,1.0986122886681096,0,0.16270055080774468,-0.8033591539192145
18158,9,2,453.4,6.118977867406942,1.0986122886681096,0,-0.053537994527467804,-0.983187001508577
18159,301,1,530.15,6.275044467226023,0.6931471805599453,2,-1.7590857144946004,1.434580052631324
18160,57,2,638.0600000000001,6.459998346683129,1.0986122886681096,0,-0.1189712268846132,-0.4611901677121715
18161,15,5,1618.69,7.3899900518904555,1.791759469228055,1,1.1712656474902488,-0.23891314341333655
18164,37,1,399.65000000000003,5.99308822822408,0.6931471805599453,0,-0.6205848654468568,-0.9575947310215129
18165,177,1,302.46000000000004,5.715249806097095,0.6931471805599453,2,-1.433132357031215,0.18258397174712623
18167,23,3,1384.8600000000001,7.234076164546975,1.3862943611198906,1,0.6862358768985724,-0.3971492781537959
18168,176,6,1169.94,7.065562124027093,1.9459101490553132,1,0.3751711893983343,1.1397490097643785
18169,61,1,202.65,5.316402834094422,0.6931471805599453,0,-1.0672187045784083,-0.9511329132423185
18170,33,3,980.31,6.888888413724063,1.3862943611198906,1,0.4692432612067958,-0.41345571255301056
18171,59,5,1231.31,7.116645735818236,1.791759469228055,1,0.8250073684195788,0.06353865419124466
18172,15,20,7561.68,8.930980903708734,3.044522437723423,3,3.0678953397421043,0.7842808977336975
18173,87,4,2106.84,7.653419005452328,1.6094379124341003,1,0.7854446669253711,0.38801052028057553
18174,7,1,104.0,4.653960350157523,0.6931471805599453,0,-1.1298178586361929,-1.6221420466688716
18176,358,1,476.35,6.168249974444042,0.6931471805599453,2,-2.086818182109988,1.9006961197886088
18177,31,6,1341.42,7.202229234290873,1.9459101490553132,1,1.1429176749620502,-0.08654599338425548
18178,129,4,1590.81,7.372627012548272,1.6094379124341003,1,0.44521626614477017,0.670743918861837
18179,9,6,1793.17,7.4922977984414185,1.9459101490553132,1,1.3909922130560142,-0.191684544739061
18180,5,6,1843.75,7.520099045938476,1.9459101490553132,1,1.423912391807338,-0.2182933167428134
18181,24,1,382.8,5.950121583573599,0.6931471805599453,0,-0.5787312272598217,-1.0841289201707278
18183,227,2,632.07,6.450581000548326,1.0986122886681096,2,-0.9454045522033627,1.0218461993519259
18184,15,1,49.8,3.927896354584436,0.6931471805599453,0,-1.5232278486478439,-1.7703620259387611
18185,249,1,304.25,5.721131112990814,0.6931471805599453,2,-1.7783290411136963,0.8136588435443108
18188,15,3,2001.04,7.601921939695548,1.3862943611198906,1,0.90462998498239,-0.35655455559564575
18189,78,2,1090.24,6.995069943308846,1.0986122886681096,1,0.040930048699692974,-0.11688188432427853
18190,192,2,284.46000000000004,5.654101914201623,1.0986122886681096,2,-1.1653422612616482,0.4766336463820521
18191,262,1,207.79999999999998,5.341376856008484,0.6931471805599453,2,-2.0267128533407903,0.8131881988753749
18192,72,1,957.97,6.865859791808101,0.6931471805599453,0,-0.36337268393899913,-0.3894604030561902
18193,165,1,243.76,5.500278138594339,0.6931471805599453,2,-1.480150099346607,0.013111936266291962
18194,82,1,973.8399999999999,6.882273354967445,0.6931471805599453,0,-0.40369652829393604,-0.29712514357807296
18196,95,2,689.13,6.536879985642264,1.0986122886681096,0,-0.2651125875379993,-0.10595667948199278
18198,4,17,5425.56,8.599060694675584,2.8903717578961645,3,2.8181694664509886,0.5194795597959603
18200,106,1,163.8,5.1047326174753715,0.6931471805599453,0,-1.3881789686641877,-0.6214109879123887
18202,200,3,1396.99,7.242790769692349,1.3862943611198906,1,-0.16517881185615876,1.1525174706697887
18203,157,1,160.42000000000002,5.084009663896226,0.6931471805599453,2,-1.6448533301040944,-0.18187738637313025
18204,71,3,1993.7,7.598248942076519,1.3862943611198906,1,0.6321142408434396,0.13180357267611334
18205,36,2,517.36,6.2506699815672135,1.0986122886681096,0,-0.11972303520522404,-0.7076301771976159
18209,29,1,139.10000000000002,4.942356453342962,0.6931471805599453,0,-1.0952699667545935,-1.343206059083919
18210,2,6,2621.38,7.871837581358896,1.9459101490553132,1,1.6102653944679042,-0.13883601660584424
18211,26,5,600.07,6.3987114002985646,1.791759469228055,1,0.6337759178679838,-0.44059466324867225
18212,326,1,248.42,5.519138222492601,0.6931471805599453,2,-2.249259058726559,1.4259806640365158
18213,237,1,232.48000000000002,5.453096420335591,0.6931471805599453,2,-1.8512719642694495,0.6282442306670282
18215,89,1,299.34000000000003,5.7049151662521345,0.6931471805599453,0,-1.0127625341565014,-0.5896750767140444
18216,31,1,481.75,6.179498921308624,0.6931471805599453,0,-0.5005037210582747,-0.9540306921374511
18217,29,2,621.75,6.43414515414229,1.0986122886681096,0,0.0037581994618929937,-0.7136884908079079
18218,211,2,662.08,6.496895646556665,1.0986122886681096,2,-0.845427531015715,0.8959150624740957
18219,3,10,2069.77,7.635675797768084,2.3978952727983707,3,1.9027003285666655,0.0010687834074888936
18220,227,1,305.28000000000003,5.724499716244923,0.6931471805599453,2,-1.6703284681170458,0.6223824155227128
18221,22,5,1041.61,6.949482463694109,1.791759469228055,1,0.9222052201994625,-0.31007920907022685
18222,93,1,443.0,6.095824562432225,0.6931471805599453,0,-0.8411118440980708,-0.4372663371366523
18223,5,14,6484.54,8.777330362366365,2.70805020110221,3,2.733977753466363,0.50024998132332
18224,264,1,158.95000000000002,5.074861266395527,0.6931471805599453,2,-2.1665938870406647,0.7505954110311888
18225,3,12,5509.12,8.614341680494203,2.5649493574615367,3,2.533366794322686,0.3698081945471609
18226,44,11,5228.05,8.561984896200169,2.4849066497880004,3,2.2365029836875245,0.6766402424390886
18227,218,1,93.75,4.5512418439625355,0.6931471805599453,2,-2.200042249911099,0.19121821606875078
18228,57,2,779.9,6.660447100668629,1.0986122886681096,0,-0.02103730432050305,-0.400966127238541
18229,12,20,7276.900000000001,8.892597638039238,3.044522437723423,3,3.0636452206627633,0.7465276357127982
18230,9,7,2810.2000000000003,7.941366717432833,2.0794415416798357,1,1.7323062918761805,0.0029488930186316858
18231,192,5,2083.27,7.642173953022541,1.791759469228055,1,0.43880357233782435,1.3839029986793658
18232,82,4,592.97,6.386828813036717,1.6094379124341003,1,0.1907939696056776,-0.036233460439495734
18233,326,1,440.0,6.089044875446846,0.6931471805599453,2,-1.9708178466488355,1.5972068784742988
18235,72,3,1796.48,7.494140962968628,1.3862943611198906,1,0.576415547584933,0.10926512633676064
18236,30,6,882.24,6.783596964352348,1.9459101490553132,1,0.9432194048901764,-0.2210628007684764
18237,3,5,987.1,6.895783907200917,1.791759469228055,1,0.9878213765868152,-0.49228008031593934
18239,219,5,1561.6100000000001,7.354112779132593,1.791759469228055,1,0.1675382545788024,1.5333465970118583
18240,46,1,422.58,6.0487423982594555,0.6931471805599453,0,-0.6369024869766615,-0.8622101722954343
18241,10,17,2073.09,7.637277782254905,2.8903717578961645,3,2.3192621064985017,0.28295798442950243
18242,72,4,2232.4900000000002,7.711320663504336,1.6094379124341003,1,0.8862484861794012,0.2743010425326032
18245,7,7,2567.06,7.850906029022887,2.0794415416798357,1,1.6977782236284915,-0.04171043913455734
18246,24,2,596.1,6.392084603552947,1.0986122886681096,0,0.007380071742437481,-0.7700273524178857
18248,123,2,804.02,6.690867121830435,1.0986122886681096,0,-0.3252391816618634,0.1850389834815736
18249,17,1,95.34,4.567883601202075,0.6931471805599453,0,-1.2202157398242426,-1.5605995987310184
18250,310,1,349.27,5.858704285656805,0.6931471805599453,2,-2.0060072054008407,1.3881557631147436
18251,87,1,4314.72,8.370019449389407,0.6931471805599453,1,0.29900505261095794,0.1935642588699683
18252,51,2,526.67,6.268471088312343,1.0986122886681096,0,-0.1835404998019029,-0.5711761012395777
18255,89,1,103.3,4.647271362006727,0.6931471805599453,0,-1.5294991282531307,-0.9074400016991472
18257,39,8,2337.63,7.757320566811742,2.1972245773362196,3,1.6048901142418357,0.26253466687963817
18259,25,3,2338.6000000000004,7.757735253568871,1.3862943611198906,1,0.9324131461360362,-0.22233718878539746
18260,173,6,2643.2000000000003,7.880123841075997,1.9459101490553132,1,0.7876472720445095,1.3582597161627026
18261,43,2,324.24,5.784563371339637,1.0986122886681096,0,-0.38129046287130214,-0.7864873684326958
18262,140,1,149.48,5.013830184992775,0.6931471805599453,0,-1.5969579282963808,-0.35154911221062624
18263,26,3,1213.1599999999999,7.10180775865179,1.3862943611198906,1,0.6071101342867983,-0.4106676402805204
18265,72,2,801.51,6.687744315985722,1.0986122886681096,0,-0.08021522318264317,-0.2616589827749172
18268,134,1,25.5,3.2771447329921766,0.6931471805599453,0,-2.416450341794472,-0.9257717533309108
18269,366,1,168.6,5.133442723357803,0.6931471805599453,2,-2.631071903880648,1.6597154426032337
18270,38,2,283.15,5.649502267743131,1.0986122886681096,0,-0.42310618386849735,-0.8707678807489612
18272,3,6,3078.58,8.03254850303289,1.9459101490553132,1,1.6839501631019165,-0.08181066480842153
18273,2,3,204.0,5.3230099791384085,1.3862943611198906,0,-0.1459397073414108,-1.1548697287849388
18274,30,1,175.92,5.175697653000126,0.6931471805599453,0,-0.9860999786897429,-1.2643592256663811
18276,44,1,335.86,5.81966741377024,0.6931471805599453,0,-0.7391538085177473,-0.948515625022192
18277,58,1,110.38,4.7129477781615225,0.6931471805599453,0,-1.3475478505935927,-1.15865977420408
18278,74,1,173.9,5.164214382024556,0.6931471805599453,0,-1.2044199253779264,-0.8832323060427899
18280,278,1,180.60000000000002,5.201806466167193,0.6931471805599453,2,-2.1722521472470575,0.9111010139660791
18281,181,1,80.82,4.404521712501253,0.6931471805599453,2,-2.092856424073831,-0.17625758591167986
18282,8,2,178.05,5.187665096444442,1.0986122886681096,0,-0.5037183029713191,-1.2717366508527057
18283,4,16,2094.88,7.647728791893583,2.833213344056216,3,2.301189772278864,0.20809558078751017
18287,43,3,1837.28,7.516585630812605,1.3862943611198906,1,0.7275763295954462,-0.13746268128468456
